gvkey,GroupCount,mean_F,median_F,mode_F,std_F,min_F,max_F,skewness_F,kurtosis_F
1045,2662,18310.6530803907,18597.5,17704,1535.11552633896,13013.5,20457.5,-1.98971785655523,7.61712387251266
1075,742,4201.40283760108,4262.62925,3928.7865,330.760067115283,3699.2485,4771.6985,0.104065393034809,1.84531812025405
1078,2466,15944.9359091646,15519.331,20498.2885,5797.16062797106,9759.1665,27203.886,0.637818803492585,2.03682928501487
1161,799,4461.43176095119,5042.5,5157.5,1103.65039966499,2348.3495,5601.5,-0.948357111678058,2.15427017640473
1177,4266,22705.7564111581,20629.75,18149.3,4644.2727383842,17610.45,36436.8,1.17577398707088,3.61179696146615
1209,4836,4927.73554590569,4907.05,4980.25,1237.58411588394,2713.75,7674.85,0.17197001170878,2.16156414229678
1300,3189,17044.6580432738,18320,9770.5,3588.37510819886,9770.5,21917.5,-0.496650512935882,1.89289898790389
1356,3866,13275.087816865,13631,12728,1222.86328051403,10431.5,15384.5,-0.822672629719406,2.72933261812996
1380,2400,11844.3154166667,12006,10184,1754.96384837393,8211,15437,0.217556476075508,2.51890178450492
1408,2389,4077.7674968606,4312.6,3002.8,1363.10999484177,1943.95,6297.5,0.115110968030787,1.68545286398982
1440,3542,20774.5808441559,20628.5,22666,4150.92290884452,15013.5,32743,0.793383698165947,3.18617888187965
1447,2147,91087.3898462972,89128.5,78303.5,12752.9858874785,70078.5,118223,0.387636330750242,2.32969923600252
1449,452,27990.2754424779,27489.5,27489.5,954.579521040456,25816,29941,0.61030437519266,3.06969390217865
1468,1855,680.063407277628,656.719,582.7425,106.134186325921,536.844,966.238,0.487258901871298,2.41708714530672
1487,3179,347558.538707141,356231,403038.5,101195.373514122,213043,534506,0.170719887032892,1.68788430323504
1602,3022,12095.605741231,10576.5,12294.5,7203.84654671026,1114.4,27000.5,0.654951616813994,2.33771124653408
1632,754,754.134874668437,619.8935,614.9885,286.607931809802,478.6895,1285.2255,1.19527122970127,2.62998381081783
1661,3143,2911.24706076998,3196.435,3435.6205,1013.21350632194,1243.288,4522.1485,-0.218627800980603,1.57655868651175
1678,2902,7522.62112164023,6928.5615,7479.741,4686.49280079797,2249.658,17893.5,0.900752008689638,2.73997188670342
1690,298,8426.30033557047,7785,7785,1954.35747048942,5967.5,11885,0.49902797928939,2.08850440521759
1704,3123,2868.88154723023,2658.2685,1942.2325,803.069558892057,1608.945,5746.5,0.86470736365841,4.34626483783831
1722,4755,14706.8799528917,16606,7630.577,4820.55725444874,5712.45,23332.5,-0.36610532945238,1.80464703308821
1773,4040,4289.01724851485,3704.9745,2479.3645,1629.31268841963,2319.754,8214.984,0.579318413213764,2.14640529355494
1891,1524,15955.9273471129,14128.6,13291.9,5812.55790596988,8735.6565,28394.95,0.888599799159234,2.54022239153788
1913,1788,2518.82133668903,2140.45,3205.9,578.850194771853,1917.05,3779.2,0.674499125086489,1.95306459247749
1919,4758,3872.84009289615,3607.335,2042.5055,1304.82552590936,1986.5395,6676.963,0.293552914126981,1.81028135198707
1920,4617,3271.30578297595,3215.4,2189.8,808.419907364872,2117.4,4842.35,0.21867852004855,1.72548938108768
1932,626,15459.8593626198,15474.3565,16153.738,860.308087047774,13173.07,16343.48,-1.56801632687118,5.132148946562
1976,3478,3895.45596607246,2725.5,1861.65,2095.32947061098,1851.15,7660,0.640173501476891,1.65089126197224
1988,1822,2851.77560373217,3017.75,3322.25,525.913556480216,2058.35,3782.35,-0.0788078093359104,1.57664206792856
1995,2585,9029.32056092842,8000.85,7447.35,2462.78547566344,5397.65,15851.35,0.649987997410076,2.64542373155554
2002,2507,33458.8559260072,32572.1805,32321.451,3491.34698423991,28299.0375,41119.5095,0.687724393151879,2.20737062839212
2019,695,156008.348920863,154986,189110.5,29692.0139328251,74055,215770,-0.143599337287311,3.78835273323832
2025,334,986.968829341317,994.578,944.061,101.718141569748,607.8205,1159.3735,-1.52185061094978,7.03204297832589
2055,930,2673.01182795699,1748,1748,1569.83930648697,1069.5,5669,0.499630845203377,1.62830682573487
2085,1139,1332.60324846356,1349.1,1382.45,84.9543140066976,1165,1559.1,0.0573842937305372,3.99826889647202
2086,4390,6997.88246013667,6555.5,6545.5,2165.17157746573,4108.5,14153,1.25427931439809,4.01503732199119
2111,263,2168.46253992396,2175.9055,2154.865,59.9611296897348,2084.604,2282.325,0.191993932377222,2.37883622413452
2136,1353,71764.6311899483,67362,64415.5,8854.13408582321,62653.5,90683,0.840293685277217,2.23923571007698
2137,2217,11480.3066985372,11487.6204719176,11485.5175016511,1076.22257858155,9053.24132691819,13755.4992667644,-0.0832511080111795,2.83066565602249
2150,1245,1145.17513333333,1140.624,1087.997,66.1514067511268,1071.308,1317.6325,1.21730529013032,3.77006054485368
2154,1575,1016.34268920635,1046.6315,943.023,212.878555916601,721.4695,1603.0855,0.798123323550086,3.7586206377305
2176,483,88478.3612836439,88759,88263,758.890655759016,85814,89304,-1.57361287908869,5.58503715477971
2184,2855,8438.83117338003,8353.5,9452,3069.69236856159,3832.5,14969,0.30277546057427,2.26287585805976
2259,1358,1122.65086561119,1029.0775,867.2815,291.441252569648,748.3445,1791.513,0.682522246204627,2.2526733343132
2269,2150,3121.82131069769,2672.3345,9390.941,1604.57213757055,1441.844,9390.941,2.34480120411217,9.23998179574568
2285,4872,56325.0057471264,47454,28220.5,25734.9310059977,21156,133368,1.08209539439914,3.63635565518382
2290,1428,2730.38333963586,2653.0685,4037.115,410.377091067019,2206.649,4037.115,1.81480110013456,6.66618079940683
2338,2632,3867.76512556991,3752.9625,3273.486,655.30577180029,2763.5115,5271.1085,0.632214051549649,2.58946407604236
2369,1227,21176.4339853301,22815,23999,5524.61718844264,11684,28565.5,-0.496153540757172,1.87754267889806
2393,1229,785.759296175754,793.5965,866.294,106.187586517708,560.0595,953.3205,-0.397254173143028,2.2356612187063
2403,3404,12394.3636897767,12049,11955,1518.07336116253,10481.5,17898,1.37825922689387,4.9195226094756
2408,3558,6743.68792339438,6777.04692715492,5058.43025555819,1478.1108950544,4329.26598562239,9408.29542826305,-0.0759289106699083,1.70501798786943
2410,4872,105720.158148604,112230,102948.5,24143.2069691872,50037.5,139199.5,-0.813323615287267,2.60820708132123
2411,4499,29578.2604395421,29172.7875,29408.2935,4276.49723697259,22344.6135,43253.958,1.26546796168109,5.27590335281866
2444,2800,1748.64292857145,1713.05,1544.3,150.131676841385,1466.65,2130.65,0.203604917418821,2.36751668838219
2504,1576,2807.48045685279,2852.25,2451.2,195.472014045402,2307.55,3164.3,-0.814635936826484,3.31411613736252
2547,3299,28269.6273113065,25264.5,27510.5,8902.35652685341,20211,47600.5,1.34243247590801,3.12309900082714
2558,4791,24771.8686078063,23236.5,23236.5,3276.44900926934,21448.5,32667,0.871156398258906,2.28120471856719
2574,3315,10144.7298642534,10020.5,11856,1154.90826638085,8439,12098,0.383381582514231,1.76589422095773
2593,1890,994.979365079365,887.5,886,263.639840869347,767,1727.5,1.84538984642771,5.11496483056403
2663,4870,4607.42114989733,4248.5,3137,1264.88431892371,3137,8417,1.80860465872994,5.53732753870577
2696,3145,7031.36876122594,7306.37993969212,5029.09579230081,1518.30943875645,4405.66275696809,9342.24598930479,-0.312596502035134,1.97722817488412
2697,1688,6541.03068423277,7101.17566291942,6000.34450090432,2380.53815952466,1791.6913507109,10578.2446495189,-0.520507445831566,2.31282390770793
2698,492,2982.89772279973,2950.01492091913,3242.60551678298,202.94751178063,2546.7424186527,3246.48644179894,-0.223015220568646,2.07599637030352
2710,1602,3517.68414637952,3673.7,2946.532,668.829927148703,2105.428,4531.25,-0.518565034268128,2.31924512729198
2721,4636,10976.1008348792,10427.794,8815.73,2258.18456134802,6794.12,15130.7975,0.272059319209481,1.72112681471086
2751,4838,16946.6988218272,14684,10559.85,6888.33926719325,6674.85,32465,0.796201399503085,2.5451865412337
2783,2068,10659.0639601064,10621,10971.5,1075.1590156307,8517.5115,12801,0.168006078215214,2.45351530711398
2787,1730,589.779306358384,596.1,662.1,37.8280424773448,528.55,692.85,0.184413790050738,2.22543688747063
2812,560,1900.82896607143,1669.038,2622.3025,446.726554306604,1377.5125,2622.3025,0.359450165433991,1.63700630696559
2817,2411,32889.0207382829,32740,19909,9099.7704202827,18450,48322.5,0.0838702087185016,1.88212395203804
2884,2052,2912.87540862574,2547.334,2775.6875,1258.30603643403,2357.3985,7871.1555,3.46079777088232,13.2436883541277
2968,900,1069164.35166667,1014682.5,1050932.5,229514.636774318,858072,1760895.5,1.83820082082655,5.96210580383296
2991,2799,56995.9869596284,57380.5,47853.5,10454.1962616732,34360,72606,-0.11977798936532,1.91279884331732
3062,557,911.143595152603,886.8335,961.985,52.9155514394248,834.321,994.745,0.0573494874821265,1.7147555136463
3121,2399,2484.04751979992,2541,1620,665.406227577728,1522,3869,0.136719735122784,1.753974824177
3138,1785,846.389714565826,736.2235,937.128,271.80642284102,612.523,1563.719,1.40559955779651,3.80153005848488
3144,3400,23285.2319117647,18052,45004.5,13349.1526152515,9740,47702.5,0.682662765803415,1.80976282204389
3170,3457,5791.17244720856,5542.2,4235.2,1269.09604478739,3955.55,8617,0.583108292346873,2.21037629232143
3221,4798,17178.3944351813,17184.5,15562,1870.80176353263,12704.5,22841.5,0.250765483914754,3.56754328908567
3226,4800,51821.3513854167,41906.5,11801.9,23099.2233279457,11740.4,104813,0.587342998498151,3.20811421450962
3231,1075,48249.6511344186,48279,45439,2999.22056049373,41505.1905,55506.5,0.576240080000112,3.40547593521356
3243,586,968581.005972696,855308.5,855308.5,279731.42262255,742264.5,1528469.5,1.17552521634101,2.62016786131461
3246,2153,1328.46907454714,1425.479,2068.1395,426.045899408082,528.575,2418.413,-0.0784188015723978,2.57540336405292
3278,3488,8845.54343463303,8911.5,10046.5,2571.19308761455,5295.5,18799.5,0.848855177462625,4.56084416956134
3310,3136,4677.31042729592,4727.5,3972.5,484.102168375155,3783,6162.5,0.135501715046095,2.93540087224933
3336,2189,5564.1717222476,5270.7,6928.15,1301.37408378887,3636.75,7951.65,0.21409521758008,1.72987160680184
3362,968,6437.19695247934,4551.7,9137.15,2273.1086492275,3869.5,9137.15,0.0566680849485743,1.05266162363928
3413,3339,12377.4803626834,13181.5,10679,3378.12441113639,6640.6365,18175.5,0.00105447513338777,1.7787812550811
3416,1706,1422.16056359906,1500.486,1512.5075,179.055829002857,1060.456,1657.718,-1.05723123961699,2.5950882646429
3439,1652,7059.36107748184,7098,7635.5,355.48016500057,6044,7885,-0.767553025099427,4.15618484758332
3497,1395,2266.34652329749,2285.55,2123.8,166.367845861982,1977.5,2519.15,-0.237496166480844,1.91692481862223
3502,2397,1128.49657968294,1160.845,1254.4425,128.549978787379,745.5035,1320.214,-0.865774611475864,3.10920171496639
3505,1250,3560.7882732,3769.6955,3901.4565,627.410628528854,2098.1935,4538.643,-0.545584233730161,2.42162376295152
3532,3665,4145.61076398363,4058,4058,524.762798740632,3326,6249,0.903807451953861,3.6537964394907
3580,1678,1020.60088647199,993.1135,1134.8805,191.414295557476,673.7415,1314.494,-0.193632823935054,1.88060671748531
3607,911,1782.52057628979,1794.608,1702,198.131389606487,1398.7945,2201,0.0601466410210501,2.38275525198797
3650,4818,4771.33447488584,4224.5,1995.5,2008.9798429791,1995.5,9550,0.868396832008582,2.82192940429701
3734,1359,5557.89330389993,5548.5,5652,470.408307844525,4579.5,6514.5,0.435084568618549,2.87389771317796
3735,3529,5370.26182374613,5213.3315,2191.8695,2848.05713726093,1736.8475,17574.85,1.02026429992005,5.09738060032252
3813,4867,18539.1570782823,19679,22473.5,3978.93587232201,9636,28349.5,-0.45516402089776,2.29254309020353
3814,1792,1622.024609375,1557.1,2223.35,201.685860154685,1329.3,2223.35,2.01749391906586,6.72559685202794
3835,3697,23600.7304300784,23558,15109.4,7789.69643066785,12411.55,36701.35,0.259974553188408,1.76389171385664
3851,2352,17660.931547619,16467.5,17595.5,4890.56205840597,10799.5,27751,0.99275764955616,2.92654300030732
3863,664,876.263486445784,924.541,924.091,124.577997916083,660.823,999.493,-0.716231976943359,1.86898361262084
3897,1334,10335.535982009,10434.5,10620,792.592419857552,8943,11982.5,-0.130916975071372,2.37603893534876
3964,2325,2452.0204427957,2549.835,2629.8365,502.605579270881,1489.3985,3408.501,0.0258723999362424,2.15670760843917
3980,390,67863.0512820513,68897,74407.5,8887.87912911826,31021.5,76638,-2.5992676429154,11.6533382669446
4029,3681,20691.6219777234,20506,21451.5,3225.09601722299,14703,30449.5,0.437979384737062,3.11070093028525
4040,2690,4049.15033903346,4353.65,4611.3,1019.84573979895,1544.69,5575.55,-0.645144363012695,2.92126959472712
4058,1994,2237.31129287863,2337.675,1659.0625,493.144759973628,1358.3165,2988.2875,-0.37847520238824,2.02065904115764
4060,4866,26781.2716810522,26354.5,22308,11126.1435050068,12206.5,62133.5,1.92602087078937,6.27058736762464
4066,4711,12592.9656200383,12637.8,15798.5,3190.77409426243,6785.0105,19591.65,0.0187026062628396,2.08853736259848
4087,3965,19420.5021437579,19183.5,21112.5,3393.84045795385,14472.5,27049.5,0.542509408167518,2.37477290857577
4093,3468,37005.2471164937,41296,19686.5,16315.1006562342,15972.5,65403.5,0.0821847776860323,1.49544043734665
4094,785,1288.42789808917,1281.05,1281.05,113.107921667398,1111.65,1531.1,0.338353431185841,2.52482726330757
4145,2397,909.925525657073,940.033,1041.8665,149.457019507051,661.088,1143.761,-0.0720907947185439,1.7232692342708
4194,2687,7230.01618905843,7929.5,4481.5,1513.38178692718,4481.5,9211.5,-0.667583027721032,1.87860849607247
4199,4278,7137.11383824217,6412,7213,3035.91728591326,3266.5,13075.5,0.392729606968642,1.74921759827029
4213,1616,1877.93076206684,1770.9,1941.9,309.927346564925,1351.202,2389.55,0.112904946331388,1.55763097474118
4242,2466,16196.8671938362,15834,20937.5,5524.48063107345,9582.5,27224.5,0.389936912391389,1.67511016420195
4245,1412,1223.62818696884,1191.65,1195.95,162.96674685298,1028.7,2104.3,1.84481896903606,8.4739475091175
4321,3068,8556.65972946545,8435.5,7664.5,1661.06125857434,6018.5,11522.5,0.0737191700141374,1.72977496607592
4367,2668,4036.17731652924,3313.6325,8465,2417.15035783909,1402.311,9843.5,0.619913526728701,2.16972695556565
4423,2013,923.273646299054,800.8,1187.9,240.330687141957,648.5,1335.8,0.441937772230409,1.48870881454977
4439,4871,14430.1759688975,14741.1425,10442.4475,2155.80963008036,10442.4475,18358.557,-0.0978145785092644,1.81531885096423
4503,2534,83936.3606945541,81079,49924,24334.7815580137,48651,130514.5,0.328760963323791,1.85700442704832
4510,2572,1552.39288491447,1393.3,1199.5,445.737101018466,1158.65,2824.9,1.61615143579538,4.66956806936032
4598,3646,8298.88482652222,8174,5303.2325,2252.43543979493,5104.5,20144,1.1271509742376,6.07220483859962
4605,1682,932.826598692034,983.1685,815.9975,140.768148219774,711.4765,1208.587,0.0649550991005555,1.71567051842021
4611,2042,11059.3072967679,10705.5,11695.5,1035.47049142839,9758,14071.5,0.875770069250331,3.4116066795977
4622,1505,789.908751495017,795.6895,795.6895,48.7254833993265,638.691,854.967,-1.54624073299741,5.501611437928
4669,1495,1763.94062420488,1701.30762331838,1606.79071068831,297.189778004951,1007.58478969194,2415.97869442553,0.246289440340758,2.84258642154875
4674,280,107491.940130357,111535.92,111535.92,13999.4555586335,72209.3905,117261.9535,-2.03773923662895,5.42590350826557
4723,3092,212740.761966365,195435,200474,66629.5916416668,130979.5,349238,0.627401277588323,1.98714934797846
4818,355,2953.60397464789,2968.643,2968.643,394.694929373163,1984.9475,3546.378,-0.512483383697829,3.75437191058569
4839,4836,151976.136889992,156132.5,159104,20828.2788937809,115338,201174,0.116336576431259,2.51899919016848
4844,1678,1432.23710101311,1241.97,698.2975,537.325735853704,684.0175,2528.4645,0.552804151566355,2.0248977361048
4864,275,2201.94946363636,2306.2675,2443.2915,223.666712302412,1807.3955,2443.2915,-0.38673272672269,1.50370250034006
4885,2237,1977.1596459544,1915.882,2254.3965,324.68747560083,567.543,2767.399,-0.279681172725872,4.67498783150127
4941,4407,2659.59142273656,2718.35,3493.6,441.313462472801,1731.35,3641.5,-0.0925365031034048,2.20804730413305
4990,4839,3673.21294131019,3470.5,6838,1043.88802830169,2183,8216.5,2.12679724736397,7.69114876703946
5046,2021,9828.14522513607,9815.5,5963.5,2649.23070429277,5557,14512.5,0.299769681389957,2.08962888870908
5047,3274,317963.246792914,332514,182739,110600.405390263,155272,490396.5,-0.0546550960253961,1.52549661509308
5048,155,267976.051612903,254852,254852,22154.242022939,245012,307431,0.957287907618978,2.04163677088433
5071,3584,8870.11821986608,8719.9,7928.5,1549.01729228394,3475.15,11717.5,-1.27731605615455,6.54400993350951
5073,1211,122991.770024773,126804,126804,46074.8492060393,75673.5,266961.5,1.84722323581698,6.70855082242137
5087,1683,2923.67777777779,2783.55,3467.05,420.194391529613,2332,3635.45,0.199222546256312,1.51293983196737
5135,653,7265.0669785605,6895.4255,6710.992,796.179660090962,6102.4645,8838.8145,0.128678636179205,1.43671769176118
5179,1711,440.333158679136,431.628,513.5015,66.7338776139719,353.372,539.741,0.0912426356871903,1.31486046028112
5180,4599,35196.3263978039,35918.531,27052.1245,11765.924129293,15909,56541.947,0.213145907575327,1.95553413745177
5229,2701,3284.00294335431,3278.55,3091.2,504.771018084254,2109.15,4525.4,-0.121803098851365,3.43073473444568
5234,4850,9072.25435051546,9023,8523,1131.25696166693,6520.55,11047,-0.578140481443914,3.07655469569887
5301,759,1695.18429578393,1990.9265,2075.9995,430.253263238878,1083.0745,2114.223,-0.506672836744908,1.30742124909047
5439,3472,7416.73646313364,6758,5334,2453.368135318,4113,14142,0.654823272427736,2.58413566705833
5492,1375,1325.42316363636,1465.85,1486.95,400.414609182201,695.15,1906.7,-0.344758945684021,1.71823725488975
5518,3365,1509.95733462109,1459.1825,1509.707,332.468061486915,956.7965,2334.1625,0.266947061499562,2.392646524195
5543,335,1198.86733432836,1223.958,1223.958,228.673865316854,458.905,1505.293,-1.41189655144652,4.74703895356803
5568,291,30958.4175257732,36203.5,36313,8843.79518616859,11707,36615,-1.53327841907566,3.73900458400246
5597,1702,2404.38470152762,2463.84,2121.9595,262.569835440308,1881.747,2870.291,-0.423115292705388,2.18457199428168
5600,3405,12106.2054399413,12093.5,13041.75,1634.17628100955,6594.3515,17037.45,0.339468414657618,4.73280897962238
5606,1234,63079.4813614263,63417,63417,3655.61463290923,56300,70477.5,-0.0777255189792007,2.28285352170308
5643,689,11789.9738751814,11790.5,11655,545.951230132125,11030.5,13630,1.0847528477525,4.96996947990636
5650,4869,52487.0815244404,51461.4185,49123.4075,8430.97533428367,39362.459,73214.861,0.44639715662969,2.45699918096306
5680,4787,20553.1196991853,19658,7417,8133.45149453411,5377.5,45389.5,0.646665138768089,3.38081871048672
5691,733,55377.4428526602,56519.676,65850.325,6785.46404207446,44041.028,65850.325,0.113971370995156,1.50488133938891
5723,263,4275.0855513308,4314.5,4314.5,108.815005579626,4078.5,4393,-1.03579589562263,2.55912995993149
5742,4492,10857.8568824577,10170,9188.5,2438.62686217288,8868,23231.9885,3.31270353208487,15.1591631641177
5750,1722,1464.92334059234,1265.4785,1330.588,338.922418708814,1102.7635,2054.3565,0.51088991519787,1.51071757435237
5783,1413,714.298022292993,744.525,1001.2865,198.752068628193,436.128,1021.9905,-0.0757653067547975,1.54082309893909
5860,266,3854.43383458647,3920.35,3920.35,213.872804294839,3480.6,4156.25,-0.288010964077522,2.11642658402593
5862,1703,639.092993540812,650.7985,640.918,40.600078364822,562.141,715.0815,-0.397294558319323,2.10902956469621
5878,1389,4200.73182685384,3986.738,6468.9545,1127.92902191757,2615.385,6468.9545,0.378756759579723,2.04630238027574
5959,434,5966.57857142856,5177.35,5076.1,2022.65580790253,4597.05,10601.85,1.6738458241596,3.99937572897744
6008,2699,11692.0096331975,9950,8785,4702.44036183904,6833,24487,1.51585140250304,4.1349404686461
6034,459,392.885249455338,386.8195,391.318,25.0327815200671,355.9835,455.625,1.42079231299836,4.69007053498268
6066,4872,63625.0324302135,66086,66571.5,10157.4683088384,45044.5,89613.5,0.222142164204996,2.73730633721502
6078,1516,1156.57698416886,1178.8215,1105.5215,157.629443039144,926.1645,1462.7725,0.200179310552123,2.01170123581578
6081,1874,6188.43783351121,5814,5814,1469.65924260673,3766.5,9496,0.260698014696934,2.16298055774836
6097,1738,1658.32296576525,1659.1035,1559.7085,291.107840020764,1146.65,2192.55,-0.0223058950209636,2.0146668777232
6104,4872,14257.5591133005,14926.5,14252,2202.10451015736,9550.5,18529,-0.473499512411855,2.37087805866161
6135,1743,7316.14293890281,6984.21007465888,5465.43702226653,2314.99390178415,3573.45971563981,11704.6999417362,0.179943696325972,2.05121662190043
6136,4683,8329.81194480031,8135.65,7658.15,878.010669885493,6982.5,12091,1.84685943509955,6.96835760459227
6266,3031,28091.4018475751,29513,30209.5,10212.2153583069,13513.5,43486,-0.0330944548922576,1.47243712066753
6268,937,18436.757203842,19333.5,20698.5,2168.48464533787,15264,27111,-0.141112334303424,2.72338931126529
6307,402,5578.12313432836,3457,8539,2828.60795079292,2820.5,14957,0.853420767663056,3.35039240717393
6334,517,3202.27862669246,3261.7,3080.1,323.378472213794,1881.45,3645.2,-1.59744670842064,7.80431154731689
6335,343,1639.11501457726,1783.3,1604.65,294.319281370549,830.95,1808.75,-2.15460620602684,6.02482926903523
6338,1661,2577.35829861529,2442.098,2110.733,389.965323655187,2047.4815,3358.274,0.168138685248508,1.52508332278743
6375,3506,6674.97681118084,6433.75,6457,1047.16685717783,3245.7,9433,1.01002159948492,3.6097474569555
6435,2163,7405.30681923254,7099.9,6291.1,997.27076614589,6019.75,8974.65,0.379747112557658,1.5282864776325
6494,4470,9510.87912293058,9358.647,5606.1915,2482.4867317526,5606.1915,14067.405,0.251131525687388,1.834591242882
6502,3700,13100.9755405405,12600,10535,2345.64421899796,10346,19307,1.01521776902135,3.06371168066649
6506,3505,7076.75614465049,6709.878,4961.282,1559.93851146763,4797.469,9972.7715,0.176256936144242,1.72203067839301
6512,737,3792.35684803257,3811.305,3811.305,345.012548029682,3378.613,4748.27,0.639767527500039,2.45391038252356
6529,399,1197.65856265664,1189.513,1180.6055,99.9405036781486,794.4845,1350.4025,-2.23111864650122,11.2462125649588
6649,1772,1248.77344808127,1289.8,1258.4,159.61706789793,944.35,1463.95,-0.547553849273639,1.96773578387546
6653,1984,3626.2745080645,3974.648,2447.98,1152.76966992627,1754.5605,5324.333,-0.121670987594478,1.39548347298502
6669,4535,4103.72175402424,3624.2465,2867.8675,1892.75925132292,1649.8145,9123.8775,1.17385141995226,3.49617078915341
6730,2722,9756.32900440853,9136.4,7370.75,2396.51883388778,6314,17792.3,1.02235867789134,3.81491269631807
6733,2537,2681.72623117856,2875,4227,803.97411794263,1320,4285.5,-0.018855681339788,2.17087201192925
6742,2063,67068.270213524,61033.5,42583.574,17508.8906747785,42583.574,91016,-0.0111716281369889,1.28317953326036
6768,2448,954.635978349674,986.563,1411.0335,177.734110492479,619.879,1411.0335,0.369901462292044,3.01070803803466
6771,1290,5031.02789937607,4922.86995515695,4922.86995515695,570.569349707722,4039.09280811698,5966.42378889326,0.149127337929943,1.83516917916235
6774,3702,18797.7081307401,16682,15450,4231.39565049279,13447,30044,0.283139379862102,1.51549743809801
6781,4827,29683.665123265,28715.5,32340.95,2710.43536835985,26176,36360.85,0.849562904385758,2.59427126927357
6821,3641,830.047116176871,811.65,811.65,159.238740497398,576.8,1197.1,0.417596954720205,1.91475945732557
6829,3603,10941.8905788232,11326.5,9116,3781.51426338206,4404.727,18957.5,0.119505518981592,2.048061738702
6865,871,1024.68065901263,965.532,879.73,205.485481015788,756.4125,1405.5425,0.462744490959883,1.62405471876927
6946,3231,6190.78861033736,5856.5,7969,2029.47050035277,2459.5,10822.5,0.443648771913382,2.72050928496034
6972,1609,513.453039154754,496.823,564.571,69.4563589570659,415.4205,701.86,0.304178226740139,1.87990775272253
7017,3256,11844.19502457,10727.5,10325,3872.44963440671,6347,21704,0.732284841594127,2.52264668549792
7063,1148,3181.22473867596,3154,3154,179.390163828205,2806.5,3574,0.522291117416785,3.20327633738015
7065,4164,7849.49459654179,7206,8084,2446.70652083449,5637.5,15399.5,2.06377378417392,6.5033108222377
7085,3647,4312.02016863175,4327.5,4605,592.520522348865,2697.995,5567.5,-0.21044049259014,3.12339657799674
7114,2977,34975.9287371514,32654.1615,27671.296,7579.79221874288,26052.1525,54509.6375,0.919040404576664,2.73405966699544
7116,4846,2190.18762360709,2117.657,1851.4615,549.486234352487,1303.954,3528.6435,0.40372261540765,2.35473890077171
7154,4849,12812.5530109301,10211.6,8164.85,6455.87510778857,6642.3,33324.05,1.60825228615677,4.79734037970995
7163,1304,3338.02644861963,3463.4195,3703.773,529.597934759671,2261.335,4365.331,-0.226553348705601,2.3227799330822
7171,4872,24399.6264675698,18834.5,43442.5,13371.3673360137,6045.05,48580,0.442313217322785,1.67179662109567
7186,1713,6787.59454173964,7235.9,4629.95,2193.71632728457,3532.2,10453.6,0.00815413426255609,1.65835708665629
7228,4567,13466.7631048829,9835,24252,9583.61258131277,2984.25,32305.5,0.732729686576524,1.92902788297761
7257,2011,17505.4569119841,17310.9,20481.65,1535.09134296975,14883.3,20481.65,0.182373408056341,2.10358223125215
7267,1956,545992.916666667,500346.5,500346.5,190796.715184247,319665.5,921720,0.704105472929712,2.11107480214656
7343,487,2337.78357289528,2310.5,3030,687.716024943554,1442.9,3242.5,-0.0391880525216501,1.34396338385405
7366,1665,13237.2066717718,12525.662,15375.9795,1901.99317797177,10817.9245,16052.5455,0.159077560371348,1.4465810704328
7435,2546,8895.08739198743,9190,9835,1566.95152216381,6220.5,11466.5,-0.133654912654206,1.65602493914718
7471,4863,45928.5516940162,46074.1305,35967.8355,5774.84242942952,32638.6205,56745.3095,-0.315264763403782,2.52116708775671
7647,3653,1632935.30221736,1665546.5,1457865,224899.305101989,1051093,2195869.5,-0.547874782739535,3.62732799409931
7652,824,18397.5582257281,18347,18864,1577.07658478805,15846.5275,23072,0.814467726005039,3.63703439769312
7733,1396,1537.99458846705,1495.841,1476.513,166.44648652464,1290.557,1928.427,0.876271582640269,2.9677254005071
7750,2850,4985.21280701754,5093.5,5289,458.072803481899,4097.5,8966.5,3.38873629573419,35.1240672128041
7769,532,11327.6656484963,11186.805,11407.548,826.660436852673,10375.3925,13585.3065,1.45440779815018,4.54408334169609
7824,1198,3478.35896410684,3413.692,3269.684,209.324563578827,3141.812,4072.5775,0.461384162119475,2.46193831289335
7866,2672,1473.36350411677,1418.682,1599.46,355.040781717222,916.351,2164.0565,0.224050053503333,2.00763118838375
7875,3747,3358.34012503338,3358.45,3499.7,334.752059809133,2701.3,4080.5,0.121593140254419,2.28994891094436
7881,937,4274.3104375667,4183.5,5839.5,937.294030637173,2497.57,6003,0.387760878887943,2.33584041367855
7906,4696,5288.77816226575,4014,2645.35,3257.16016596747,2005.45,16326.5,1.33917640593631,4.24731992304216
7908,4857,65857.6409717933,65878.463,68355,8089.61790094379,51043.2855,84380.6095,0.196895992261559,2.21369426689243
7912,907,3571.00968026461,3432.166,3432.166,353.009250540554,3161.5,4578.5,1.51059985755952,4.96583006986841
7922,3702,3163.67528092922,3060,4402.5,1147.95799168943,1664.7515,5332.5,0.298157209420479,1.60269911162918
7923,4872,10092.417590312,9679.5,9246.5,1616.963646319,7342.5,12621.5,-0.0549442052200226,1.78249188437573
7974,1900,8215.22726315788,8354.2,7243.05,650.775677229568,6851.8,9943.4,0.0826709881392721,3.21145350026803
7980,2002,9799.46903096903,9497,7759,1670.44940709952,7475.5,13017.5,0.295868570255499,1.84228893634664
7985,2299,13763.7040017399,11901,10330.5,3960.04407020927,9435,22207,0.86543032175188,2.23368650516305
7991,1305,2628.61961685824,2622.8,2138.6,356.562250804081,2138.6,3425.05,0.693102463079498,2.5942640847456
8007,496,404538.396169355,382052,254296.5,201158.552950711,253079,1076962,2.43100823498799,8.70792424325086
8030,2558,2915.05336864738,2827.995,4610.996,1261.39854028499,1095.096,5010.35,0.278011742040027,1.69752519087408
8068,3584,10785.2063337054,9776,6595,3960.77474721154,5874,18473,0.382977844972517,1.7643607052242
8099,981,14484.857530581,14162.5,12873.967,1311.73171870092,12725.981,17460.45,0.0603849980820472,1.42184373745972
8123,2793,806.141496598642,761.25,533.35,144.576097652318,533.35,1106.65,0.556410453344488,2.57266241009915
8133,1581,2168.54453984819,2353.6035,2483.3615,614.942882627746,1135.4445,3719.931,0.00256148671377673,3.32474288613522
8151,2258,4529.16973051374,4673.088,2986.9395,1327.27608917097,2797.5225,7076.1435,0.250209962335921,1.74546851457519
8210,1125,1040.12704355556,1094.2725,1152.316,176.704939001865,711.6235,1275.7225,-0.60668468384658,2.1326237077351
8214,1612,2790.96867245658,2546.5,2257,1248.27637792464,2202.5,9645,5.13482657856718,28.239836715616
8215,374,5299.90614973262,5530.45,5615.6,505.066410441951,4343.2,5856,-0.994411228959576,2.47082073283022
8240,1678,5138.97348033373,5061,4477.5,716.832338425914,4091.5,6887.5,0.731086441954157,2.67788631563704
8245,628,80838.525477707,57154.5,52874,46798.8023654948,52874,230725.5,2.4054769511791,7.98994001250669
8247,4754,6544.57267564157,7400,8340,1861.69429477554,3602.5,9233,-0.515893964212864,1.5896059277966
8253,1619,7759.85420012356,7392.7,9070.2,1553.16980644099,3796.6,9906.85,-0.481879806149021,2.47293823979771
8264,735,18171.7272108844,18082.5,17461,1082.78788140847,16269.5,19715.5,-0.0457900285568002,1.51502639752326
8272,3406,13565.9230769231,13747.5,10553.5,2093.32996984631,8892,18021.5,-0.0619111143400659,2.10519739518429
8290,340,5533.58911764706,5573.5,5331,296.475151673275,4799.5,6323,0.258392597388708,3.9301022370041
8304,1504,957.227786236705,942.8115,942.8115,180.193930133209,695.8205,1240.2175,0.113950304122755,1.44691272652481
8357,388,323.475759020618,315.0495,314.712,28.7134542608463,272.0525,400.8775,0.200195116352956,3.73622155355962
8358,1996,2905.05079033066,2930.951,2936.611,629.699131133454,2055.5935,4100.6045,0.282730997105728,1.65327155000294
8431,3331,14298.6455445812,12844.4,10662.737,4121.16030504673,9017.5195,23499,0.787866666951582,2.48148324187233
8455,1791,8829.60552763819,8370.5,7852.5,1244.03745914323,7324,12258,1.22184815250185,3.74457089827989
8463,2610,2505.41404042146,1646.961,1165.092,1373.1320910757,862.385,4815.6,0.313695521319955,1.3857204773844
8475,1875,881.055954933331,894.9875,817.975,59.5958008976475,775.506,978.8475,-0.0676418971517959,1.92886916638999
8479,2780,15562.0559352518,11996,12907,8716.52594109871,7196,35068.5,1.43703288351996,3.49111584886801
8530,3848,51104.8332900208,58770,49518,15832.8839005352,22162,79864,-0.249860124073125,1.63729762230354
8539,1500,19942.237,20015,18408.5,833.48249294253,18408.5,21733.5,-0.119849437062315,2.50612947723705
8543,487,22772.8511293635,20360.5,19647.5,5849.85973486602,16014.5,45057,2.81520264417281,10.7779821712155
8544,3163,3276.43249051534,2751.725,2272.34,1217.46319774129,1833.4975,6006.991,0.605062692542566,1.84390847221901
8546,3028,16121.5414010898,16251.04,13080.3005,1943.78672837994,11173.3365,21847.252,-0.236831668406485,3.74122697740816
8549,1071,46239.6083099907,54696,53694,17276.5471646038,12709.5,65730,-0.885259347527253,2.24055767450783
8606,263,5528.91761026615,5748.2875,5748.2875,417.313448732834,5071.9495,6102.172,-0.0455875481104304,1.25057591052191
8692,1127,553.553483584739,544.558,548.1065,122.793833690124,324.7085,962.827,0.737470262397563,5.90297163280692
8694,1950,6444.70766666666,6427.75,6427.75,775.704395482121,2310.15,7523,-3.70417052248125,20.9243564342979
8717,1602,1484.82415730337,1476.25,1255.6,254.026223754258,955,2040.35,0.212823631046481,2.44087694900636
8762,4864,43310.6453536184,48400.5,50067,11741.0517729936,16111.5,57179,-1.22705710580916,3.00272781810203
8789,633,19702.0773143759,19592.442,19381.897,422.106035042352,18681.058,20449.813,0.755544468369092,2.47402511599265
8810,3267,13312.2399755127,12574.5,17599.5,2168.28459609643,11104,19536,1.32302615965947,3.57509012140837
8818,764,2902.86204123036,2965.2065,2965.2065,240.56661009577,2476.5675,3318.7315,-0.268419834021533,2.05673703376317
8823,711,2795.99456751055,2702.2545,2364.0515,441.863198159928,2296.159,3937.021,1.35466762482094,3.96334602455491
8870,1529,4785.82938477191,4674.18308410476,5677.40640369367,429.638802143773,3136.85450618496,6644.21617245218,1.03605288894058,8.53663271737249
8902,903,1380.40420708749,1384.4675,1384.4675,150.374853830133,1061.1415,1557.706,-0.863710487382033,2.8409077420686
8972,4676,10647.3445252352,10246,10531.5,1612.9866833078,7378.5,16051,0.328498185383297,2.34386989797853
9063,1185,3568.59126582278,3801.7,3893.1,530.711826712723,2172.35,4202.45,-1.31298181839467,3.71825349945172
9135,4596,9963.24776131418,10786.2765,11104.607,2045.53281490217,6821.658,15836.1385,-0.0152675077855055,2.14201117453369
9155,837,4316.72737037038,4038.165,3653.1595,901.531844748504,3509.0515,6311.3005,1.50290967895876,3.6098357767685
9203,2322,1913.10837639965,1908.4,2398.15,273.348446139983,1547,2398.15,0.222944819258721,1.62710848211376
9215,814,6193.99063461534,6342.46712837497,6495.42409661289,1078.73930309514,2966.91136974037,7665.47237412785,-1.67697709174075,5.96544445317203
9299,4868,3924.03654467952,3254.4645,5157.1195,1433.27821847676,2233.5185,7402.632,0.891948634361106,2.81608493528809
9302,1537,812.649462914768,764.498,679.419,180.658913432087,526.5885,1136.1,0.32330840731435,1.91395500420293
9359,3343,7407.93163326353,7413.65,7598.55,521.661114866155,5075.15,8600.4,-0.371654538307911,4.44750774507951
9411,352,1558.05823863636,1387,1387,706.111126690957,1310.5,4585,4.02935007217806,17.3717780269221
9445,1654,4205.30562273277,4070.5,3558.5,572.266387061358,3478,5566.5,0.789867687333851,2.76985076629613
9465,720,8409.55232916666,7747.7305,9433.525,1314.86002872315,7054.1285,11590.5415,0.983093955274524,3.17105042972927
9466,568,790.613116197182,778.25,967.45,104.548504939005,628.6,967.45,0.130580744541405,2.03998544003364
9555,4798,3153.17788453522,2541.35,2310.5,1254.01841149555,1159.2915,5696.5,0.371843934468796,2.01010743494991
9611,2355,3289.09715583865,3430.0005,2111.8325,1253.87321711205,1762.776,6062.138,0.40341543872473,1.90455033805844
9613,1330,1501.04729323308,1494.0445,1453.5245,58.7742390372223,1414.857,1636.52,0.448481265817986,2.55528615996474
9667,4795,4108.475296976,2937.497,1747.487,3104.39594987047,1586.959,11890.647,1.57445478089886,3.83179569373241
9774,1559,2943.27203335472,2959.5,2495.55,466.92851986239,2075.15,3853.05,0.204327440056442,2.24398137934513
9783,1168,77866.9327910959,76983.5,80700.5,3673.11192957591,69103.5,86225,0.566976062019716,2.78803332475199
9815,2215,1203.43316004514,1230.641,1316.846,107.387880825558,1000.7195,1385.091,-0.471999969056733,2.15465837216988
9818,4850,70900.1621891756,73599,32561,24360.8281493513,31463.877,129830.5635,-0.0583332401018052,1.83528057249715
9846,292,16363.2465753425,16010,15829.5,1020.43968228271,15829.5,20301.5,2.88828623051447,10.4993883748839
9850,676,17616.178193787,18068.8285,18548,1509.46789682656,14957,20208.5575,-0.331593957463921,2.20945368254525
9882,3062,6115.21447517962,5955,5302,2294.43569987751,2456.084,11453,0.222611082970098,2.02602080240938
10002,1578,1193.94485804816,1165.2295,1679.807,264.908748013707,798.034,1679.807,0.30064694655107,1.76573082143308
10016,1622,1770.84651664612,1873.55,2374.3,429.94706357714,1057.65,2380.45,-0.0994083367921039,1.42794964112531
10121,462,70737.4047619048,69619,68297.5,5202.56174015335,63519.5,80801.5,0.541524968348226,2.55438999654217
10156,836,6108.15789473684,6522,7538,1493.7663111761,3172,7793.5,-0.968993102696968,2.48958017302782
10187,2066,127489.356519361,140329.278,106592.03,23465.3072037165,84530.2275,153549.037,-0.682521843051968,1.83574101319815
10190,2748,6339.3908367904,7621.5,2964.7555,3347.04791219028,2462.7435,11660,0.0726651300242301,1.25075557584689
10247,1911,4535.01458267923,4678.7105,3955.8325,630.009900689257,2639.415,5598.263,-0.67042588183382,2.87654309745416
10277,2791,3488.76746685776,3075.3,5580.55,885.363316488295,2682.9,5580.55,1.48689379565,3.59156915573772
10332,2444,1048.298301964,1030.4,1153.45,153.34982203016,713.15,1488.65,0.481274729019662,3.75555598346357
10385,616,8159.52645292871,7565.07311002798,7355.4229265281,1404.14731528867,6700.4525740147,11922.3139184257,1.71115688422631,5.30501329315964
10405,1924,1255.47767671518,1260.2,1346.3,147.154752046183,990.7,1585.15,-0.0753511880967344,2.46353233252495
10411,2084,3220.22526607484,3652.4225,3695.9095,859.101862154352,1925.031,4677.0235,-0.462598692355874,1.67254564353974
10443,771,2188.44293125811,2254.5,2344,181.041971487906,1883,2422,-0.229117362888825,1.48705804068437
10466,1483,3123.10293324343,3101.5,4176.5,865.975345761506,1870.35,5345,0.513590653149809,2.71403509776457
10507,865,14588.401734104,14459.5,14168.5,907.416065682422,13140,16106.5,0.164798718366685,2.03638795978561
10519,4551,8180.05130740497,7463.5,7049,1760.88035535736,5880,12530,0.932259489121418,2.94253472902828
10540,1968,675.93234425813,643.436,641.09,133.951251508355,483.609,1033.6685,0.838204527996994,3.43270476457585
10567,936,1437.42405288461,1418.709,1275.5025,120.637467977211,1275.5025,1739.814,0.680095791641495,2.81642971974427
10581,1946,1743.57512101747,1777.656,1765.7455,216.821615972384,1220.7,2048.4225,-0.888898550041277,3.03732626796933
10614,1586,6276.64168726356,6472.46075,5894.9815,507.846921378833,4982.1415,7235.5545,-0.488694635336009,2.68519225996368
10622,2919,33386.9892627612,34624.7485,34134.2555,8193.67957206408,16895.593,47008.126,-0.626444363015573,2.47386402443049
10639,1097,3961.75660893346,3872,3872,602.386541710342,3129,5062.5,0.530335439787989,2.02242934824797
10671,2582,11732.0183544251,11426.4750531323,15128.2409998135,4625.42596281192,4778.975911212,19093.0585296217,0.0722440667136433,1.54407791775228
10726,1703,4932.28220698766,4638.454,4782.8745,837.954195233831,4029.643,7536.501,1.61532961401729,5.23094466385397
10787,904,10005.0226769911,8908,8657.5,2199.1627589366,8223,19346,2.17325669362331,8.61749831213177
10793,2900,4170.36655172414,4157,4203.5,297.872292849993,3702.5,4826.5,0.363788437923402,2.19589982509297
10839,588,223.425721938775,225.551,203.6255,23.3012799657309,183.216,264.9095,0.271386798121936,2.23548653602953
10846,2162,28398.082170444,27951.507,30776.096,1937.37371931133,25186.028,33248.753,0.450294055469947,2.27036290941176
10860,780,7480.29871794872,7552.5,6548.5,1020.81695485807,5133,9270.5,-0.285705947999169,2.13708695614048
10867,3569,13955.0168114318,13577.5,11781,1865.96332100293,11698.5,18552,0.858506271865007,2.60208277260007
10884,448,1219.39378125,1215.275,1170.004,50.4973281242157,1168.2955,1327.684,1.07988743513147,3.25683255745479
10894,846,1903.79435460993,1867.926,1806.302,130.630042535437,1747.02,2227.141,1.01988286969716,3.49013684781433
10903,3172,24385.1938839849,26283.5,8496.5,11170.1901749146,7172.5,45683.5,-0.044986833033925,1.80410809502119
10920,3311,15721.8649954696,16452,15969.5,4092.01056481823,9583.5,24461.5,0.09450752763688,1.9374042820842
10983,4586,32042.9360008722,28131,28065.5,13666.9820428761,12996,65825,0.644772150303455,2.88882085442952
10984,1609,35503.9763828465,35577.5,37676.5,2327.14962996588,26425,39386.5,-1.86467370895228,8.19165936314335
11017,1755,1119.07309287749,1020.6585,1634.1075,285.206318553979,708.8125,1741.305,0.64679985450942,2.20498557098254
11032,2053,2075.3325433512,1545.037,3119.1285,907.401003375245,1008.951,3119.1285,0.0214840051910384,1.05055952583733
11060,4731,2798.54953117734,2268.2935,4273.3665,1200.77209258458,1218.016,6040.28,0.617968286633652,2.33399828568162
11096,1513,2003.49396034369,2190.224,2372.634,377.933355777276,1105.7875,2657.341,-0.439513180154113,2.25335681579142
11217,1589,21279.9482391441,20277.2085,16372.1335,5407.20722364126,13531.57,29410.932,0.343250587095437,1.51358676134888
11220,2162,5625.48263760408,6114.093,3512.1985,1770.17961313686,2269.742,8009.4315,-0.60366091468679,1.93064444227935
11259,4199,76052.020004763,80435,81738.5,20902.9573427288,37212,105471.5,-0.553084307000832,1.96875684814552
11264,296,8743.44239864865,9341.5,9341.5,1496.67522468563,5006.55,9874.5,-1.90388833492059,5.10835762156298
11340,729,1407.349760631,1598.6135,1157.1205,316.094459095614,840.396,1868.8245,-0.265755366438266,1.74420828315217
11446,3243,3773.74955319149,3548.5,3233.5,628.207979564632,2573.5935,5136.5,0.887948044041974,2.5219910340994
11456,4845,7318.21475748194,6038.5,10561.5,2934.65454082896,4246,12854,0.638085381943539,1.82203526481514
11465,4846,8408.00350804787,8461,4252.5,2628.96665212506,4091.5,13141,-0.103596909797176,2.01415717000653
11506,4819,14490.0057169537,15025.1,21590.7,4306.81536460355,7547,24739.1,0.205932575563843,1.9863926854332
11535,756,1139.84185846561,1343.776,1196.2315,297.696420744795,683.345,1422.129,-0.73759420361461,1.65899579967451
11550,1630,4873.86963190184,5049.4,4650.25,570.502906786997,3763.2,5546.75,-0.47360880105997,1.84126881145111
11554,1305,2837.67667164751,2907.8005,3063.85,289.895120681931,2374.3,3467.62,0.164676090140904,1.84514747786329
11600,1648,678.869438410193,696.709,539.4465,115.415168732656,464.4945,942.637,-0.0394623090109777,2.54095531837392
11636,707,10812.2355021216,10769.5,10806.5,1179.82731759647,9411.5,13689.5,0.829474635937227,2.95498707062551
11672,3449,3745.18542722527,3843.8235,2126.005,1071.45952380416,1785.0275,6186.025,0.097913305484482,2.41962926739124
11729,1346,6991.72741456167,7153.35,7547.15,756.278885711342,5617.95,8147.45,-0.35785748774366,1.84036099865205
11749,2887,3067.82615067545,3172.591,1913.294,1008.29018267572,1589.9835,5194.9035,0.356443068861644,2.12030076404415
11923,3674,14780.3246325531,17147,6754,7103.00101551972,5009.4,33791.5,0.230823536972488,2.30741505821593
12124,4872,669529.887520525,667562.5,522762,141813.024638853,385974.5,1051493.5,0.649643650487465,3.65693780278503
12141,3818,59814.1754845469,44008.5,19788.5,35707.737504163,16377,127658.5,0.642229032510763,1.8381596347288
12142,3610,30249.1947368421,24769.5,9821,15478.0998608015,6397,61077,0.38404234186992,1.83525477991342
12338,1243,1596.42479002414,1290.811,1360.8705,697.685905650888,639.0605,2664.8795,0.228368685331665,1.37262069679736
12368,3146,7151.35718563251,7754.63,4003.676,1872.68046691743,3158.63,10615.6165,-0.606706674119184,2.45015799879179
12383,1619,5621.28742896849,5099.7055,4613.223,2741.46485716957,3842.7875,18644.884,4.19297255196933,20.1873909460885
12384,1802,127853.816870144,129278,132711,14697.3105158198,98539.5,175684.5,0.45391195354614,5.18170340716988
12389,820,1795.60048841463,1718.759,1910.1875,486.846583199965,1134.2315,3010.0565,0.733257484044475,2.63530845709897
12395,914,2311.53431400437,2328.318,2638.052,275.508309290865,1436.879,2883.3575,0.0805024304055043,2.46847999150667
12459,754,662.98023541114,623.082,610.86,165.405412173191,432.9,1018.615,0.453317490525875,2.54022276079151
12589,1140,2846.27764736842,3022.439,3078.409,321.924680173676,2031.0135,3078.409,-1.20128215453587,2.89819859636647
12689,2569,1982.90471856754,1743.7675,3729.379,724.045734532293,1134.537,3729.379,1.00460116483951,2.948516072205
12726,3371,26454.6692672796,27126.1,27821.95,2132.73039053696,22425.1,30745.7,-0.351945143032094,2.11650128412917
12785,831,1645.09922864019,1809.238,1695.0215,376.214673529404,881.236,2001.928,-1.15823307564709,2.7625967631343
12884,423,723.656994089836,747.641,747.641,43.9473208445933,572.75,747.641,-1.85019379099477,5.31709055337283
12886,1290,20327.0054263566,20256.5,19911.5,745.798337989588,19059,21894.5,0.296159472113201,2.54446289013455
13125,1658,4192.31397647767,4311.163,4671.619,723.501724321189,2550.3925,5623.2015,-0.140372168573014,2.25385962300175
13145,4794,14425.2129343972,12060.0795,12060.0795,4493.73054598136,9140.56,25214.575,0.750278597808561,2.47478969791919
13312,443,30943.4322799097,30688,28733,1668.45375450564,28733,33680.5,0.0667458965887355,1.98702679495112
13380,1797,1273.32046967167,1072.7005,1807.949,457.557828448255,721.936,2115.4955,0.284073365122014,1.55568624216067
13421,573,986.373097731242,919.4135,860.6335,134.318222326204,858.8215,1249.9335,0.609826103163873,1.94861185030473
13440,716,4930.25488826816,4956,5035.5,198.831577295754,4538.5,5274.5,-0.472392299038568,2.12552149854313
13498,4872,10080.6122727833,10739,10927,3460.93147255102,2837.9985,20749.5,-0.133754024896842,4.07445349999989
13510,334,2484.30683532934,2463.34275,2430.439,97.7566640365524,2234.3665,2677.4295,0.224873655622907,2.58865165109736
13561,4666,10367.2776548436,9166.5,3944,5707.67682008709,3717,27372.5965,0.669855145863927,2.77240486848499
13683,4872,65538.1407938219,71638.544,36608.2785,19947.6504761289,27737.121,95490.1775,-0.798696551684763,2.26563023135522
13709,175,5117.61378,6819,6819,2393.77902858297,1910.7105,7099,-0.512079329557496,1.30320708715836
13714,1077,11916.4857474466,12049.75,12082.85,822.981554931323,10776.35,16779.6,2.31251688428017,14.581193112618
13971,1197,804.212997076023,796.1435,901.7595,109.435725442556,628.2245,996.823,0.134749750003143,2.03452531049558
13988,2239,43519.6817775793,40605,32490,11238.3821237485,30556.5,79629,1.72421208077934,5.1327175159311
13994,1591,5075.63863683253,4714.2366772505,3868.31452932564,1585.72736026672,2114.45935679919,7538.18464831209,0.0163562334680542,1.65757174951616
14065,545,1497.3248870864,1475.93732512591,1475.93732512591,102.843846651371,1105.82959641256,1650.93880727697,-0.211680065021906,3.33349143132337
14078,1643,19943.2054169203,19657,19657,1217.70887365893,17654,23214,0.708077598452064,3.35713014964759
14087,985,10258.4465015228,9681.401,7161.564,3351.4782128159,5722.134,17907.437,0.623182386119616,2.57297259989378
14163,1084,1946.88592619926,1869.9125,2224.644,633.470801469505,329.4605,3284.498,-0.263790793071288,4.72237521641124
14313,3008,543.115026595745,511.5,579.5,107.11406884654,401,771.5,0.587320932921939,2.10016299272941
14316,2595,6097.4383155349,6910.69667354074,7272.8559298047,2125.98689562361,2485.72325070599,9135,-0.477640720262973,1.8274751102944
14353,3114,3238.76140043637,2958.51164982011,3513.59638719095,1025.11774115477,1659.32750065291,5217.4133387391,0.409568269173459,1.85659772428388
14359,2974,3065.42739996638,3111.1485,4002.87,679.851941548354,1224.268,4120.5,-0.976194432597116,3.96316505606386
14369,2510,1594.41932888446,1534.0475,1512.2515,144.720540422444,1418.8045,2020.874,0.942530337395395,3.06555367237699
14370,366,3904.97336065574,3888.65,3886.7,109.298693455781,3730.95,4094.5,0.160836883532507,2.56357844609904
14372,1234,1308.42242523623,1336.38966264315,1307.40823634736,158.758609861134,791.419398774202,1463.76190067759,-2.23815760921195,7.77555566422066
14391,1478,2720.03009461687,2645.35358484403,2731.30013057265,354.205416064176,2289.39251135293,3536.67735244201,0.855068015083624,2.74313885847796
14412,123,723.777369918699,725.8065,589.6235,180.265015783375,589.6235,1085.87,1.26390484006107,3.11174593690133
14418,2559,10390.6142598671,10115.685,8957.479,1140.70635641359,8506.8135,14161.7545,1.52006186532753,6.07531834330357
14447,4835,20806.3273119959,18971.4875,14305.136,9477.03273070797,9558.841,50261.219,1.12269498062603,4.02033089161175
14477,3804,8928.04574132492,8816,8793.5,506.870736975779,8008,10168.5,0.577000218103091,2.38712316789873
14489,3555,36287.8887482419,24718,73497.5,25371.1983754742,9752.5,85198,0.905814553525328,2.0566897439447
14535,1141,686.126816389134,867.001,260.1515,352.409544629681,191.496,1229.7545,-0.185414929869122,1.37337888186855
14538,4233,16366.3628986534,17303.5,3127.55,10387.4904044741,1557.5,40502.5,0.490955023992778,2.30580705494484
14590,1219,10941.4671862182,9391,8370.5,3983.69348774992,8228.5,22059,1.97475379083063,5.6275288847365
14605,3686,22963.8581515192,22993.1285,26329.959,3994.59084908402,14520.8795,36519.138,0.595003585323657,5.72345202770478
14611,971,1693.30077909372,1601.33,1601.33,250.164019509592,1394.116,2147.731,0.86251901739785,2.26448081511002
14620,4797,6712.6869019179,6765.3505,5348.992,745.435287164976,4677.4915,8055.753,-0.448868994797269,2.81747692062527
14624,2194,2883.62043573382,2914.0275,2143.883,459.136212096165,1788.942,3565.274,-0.429700148196314,2.40158212064948
14790,846,646.842829196218,730.2435,445.387,153.589965928065,429.7495,816.813,-0.375474768948499,1.34312908962278
14793,1193,1369.1584161777,1349.509,1288.7785,158.841405323394,1157.9485,1682.334,0.363074999709369,1.91156501313329
14822,1664,5977.57922716347,6324.463,5766.0775,1022.83817345176,3546.797,7117.9955,-0.908036094722306,2.48968071193214
14894,2489,63841.4414987949,68546.335,66538.71,11579.5712005549,42638.13,77054.338,-0.751985624163561,2.0841356348328
14934,1800,11569.8425,12226.5,12397.5,2354.6029561714,8007.5,17649.5,-0.00183416630658306,1.9028250749197
14960,1460,1492.8004109589,1564.15,902.15,321.948251586533,902.15,1971.4,-0.402175094055995,1.95580665335884
15055,2115,10099.3633795396,11201.2684200709,12681.6825488498,3539.90031622594,2937.38921245885,16097.5849204791,-0.44278313874897,1.99256356276958
15070,2871,11989.4412545951,8792.2586967173,10102.3655913979,8555.12436606517,1829.99117164838,24527.8031920301,0.277446631667403,1.29135235297289
15142,2568,3894.50956892522,3191.1565,3125.2045,1642.58111846406,2137.4265,7560.9455,0.705538429992304,2.10519936449052
15172,1496,68939.338016377,69386.838,64966.8515,4059.20419047623,58462.24,75927.478,-0.48774596901894,2.79292050234551
15247,2564,16513.6967628705,16542,15850,2629.20276759449,9321,20787,-0.23888064164481,2.23946806244513
15261,349,7808.77724212034,7533.593,6951.152,948.706176598001,6951.152,10068.9945,0.882887002321147,2.31334197715334
15319,2069,27195.4716790721,25587.802,24058.8655,3955.45412200331,20558.3885,39879.994,0.96037941360799,3.43909740064427
15334,4853,8753.80551947248,8135.539,7745.1935,2066.68849476302,5214.0555,16967.458,0.881975474587665,4.54561356377541
15362,1049,500085.338449476,503961.193,494870.9355,28775.4976452443,439557.3,529071.6155,-0.926186500879663,2.75503208247209
15406,477,1327.71823165618,1340.217,1005.4255,217.393334297186,968.256,1647.7165,-0.466988092269242,1.99000101277382
15508,4502,16717.5746334962,16921.5,16133.5,2929.59493352651,8641,22652,-0.421806593534583,3.4843625631508
15509,3897,1810380.26930973,1909075.5,1625975.5,293762.903189757,934133,2227735.5,-1.47342753181818,4.17508577417934
15521,3187,3970.96507922813,3077.437,4866.538,1581.55507674781,1765.948,8291.0045,0.502944002737123,2.43145763968311
15545,2718,269845.40568028,276329,291588.3885,23468.5125740488,223835.609,304713.7705,-0.413946300691713,1.92919870529508
15580,321,284202.067713834,297623.92108508,283712.839974699,43362.0031446473,145728.253760628,347558.164017265,-1.79694070441863,7.23379348974536
15581,2323,222656.700544129,210870.788808223,164315.902578796,50416.9486954999,157523.553162853,326433.308769344,0.343537860825323,1.78177611716202
15582,2685,367320.131897444,346139.626536549,396877.201112141,179364.797969977,149235.479012508,671057.386814933,0.47012469614197,1.78032568313657
15598,4814,227157.45047632,220649.929,220697.329,43215.2373575002,116115.9475,366830.649,1.08779663430908,5.73242825462009
15613,1512,279467.965146825,281406,313014.5,21008.224740394,237935.4695,313014.5,-0.0426018708409654,2.0269841367054
15617,1777,957243.221386889,975562.072,1197849.084,215607.676836797,442327.995,1381782.276,-0.505029388743519,3.51912929318498
15620,509,84079.3601943432,83439.9860127633,81842.7277918264,14328.3832129028,66504.0550503809,111755.670009939,0.52912188872064,2.34954904853422
15633,1145,328671.265183858,300963.083777548,495432.110350005,93235.4654780059,202439.247617244,550834.298347195,0.651329154080024,2.3968843588778
15634,1861,1565705.00002177,1528339.1525,745027.54,700555.673415539,261415.951,2938450.6555,0.449319250541375,2.18682760384306
15659,3955,84929.100555879,89869.493,42831.209,20440.3974202009,42831.209,119501.694,-0.827581141811253,2.61481977929465
15668,4668,45239.7766784489,47122.371,28349.5,10345.0482253767,28349.5,63345.816,-0.317089336057309,1.87191321492209
15679,1512,227633.995100528,216580.458,242825.436,24267.2022676935,194188.8265,269043.623,0.270724901312936,1.54655978126517
15704,1002,6270.09880239521,6172,6080,270.01694773939,5912,6776.5,0.45531412552843,1.94293784278971
15706,797,227676.780838084,182621.050238691,168998.76269862,74458.6281202624,155299.914871324,397929.305384299,0.801875710710138,2.09166658709158
15708,2207,1233.88246488446,1163.25,1777.45,467.446835316016,687.6,2086.05,0.10587033601212,1.28183144915255
15724,3453,528419.553039672,474917.2625,474917.2625,163505.061764469,348734.459,1040631.2285,1.63327672434729,4.76874296266658
15743,1512,318929.343800263,299532.147,271581.073,42434.7444985151,271581.073,427430.193,0.718313551672402,2.54224517228101
15782,864,198366.598842592,207547.9185,212148.1685,44344.2619487763,122609.2965,336053.025,1.21895373150054,5.86512420847165
15889,299,319488.930304348,338392.458,338392.458,38691.6740373335,268776.5615,361117.856,-0.438210372130539,1.41858828973739
15929,1190,434782.582782353,433654.986,359770.548,72189.8540885738,282688.035,556409.5265,0.0214376266677052,1.90486497125957
16428,1605,12035.1135115894,11954.55,11954.55,876.195934762755,10220.6492887769,13487.55,-0.225942305464337,2.17697782703568
16477,1652,5395.5671307506,5462.55,5617.45,375.063222722363,4432.95,5977.2,-0.466528845987315,2.59965612568454
16478,419,2787.89398329356,2539.868,2539.868,830.497493514398,1611.5565,4372.925,0.823786658141728,2.78596608254343
16560,1733,369.999328043853,320.942,196.381,123.426897421769,196.381,650.8715,0.99491376670436,2.99709590475397
16590,1356,1454.11674115045,960.669,804.7245,905.732775752281,702.808,3092.981,1.05971866209829,2.24852052322688
16603,1635,37310.4656706423,33975.6675,46086.194,5371.67319891339,33159.532,54825.97,1.05192018755708,2.78266018947804
17420,1868,3540.89086911135,3002.8385,2249.8565,1041.03124970392,2249.8565,5584.391,0.314905706648541,1.69423207264353
17436,2570,35863.3384219846,35675.511,32371.0595,3159.74766410135,29062.484,44611.3225,0.575165887339757,3.26008679525957
17452,2835,18650.4114074073,18019.287,21399.5235,3917.43057037794,12692.7835,25348.966,0.177346495910109,1.62188521682573
17828,2707,128467.844235685,122512.568,109184.074,26300.0465710117,93105.554,195941.5825,0.982550716622581,2.94940477003725
18466,885,10833.9310892655,10496.134,10420.5915,598.802012490188,9423.9895,11887.2405,0.250673505464641,2.14659297360717
18467,4832,18831.7809719579,18821.0545,21132.0215,2861.53947070057,13304.5315,26562.5,-0.0998769574891497,2.33562577653547
18636,1019,15069.8823989205,14927.7215,13998.1145,1352.34485344786,11631.764,17004.0905,-0.551155438797177,3.18217221889853
18729,3285,10331.4826503805,10052.54,10052.54,2604.59023548926,5439.163,16379.436,0.528082443913187,2.74528200790667
19113,4857,65234.2739009679,65968.8625,32048.53,19055.7499133092,32048.53,95802.5815,-0.146003684902571,2.04420031026332
19151,575,52205.7635486956,52673.846,55659.057,2610.8563554947,48329.306,55659.057,-0.095902685220477,1.39690327988611
19349,4837,68403.626893012,71941.376,46416.4895,13023.1953188032,37391.2085,94446.2315,-0.674176120538619,2.42122362019155
19398,1370,369.075454379562,371.3755,314.897,68.6193363685531,243.5205,553.7365,-0.0802252706096974,1.73089606789844
19439,977,11.154724667349,3.279,2.066,15.6435461183584,1.692,54.0805,1.95986030788767,5.47754327922328
19565,4536,25730.5362654321,26842.5,8596,12921.7513544409,7462,54326.5,0.0259398506329487,2.13828792306554
19625,1005,6873.35649751243,6790.049,7701.2505,983.447230235878,5610.9585,10287.6545,1.10128850696307,4.79986497926472
19661,4467,167198.566706067,181457.5,78607,45943.2490309349,77440,258042.5,-0.426612929956615,2.06852935408717
19824,3921,3673.45906656465,3468,2757,1000.62569050317,2171.5,6701,0.87023914863311,3.36689564067005
20067,3728,2345.3923723176,2239,2568,621.976582728685,1523,4872.4775,1.27657421894855,5.24954648019717
20779,3553,30374.808471714,28796,24638,11694.8155717461,8511.5,57446,0.0449266279987328,2.07423692992027
21487,1032,550.631492248062,516.3,627.1,161.416066484723,365.8,1086.65,2.1979590220976,7.87341181851178
22260,2588,14170.5069551777,10472.5,7538,5976.23369271418,7396,22341,0.148705559028743,1.1420208195963
23220,317,1540.10106624606,1482.6875,1441.2205,158.577080812711,1309.9205,1758.9825,0.332077750435057,1.51713892438397
23667,852,19625.5363896714,18563.16,16518.709,3119.02931833429,15430.2605,27562.5505,0.415682372615571,2.11683235830039
23671,4871,18122.5859820364,20217.5795,8214.03,6963.473543917,8214.03,32760.8545,0.0314771276164102,1.66752193173454
23714,754,6090.28448740053,6490.646,6490.646,1345.82575547116,1709.591,6677.081,-2.86889616058419,9.34450594610086
23809,3151,3951.60550539512,3477.521,2008.674,1643.02020104693,1834.6705,7235.4375,0.606903710641608,2.01030406268592
23877,1083,2676.23114542937,2833.788,2931.5005,585.881249322918,1794.8935,3511.223,-0.150888200829006,1.67043776774653
23978,4493,5570.33707990207,5070,4631,1242.63361451412,3545,8110.5,0.409713912990231,1.88910320334909
23988,722,546.755772853185,480.794,462.805,149.670323312385,437.784,816.8145,1.10961113495541,2.30182531158206
24032,812,1012.3770320197,1020.7,1227.65,122.864648740674,738.15,1227.65,-0.258433929767843,2.42443382168133
24216,1886,17056.5413573701,16494,15829.5,1367.87147380362,15158.5,21085,0.870337341358679,2.74175884230097
24287,1970,9388.86895786802,9683.296,10359.2605,1632.75794057267,6902.716,12641.908,0.151570353121975,2.03142303079271
24318,332,17796.5272138554,17833.4815,17535.1755,349.472536173414,17235.81,18405.374,-0.261417513209864,1.93957100248793
24370,1793,1027.53555430422,1050.84354382658,1423.94329416154,361.129109835061,395.220942010635,1653.09510331163,-0.153907459383986,1.79450305013928
24625,4225,83248.2689236685,87666,53071.6675,16716.7995868694,45101.039,112116.5,-0.544661095240632,2.42680492894714
24678,1251,2808.02238928857,2856.116,2999.6335,191.487413396665,2409.007,2999.6335,-0.417698083373879,1.67898431154163
24731,2336,2105.27125107021,2313.3725,1548.385,594.492603527599,758.811,2971.7495,-0.697275711549631,2.34576856525237
25021,337,857.321899109792,1221.272,1236.9455,387.272551737778,432.725,1257.483,-0.0227558446012896,1.01253005997666
25056,788,36294.8166243655,35839,38301.5,2801.11984770555,31579.5,41582.5,-0.0328136841952168,1.88099226163621
25119,2016,2031.76355084325,2078.1455,1305.445,714.50504286783,1115.287,3302.902,0.275731622744048,1.56244971208874
25124,2743,4476.31735326285,4194,3007,1231.1202410632,2998.5,6948,0.322308232674508,1.76492002329802
25157,2202,18987.862102634,19979.5,12582.1,6472.52579093849,10048.55,35162,0.667701776769656,2.43192410746693
25180,1080,2108.37467592592,2093.3,1935.05,264.357542081745,1342.25,2691,0.358107295692134,3.60475507135405
25279,3763,5545.10071751262,5955.5,2658.5,2674.21328856544,1231.5,9675,-0.273648692742463,1.73915345187905
25283,2786,3337.44201005025,3157.8795,6346.5,1389.39070683875,1187.906,6481,0.580948985933481,2.36189056024153
25340,1622,3150.49638563503,2860.1,3385.6,802.514702486956,2027.05,5260.8,0.70843345173204,2.61973681238929
25356,1105,3859.94262262443,3486.1,3419.45,1143.81631872067,2142.377,6918.1,1.64942654716256,4.63253745367128
25389,1345,1987.50828996282,1764.05,2418.15,381.421249068692,1520.05,2571.75,0.291232192149376,1.36120766635342
25495,897,4638.56688963211,4993,5864,1408.2240864124,1811.5,5965,-1.1827957701882,2.92044316472794
25627,2854,6519.93312841625,5722,6724.35,3438.95443627587,1749.7065,15060,0.865962532126756,2.97753472637636
25648,4751,27012.9562022732,33765.7345,15196.2845,10172.6550816673,13781.4765,42101.757,-0.127014186294152,1.17518642977428
25714,1512,295668.572680886,284402.6665,283273.3675,44184.9996597799,239322.6565,388017.535,0.27510855713562,1.77105800151924
25751,1348,5027.67333976261,4995.375,5318.0525,639.59038127494,3946,6501.83,0.363100662239829,2.10009527045501
25895,1987,2497.11325314544,2208.4895,3372.616,728.761752461815,1418.4855,3976.5215,0.353570304284361,1.67332354680459
26061,611,3176.42692716858,3274.3215,2725.994,364.282130615796,2694.2255,3970.673,0.47039684241946,2.72253905022331
27780,1826,2425.62815251916,2437.0765,3277.5085,703.183130427268,1185.918,3536.214,-0.290182478705662,1.97584713142278
27786,2229,9314.05667115298,10130.5,7603.1865,4240.70389927306,1368.7865,17522,-0.114861370591713,1.99171919270504
27914,3304,6541.10232717917,7213.013,10500.5,2842.1549588265,2405.7905,12378.5,-0.147219844984109,1.81980422187343
28139,698,2869.32450787965,2906.357,2906.357,469.481035370562,1702.965,3488.992,-0.898734119319173,2.93599229557235
28169,2651,2452.55827989438,1479.5,988.5,1755.80934885503,823,7307,0.949372004364369,2.6910787604899
28191,4861,6947.84073277103,7158.311,8615.987,2753.08700249074,2562.465,15809.1115,0.831177392065543,3.53967489972681
28194,574,862.8462543554,819.1,819.1,105.929307030868,702.9,1034.2,0.31087094820433,1.73084879813628
28195,2698,3986.95930133432,3871.432,2313.6165,1369.36247440659,1334.55,6797.593,-0.0597687534130711,2.26652200393776
28216,571,7366.52324255692,9038.834,3532.656,2858.77772827855,3444.074,10698.529,-0.309646864812082,1.2484890297065
28272,2989,17809.2582803613,21975.5,25869.5,7302.4075323675,7321.5,28783,-0.266629685320439,1.28937828526183
28298,793,453.130625694556,333.831863465621,610.944433536228,131.441768134534,318.347526881721,613.86931647094,0.103683205615928,1.07145791713043
28322,1530,463.016347058824,450.683,404.1675,74.5436605228946,316.962,660.0475,0.836744002591075,3.44976351523052
28349,3520,57075.8487215909,56304.5,50001,8100.01690812817,43159,69861.5,0.0106356102278144,1.95612856637535
28520,1439,10343.1101487144,11666.468,12230.881,2661.76090038941,4423.9995,12435.456,-1.34343474740465,3.04634187383846
28629,384,1371.64437109375,1460.299,1460.299,267.044784293328,859.2975,1637.7285,-1.05008568888301,2.46808139427785
28733,3031,4700.70070108877,4898.8305,3256.7685,1090.86666530652,3145.933,6658.709,-0.0170692771766992,1.67890772322041
28742,3866,2004.29670201758,1826.7,2776.35,726.991264188097,1045.95,4086.5,0.516352776658226,2.77535445235608
28838,2256,806912.422773493,801557.986,763058.247,104422.758943863,502790.923,994312.4465,-0.902843243272029,4.14928633052688
28883,2173,1336.8165133456,1352.9075,1259.613,201.292944241423,916.1405,1927.691,-0.0158875618556841,2.80464916033125
28919,340,2156.18848382353,1919.508,1796.9105,444.038479104729,1793.1575,3016.165,0.706856276070226,1.73672240295859
28930,4871,6459.53993019914,5027,4886.5,3849.40216753588,3054.5,16042.5,1.35638577732838,3.3042010067835
29011,3423,2184.14862007011,2051.0645,1854.2655,557.490502610075,804.875,3470.2145,0.113666749810765,2.91346304052175
29028,1976,9994.83689372468,10263,13509.5,2478.73857706932,5585.288,15925.5,0.374412774012778,2.25765538098847
29039,2648,7882.24284762086,8276.8535,6747.913,1268.51814613173,4824.61,9699.837,-0.751105642935822,2.53581748989236
29099,1481,1062.29963774477,1052.7725,1172.3805,147.003933903139,820.0075,1292.1985,-0.0167997331212757,1.6643334100306
29173,1568,2085.51428985969,2167,2364.5,500.693816561098,865.4945,3057,-0.428479921714202,2.750229721628
29353,1643,1955.36292604991,1661.5245,1661.5245,1108.70941422729,841.367,4228.8715,0.887602595229132,2.49591192997121
29389,4809,10835.9815153878,10521.515,6350.889,3269.62830730648,4905.515,16589.16,-0.281406640486695,1.99041689057881
29392,3546,3347.68386914834,2760.5,2601.5,1304.38059660313,2221.5,7252,1.6997505345352,4.91525716210469
29511,3303,1203.58098698153,1261.4,908.15,341.787021671708,659.55,2219.65,0.531329006159552,3.36096576365608
29710,2415,2491.01909792961,2358.267,3791.824,494.365643416207,1791.0515,4218.238,1.24029292018872,4.06560259025005
29733,1718,923.871568102446,815.1605,1206.4865,207.606090293775,691.953,1273.6615,0.202611542763834,1.25298347026949
29755,2162,1090.68455642923,1022.0965,1412.998,228.633256492405,784.194,1555.586,0.539015524132036,1.93609838852725
29804,391,3332.69232736572,3039.05,2421.55,833.508037664446,2421.55,4854.4,0.689508187117947,1.97474128619582
29830,1705,905.918481524926,813.0125,786.5,336.652986851423,489.911,1502.95,0.474195628269403,1.91542161014858
29850,1196,2628.54722408027,2498.8915,2498.8915,625.653439685817,1765.932,4375.7495,0.919920491041624,3.3458420718455
29875,2863,2147.76588298987,2024.333,1469.2995,759.737925100919,1311.3275,3724.0185,0.839510342613445,2.50397213206563
29968,1481,2700.22035786631,2840.35,2091,373.513247299092,2067.65,3243.8,-0.441537696404749,1.6586098567828
29984,1047,6336.03557258837,5973.4115,7308.691,1055.99168783551,3852.084,7812.7895,-0.0230915178449053,1.48840294360905
30024,340,1680.27692794118,1705.232,1705.232,201.70054924066,1359.23,1972.07,-0.323357268617722,2.14317095392917
30098,3918,839.183795303729,617.513,540.43,772.879538440968,132.6005,4134.85,2.18334008682541,8.83733793151623
30170,1002,9056.44492664669,9062.26,9393.528,447.674601539678,8209.857,9855.601,-0.284448504317907,2.23792663185263
30298,1411,962.478646704468,948.1775,941.0145,68.6784282659633,863.1875,1125.5685,0.570124945830889,2.73610183927128
30354,1558,1433.99711842105,1433.911,1343.4875,177.365353339284,1110.75,1884.5495,0.288499075412809,2.75228901018997
30384,1773,1054.70918471517,1083.7795,1213.5045,126.228057112604,810.206,1226.4055,-0.515240185188208,1.87512541598346
30452,3824,214982.471993331,227797.634,58722.7435,81699.3234213919,40203.8295,332560.318,-0.578292434803555,2.25904385278084
30495,383,819.161338120103,813.961,745.024,72.6181917233738,745.024,971.0485,0.941025286451595,2.88315014812975
30501,1512,282902.527798942,281548.113,254566.7795,48326.1631061364,217537.579,393278.393,0.0895096940589327,1.57799825264007
30538,942,955.562480360934,747.461,569.108,432.080068649378,438.271,1714.4585,0.590980550472567,1.6962434164281
30580,2795,287781.854668157,286526.4195,301663.0845,38498.7731269464,194604.499,357014.8855,-0.267043324002422,2.4687353478002
30637,2359,1294.73338024587,1310.292,1391.332,84.5919423544284,1119.9215,1450.767,-0.3200460718972,2.11146630870281
30806,2092,3925.5805329828,4025.355,4090.7165,1106.38586076403,2254.0295,7071.521,0.668847346616988,3.45864284319315
30807,3570,16144.4753162465,15797.628,12121.2485,4826.20619397389,7110.002,25055.855,0.0282311334261768,1.9813719832583
30821,2009,2108.59505425585,2198.053,2195.645,503.205093225227,1169.45,2790.4185,-0.629593275680312,2.08560756046152
30874,3162,41990.6400234027,43334.085,30828.4015,17413.9457209884,17322.558,64386.692,-0.0396418684285391,1.17599302121506
30923,903,12595.8261910299,12423.15,12006.7,816.398245674258,11249.4,13976.55,0.161897544559453,2.0522413191707
30990,1743,43526.809856856,33641.8265,27556.189,28364.5586519137,10518.6015,107965.4545,1.14169125188347,3.02663213852334
31137,895,12844.9483687151,13086.6145,12485.044,1475.71388169596,6753.0545,14067.454,-3.0176027551421,13.1363122927839
31142,4837,3460.59042205913,3410.5,3852,545.317529812535,2500,4919.5,0.351311550123575,2.63171950731502
31673,1789,8450.19964337621,8533.69,6746.4655,1252.08586544912,6506.7855,10830.217,0.102416260014662,1.95916089625339
31846,3041,2089.60537372574,2260.05,3372.3,781.969719977287,971.8855,3372.3,0.100996829235649,1.61786777687434
60800,447,1162.61736017897,1145.607,1056.345,89.0322148758188,1056.345,1294.925,0.250398880304504,1.49907973845891
60894,1064,2397.44872556391,2346.7625,1780.473,465.298355945981,1293.64,3050.913,-0.535620106237022,2.43568678336451
60900,407,6679.88247051597,6835.8405,6740.89,491.325395349166,5694.578,7093.228,-1.15141955611732,2.67801906363734
61067,2261,49139.9748927467,52081.285,52154.536,8264.66766110385,27064.2065,59160.227,-0.992225814721533,2.83974995325163
63120,3662,434964.340821273,440842.076,472390.9685,49329.1163785301,310904.9085,549494.9645,-0.675264752103703,4.02414745751505
63477,4856,19126.138636944,19611.738,22848.199,3940.35537518075,12190.6635,26411.2195,-0.333988176568452,1.98488508706032
63501,573,43556.9724083769,41755.3935,48926.9025,3763.62304625043,38612.0765,49593.385,0.423258981113486,1.69161200849885
63546,3054,100958.746348559,98653.5,98653.5,10355.9121196282,83389.5,132603.0635,0.875304695576974,3.89924590442415
63605,1800,11797.6797469444,12129.6855,13736.1205,2204.37851970523,5295.94,16753.5,0.0365054120977623,2.79056856133245
63892,1394,4385.23109756098,4297.05,1560.4,2114.73307778452,1046.35,7527.65,0.0419926579163578,1.63211077267189
63914,669,9503.81988041854,9655,8538,1047.64414250247,7897,11192.5,0.119712053603652,1.88749103709212
64030,1334,1373.9040922039,1343.572,586.8855,794.154387348428,532.155,2990.628,0.433228799142983,1.83144728726796
64166,1759,3096.76598635588,3095.89,3147.4695,454.867011432722,1896.5905,3986.976,-0.450597734145917,3.76096312257657
64690,326,2184.46165644172,2213.7,2207.7,97.139806475877,1990.2,2318.85,-0.523259792323215,2.34045330327943
64891,1909,967.028479308539,957.1125,733.05,274.215674912574,571.5365,1439.45,0.118615930717338,1.71276298281477
64910,3943,21810.5392179812,21556.274,10164.9905,4429.27787776047,9746.6105,30396.762,-0.525957847946048,3.11233660842458
64925,1157,3307.68551166811,3238.2915,3181.1185,425.975057408441,2619.0555,4306.7875,0.534921824897108,2.79965495988996
65248,1348,13305.5649109792,8319,3306,15529.5286835057,3055.5,50056.5,1.49480376289526,3.53837324844168
65350,1552,2307.65302835052,2335,1988.5,276.478232466091,1809,2931,0.27021844695467,2.49769548852374
65399,2367,1963.09526827207,1883.5,1746,292.776736366031,1536.5,2594,0.461791653355971,2.03018956922782
65417,3456,3708.65407986111,3833,4346,649.607133016218,2734,5094,-0.00191784664678233,1.4021706109815
65459,249,1912.4519497992,1949.82,1949.82,55.11433943585,1829.858,1962.7365,-0.448461413752084,1.32664372141597
65590,1102,210.846293103448,217.1475,214.0525,16.4044610441428,177.743,231.761,-0.729512736368624,2.09744243155169
65662,3553,53767.0057148889,56002.2975,77636.6375,21810.9514749167,15976.928,81706.5,-0.200415470445712,1.58003977372538
66016,1359,976.534584253127,899.5,767,187.887719648734,743.5,1323,0.33311448773588,1.64696365513152
66065,888,2232.1594786036,2214,2042.5285,151.286745901856,2042.5285,2602.5,1.00529515340144,3.74776047503124
66290,861,881.985191637629,902.8,911.7,105.228798940155,669.55,1110.75,-0.317982474719925,3.19792060164429
100075,1131,101.006582670203,95.018,54.95,63.1289406043247,46.5775,293.098,2.09342159591197,7.06400428265737
100080,4815,32891.7714764279,31467.5215,20559.616,12568.3297808174,12243.6635,72705.3645,0.94938882685037,3.99534702041491
100103,4556,19625.6487359527,21088.032,9264.695,6113.75265896471,8352.125,30173.493,-0.400917170022856,2.13041631868753
100135,271,3013.4165904059,2952.75,3235.996,238.318982488267,2581.2475,3235.996,-0.702577258961914,2.27341573282778
100165,1339,1853.43957804332,2115.7875,1383.981,494.29095394884,857.6155,2457.5525,-0.355258963741514,1.6399865364092
100245,1412,481.740545679887,516.3865,392.0015,181.087830725176,236.139,995.1575,0.387560482780211,2.23826786039029
100424,1898,9358.43519494204,6825,6825,4695.23183231257,3281,17727.5,0.477917949162086,1.77077451947139
100572,4872,4837.73458189656,4801.5775,4101.853,860.183301837159,2976.6325,6329.9835,-0.135503308208739,2.35621374122105
100581,2106,10014.8689769706,10806.113,5739.5425,2500.45002921878,5739.5425,14878.4745,-0.185729883703484,2.20768111104451
100590,1965,63385.6733516538,68491.706,74371.9605,19585.5991596224,33114.0435,95893.593,-0.258982765126472,1.66696818532029
100609,3837,16054.869807141,18949.933,6934.556,6418.79565404922,6034.1515,24609.7265,-0.622500598003796,1.65978664260932
100699,4248,14133.0717701271,12866.8625,7975.503,3727.63387637231,7975.503,23400.841,0.558927861761178,2.27486396755472
100737,1342,121373.588940015,119013.03,107640.6705,19609.2840886409,90445.83,151782.5925,0.161286130550761,1.43221707533297
100760,2542,5547.40620023607,5576.7685,5576.7685,928.567544776509,4208.259,7660.9605,0.171720684657468,2.60339228846452
100781,572,5319.3241284965,5399.288,5091.8635,170.920116852224,5091.8635,5603.694,0.0202107561049588,1.50501959133336
100953,3320,65328.0617414154,68536.5,68536.5,7846.50485367179,49332.469,81555.5,-0.680858405002184,2.81280324801252
101020,4789,6761.54923219877,6690.9505,5345.355,1119.48864596939,4947.875,9075.73,0.262652155797344,2.25408011011904
101202,1824,11561.6797897477,12400.5785,12296.999,1748.33455172133,7802.605,13122.8085,-1.11143882481596,2.63813512271303
101204,1462,39185.5582821479,38930.664,45781.5795,3915.79122865924,27906.6975,45781.5795,-0.414749023655433,3.76282940318416
101292,2044,9801.51251002934,10421.9135,8750.963,2875.69765654067,3212.8165,13991.3105,-0.891970228719874,3.29282638566489
101310,2681,33984.4183140619,38721,41403.5,8632.92998966079,19948,47047,-0.343761708083114,1.43743944867192
101352,1691,18896.5563305736,18376.7135,18376.7135,2078.47404980974,15370.212,23506,0.412900676174634,2.47841328647017
101361,4837,4475.42788525944,4592.7835,3060.9575,802.158591254122,2894.044,5818.047,-0.357013868454732,2.17110809126871
101475,475,16993.0233042106,17785.271,18650.84,3708.52330315196,6822.06,21346.178,-1.20855859494861,3.82316717345403
101718,4854,5651.89284734237,6037.941,5782.673,1201.04158841657,3420.1875,8301.4025,-0.287908168711034,2.21730493627409
102089,1238,5158.87260056544,4878.682,4606.9025,1090.15281436623,3724.809,7199.72,0.614848773050713,1.9717067458125
102345,4330,3251.79254872979,2777.158,4765.498,1358.21322140805,1410.441,5766.1305,0.273015871117309,1.58417797586081
102422,3736,2861.24906316916,2822,2478,439.216850503473,2170.5,3912,0.446961674469003,2.19418675455835
102523,4331,7441.42280062339,6885.0255,5387.9895,2355.02548850895,4497.5405,12642.5655,1.12690771640577,3.06308404775584
102704,1280,6988.75632460937,6993.9555,5734.77,2274.50338102386,4293.036,12104.644,0.925513625597072,2.96889488542765
103124,2774,7428.29009246573,6260.845,10647.1365,5671.29676489862,1416.9865,22829.237,1.34482267739736,4.61570907577554
103342,572,17181.7490253497,17470.203,15469.378,1362.26730985385,15469.378,19515.336,0.428206313197901,2.16491254450408
103487,925,6841.80558324325,7421.7165,4142.7055,2280.76378229971,2950.4515,9890.054,-0.101828110632367,1.52715698399748
104598,4801,15778.2517901479,12537.215,11737.903,9262.36592949079,3289.5025,29839.2995,-0.0208594535795241,1.33902931226132
104833,487,15620.0475841889,14523.7805,14523.7805,1587.82739703469,14252.4575,18314.1365,0.919057056960936,2.18107211022027
105089,3517,14221.0302044356,14395.9625,15554.376,2857.31051227294,8967.642,21556.301,0.538556139616838,2.82702317091724
105222,774,3399.78580177056,3224.69722331627,4764.91836188437,1274.76837246379,1535.58188597782,5076.6943940708,-0.0628382523729638,1.37447185725287
105365,1354,2368.31123818316,2394.4155,1839.3985,357.924640303176,1832.3115,2871.736,-0.274340017180507,1.71622791401151
105448,300,1458.42186416454,1334.46092462486,1698.79631371074,232.638063685686,1207.28622715405,1812.20515908863,0.433551759494512,1.41871900172701
