gvkey,GroupCount,mean_V,median_V,mode_V,std_V,min_V,max_V,skewness_V,kurtosis_V
1045,2662,20887.3645532621,20420.4288291127,17263.496148144,2113.40275460735,17263.496148144,27497.6687573692,0.908385702219947,3.21423104387734
1075,742,8079.63167838282,8062.48155727255,6709.73927308053,722.933334505771,6709.73927308053,9701.03058946711,0.355742131142575,2.38669358912379
1078,2466,91971.0146804805,90727.1674365111,58245.0144016891,16169.5369105388,58245.0144016891,140471.357572638,0.622979088477872,2.88977266079163
1161,799,10601.912329464,10774.3856112111,5935.48601558767,2891.75725429663,5935.48601558767,19330.3696883291,0.352260688051433,2.69555007878012
1177,4266,45645.4522307808,39997.0171771832,23901.2284656035,18720.8463971498,23901.2284656035,95876.33686784,1.04027097583116,2.99866306792243
1209,4836,27325.1357222588,23737.7505277862,10709.401147481,12974.1828678008,10709.401147481,76774.925444746,1.14724128469199,4.13032341303394
1300,3189,56740.5979330547,50045.5860906412,25972.9954680677,19500.6177918464,25972.9954680677,104927.500348969,0.941074500225515,2.85832966637829
1356,3866,32940.4811428268,31482.3230300609,19271.9594715441,7700.97048931987,19271.9594715441,54745.6796526496,0.297299436383363,1.84688790914569
1380,2400,33125.6029833993,31889.5577836296,18166.5624880296,6510.14347121155,18166.5624880296,55103.8333206909,0.405252190057336,3.02298609796758
1408,2389,13190.737677178,13594.2617763595,6983.72528128329,3269.17684668108,6983.72528128329,19431.0544013819,0.082354563902769,1.72296645114267
1440,3542,37995.4191135571,36482.15498746,25135.6786439735,7733.98008733953,25135.6786439735,56534.8235262294,0.476405937054144,2.19650717099669
1447,2147,144457.868224251,145459.009907342,94388.6025555994,21503.6761614277,94388.6025555994,186067.559888677,-0.358917324171688,2.75503057907014
1449,452,51178.8217507805,50002.5095645877,44415.1906800648,3853.00345532777,44415.1906800648,61052.3673468917,0.683623002842915,2.87608184231756
1468,1855,1731.48296836284,1770.91367346239,845.440496658367,442.514850843882,845.440496658367,2528.85725804082,0.0475315338196807,1.81337564454749
1487,3179,445487.87221707,432666.668323359,268277.75633075,118031.36796614,268277.75633075,661456.008661471,0.0978426175286862,1.83361992061361
1602,3022,84998.0823692046,80912.5775810009,35165.7717714224,22626.3251635524,35165.7717714224,157536.095547332,1.14909169262401,4.17822406864024
1632,754,12813.1058458896,12367.4703726362,11642.1811309093,3325.52452458009,5306.94449114154,19884.4408669149,-0.0598288875733986,3.02484328518286
1661,3143,9508.06091093735,8795.00114148864,11964.7081823333,2414.13224308406,3980.82523054292,17724.8423117037,0.512520687578618,2.75670877666244
1678,2902,31531.7756562505,30514.0446265662,7504.60548008591,14706.4688351473,7504.60548008591,58425.2787889032,-0.0676057415112733,1.71019230787483
1690,298,121736.346309728,121244.475697402,79225.0575294225,30267.3715943781,79225.0575294225,184846.936218999,0.368739779946978,2.09334361395307
1704,3123,26558.9428311213,27425.6121575822,24439.2247106665,5972.35284893679,13878.3506285908,46688.328271547,0.177273370596284,2.65571834850131
1722,4755,34959.0014746705,38137.2851903883,13398.2077789679,10386.1126590325,13398.2077789679,52230.3346738714,-0.70032331904847,2.31698087801027
1773,4040,8162.93399473246,7572.89567680372,3425.27033316179,2892.6395843736,3425.27033316179,14939.2329447628,0.473485418388956,2.20996837772829
1891,1524,39156.3490623984,38439.5456781165,31472.2096746805,4217.43407344563,31472.2096746805,50745.6722514073,0.792823477784013,3.26317098025516
1913,1788,7955.32951735954,8173.39632774525,4984.45634904649,1088.42012833775,4984.45634904649,10354.5309222433,-0.615972856959914,2.61725157368569
1919,4758,7978.89835497557,8190.39898708171,2758.587264424,2511.84169937066,2758.587264424,12719.5206914984,-0.0970285832984439,1.90919204332815
1920,4617,12965.1143194019,13699.8383530255,3759.256888991,5864.83508355499,2968.51639673482,24021.0677980686,-0.264123013408044,1.90205598696155
1932,626,165219.216814403,166706.65540968,102892.560818197,30380.8437137458,102892.560818197,224531.094812588,0.00125015896205481,2.15938368523574
1976,3478,22862.3517554898,24062.8286954838,10108.3725965924,8008.4140452406,10108.3725965924,40638.2346429567,0.135874884451474,1.80268225490984
1988,1822,7172.63258975693,7173.28220663271,4698.95667039729,1013.64705893475,4698.95667039729,9526.65662076729,-0.0935319466572921,2.32400069112141
1995,2585,17332.9030050536,16174.5751923237,8848.30780586161,5188.27945431712,8848.30780586161,30836.4835312752,0.673794792830973,2.5660715983893
2002,2507,36627.1238046866,35541.3780356348,29988.4774335043,4221.47808300366,29988.4774335043,45361.3517412156,0.508776993915035,1.9524527746766
2019,695,193609.833009966,192540.74941595,120686.28509534,25128.7060445329,120686.28509534,252254.757627491,-0.193611471890949,4.29311910922662
2025,334,3635.16498853166,3898.5261301905,2097.77210674644,754.531101428194,2097.77210674644,4708.64264020498,-0.759311344546668,2.19575115556247
2055,930,22212.6252519011,17122.9083308706,10306.4246985409,9618.48405038043,10306.4246985409,48433.2644552003,0.379425557808834,1.82504715953801
2085,1139,4476.30588504841,4541.46252570608,2951.96528910101,648.396879366865,2951.96528910101,5798.79885724863,-0.193485927063737,2.27024497934008
2086,4390,37451.517540274,38107.4079193054,17724.1917905685,8079.13182244148,17724.1917905685,53013.6115048954,-0.177539340300344,2.20712558861572
2111,263,21159.9452417274,21002.4263027326,19321.4641378594,973.730241380734,19321.4641378594,24434.7277881207,0.715924589508815,3.48564965052899
2136,1353,170085.282195361,169573.289219188,160778.481085188,9459.11718748282,142843.615506843,195515.922627701,0.377165893041707,2.87977712349527
2137,2217,34526.8863417856,33913.8653083347,23789.0790826482,5586.09899376636,23789.0790826482,51759.9089853959,0.74947239920367,3.03079492187551
2150,1245,3529.37375460432,3624.079908805,2613.50497076807,469.167121870047,2613.50497076807,4411.6564580547,0.0119246484237625,2.03536574684963
2154,1575,3862.14398972253,3788.50543417131,2634.15823646369,514.201129378549,2634.15823646369,5025.61392468075,0.202824112292309,2.04583138753114
2176,483,265111.68445211,268196.427246052,204035.746167776,27429.930799071,204035.746167776,316795.502503546,-0.266524952721623,1.94322415771055
2184,2855,23759.230543583,23983.260306078,9841.26999376055,5410.2410653894,9841.26999376055,35636.2934628305,-0.21750845006494,2.51386847438263
2259,1358,2288.14348675118,2353.10943288996,1682.96019640971,257.119673668558,1682.96019640971,2831.93599578343,-0.453235934345895,2.165473655575
2269,2150,9642.91686292687,9814.20838404484,6022.88861562459,2143.58223395663,6022.88861562459,17133.7914221842,0.752259503486743,4.30796596396106
2285,4872,134002.979307294,107419.98815135,48938.2901569764,72623.2369495737,48938.2901569764,345832.36726533,1.18050124748941,3.45318501416983
2290,1428,4591.16742951924,4705.65752158995,2645.23310794731,1276.12399618535,2645.23310794731,7101.87904446002,0.205137246588335,1.76911083835365
2338,2632,29570.5495543367,29218.4568764978,15082.0346204486,5638.51155504694,15082.0346204486,41320.8388455163,-0.235610282746033,2.26674193335289
2369,1227,37906.7839360893,38627.2333258793,24410.4670930029,6351.2789690379,24410.4670930029,50376.1006820113,-0.317120874906725,2.20076552295842
2393,1229,2067.93323236247,2066.66093825497,1302.55655327272,438.075871543182,1302.55655327272,2865.32131614868,0.0677195153800929,1.55538698134823
2403,3404,69954.2271674949,62147.8427596914,46042.8874080727,19978.1703672809,46042.8874080727,129732.076529713,1.49947432755464,4.08932579051391
2408,3558,20993.2663260242,21484.0936730942,5446.478895251,7175.40475974345,5446.478895251,32159.5629217553,-0.353291340298632,2.01900690293537
2410,4872,1057891.21174416,991449.036879093,420252.188919766,265133.071656141,420252.188919766,1746704.49039046,0.519080495292474,2.65402991500191
2411,4499,374715.294418388,345077.459839436,41337.6193152583,142164.91328041,41337.6193152583,758578.728783375,0.582406572294528,2.3592091006899
2444,2800,4114.27600060111,3860.84687580725,1837.58470016671,1178.03742627079,1837.58470016671,6679.08014680556,0.186076447181694,2.22446910469964
2504,1576,4734.65824600858,4796.79074099494,2335.47368721827,1197.36247030707,2335.47368721827,8009.62236641932,0.382086744334383,3.06146665216051
2547,3299,42320.2514538572,38587.0853036414,23442.3894339743,10514.5887289815,23442.3894339743,72330.3082741894,0.439230868653362,2.0755872693947
2558,4791,33091.8818600072,33720.4228776977,23859.1553776123,3050.35927129231,23859.1553776123,40667.9113577018,-0.27256523439616,2.58038921269708
2574,3315,26661.3387949848,26179.0139242169,14056.5934406716,9609.68897218498,14056.5934406716,49581.4551749325,0.411848878749827,2.05770868647606
2593,1890,3080.419442326,3007.51215638078,1463.90628578173,662.613183543902,1463.90628578173,4776.06048717541,0.158372706226716,3.13141892580516
2663,4870,17426.841085895,16935.9068396781,12153.7110495807,2747.00383706057,12153.7110495807,25239.9443767231,0.454896383346069,2.40295796072819
2696,3145,32726.9914866668,31176.1559115431,11787.5672218837,13795.7667313596,11787.5672218837,70518.7288921431,0.485742847364847,2.59288287040355
2697,1688,17754.3178417365,19579.3989047977,5203.99526444189,6163.77632826324,5203.99526444189,31160.0979900579,-0.554297016650034,2.37957982862891
2698,492,7686.68538687287,7240.6372171134,6265.13926733047,1026.88693392362,6265.13926733047,9750.73166930885,0.275563910670908,1.52715371229481
2710,1602,8061.97270639024,8174.15041333108,5533.13809388348,1081.28532734966,5533.13809388348,10518.2137662829,-0.128733759897135,2.27466788931658
2721,4636,58109.0621267954,54831.7693156826,34057.3712609288,12024.0444362563,34057.3712609288,88978.0829921569,0.443703119253033,2.54510687732594
2751,4838,38038.9917537533,38293.998355171,22827.0204629834,7278.38488975018,22827.0204629834,51984.5058893629,-0.0903027161262157,1.99998721022182
2783,2068,21381.1502779918,21414.5708604566,16221.6166203725,1473.79673146613,16221.6166203725,25474.4478523637,-0.274565856711003,3.501796663155
2787,1730,2348.7400016301,2081.36522420199,921.601238004009,942.492574082181,921.601238004009,4522.59236986907,0.505574479369369,2.00603436332217
2812,560,3277.79055433843,3211.00145211223,2805.9894123797,233.808700733182,2805.9894123797,3713.93490568106,0.362969522588316,1.99340682818067
2817,2411,70399.293307774,71398.2612835825,30158.8512761032,20112.9437479897,30158.8512761032,116781.745492234,0.209098642190057,2.62153051933881
2884,2052,7745.21257187724,6896.22431375315,4944.18596150132,2985.3333586993,4944.18596150132,18809.4205454229,2.78685356951018,9.74237815960344
2968,900,1176551.39413913,1129639.4505127,961549.804523787,229236.157725668,961549.804523787,1892594.01784869,1.67948582186063,5.47282774275688
2991,2799,237824.946839567,239763.443904742,139246.237335332,43665.0070103268,139246.237335332,327696.45613256,-0.0560606782013556,1.92518748118793
3062,557,4926.24681591259,4923.44472142919,4739.57347553596,459.47134446988,3661.9926108436,6068.56308873527,-0.162517667539937,2.47518943398433
3121,2399,11563.9651922874,11654.6758473827,9001.55489609654,900.660630523711,9001.55489609654,15388.7427659732,0.0409540935498145,3.76438574919921
3138,1785,1624.18099616132,1224.64741972646,1028.55263659698,654.61353499885,1028.55263659698,3276.44854331947,0.99720148231977,2.62917191381224
3144,3400,157782.49420593,142315.295439849,101557.745981416,41761.9700161444,101557.745981416,244111.035582129,0.558401978078568,1.7840645756662
3170,3457,43975.3451192585,40120.4987692914,44908.3534646242,11886.9671867019,27784.4513337912,72893.2506336785,0.943868991295121,2.71881711033981
3221,4798,36606.6982673978,31530.3696651958,19865.6035810583,13323.6314103631,19865.6035810583,75717.8392989708,0.899379091619199,2.80038667658838
3226,4800,151765.430206568,118595.294587382,28484.7629703037,75226.0538524889,28484.7629703037,344544.671676546,0.543565234164582,2.16793621414652
3231,1075,55290.7554739597,55219.6884551914,48844.9923173331,1951.00815681799,48844.9923173331,60587.3572154546,-0.0497152191584048,3.82789479627218
3243,586,1155203.85301052,1046110.26690738,895924.304700977,265612.370888397,895924.304700977,1694987.64242477,1.02364572008049,2.38881491710531
3246,2153,3280.09929102837,3251.89597603735,883.619109421619,1230.53029051407,883.619109421619,6514.44329942388,0.00284181121291076,2.59637741800377
3278,3488,11253.4104299553,12229.724194885,5590.10230977847,3405.25742013169,5590.10230977847,19990.369694639,0.0313702133843284,1.93028511359206
3310,3136,17280.0553430703,17357.2778811638,12511.7156184579,1691.3579216499,12511.7156184579,23691.7300385157,0.338492196129369,4.20074422004928
3336,2189,13343.9921510637,13685.8739134038,8038.53821179765,1874.03628539313,8038.53821179765,17354.4346770397,-0.615877252581835,2.95549478777969
3362,968,21374.0914595661,21213.2622828187,17309.3887057448,2696.94428032338,17309.3887057448,27756.3645676237,0.556339410751481,2.23488974830725
3413,3339,25606.4302156173,23881.3410631128,14165.6518097998,6422.65598239566,14165.6518097998,37781.5430371484,0.203769169220675,1.7327056718836
3416,1706,3337.43760225865,3342.31265018928,2142.56837262872,367.815030490006,2142.56837262872,4223.28457899352,-0.383934309307723,3.4492189879999
3439,1652,9933.81080386478,10165.0136337291,7223.11971548114,902.919511691537,7223.11971548114,12135.6100146636,-0.943429999718075,3.80270013940351
3497,1395,9711.56372120886,9660.62564494461,5675.7928181829,1581.25778327409,5675.7928181829,13076.3336074334,-0.0531792795105428,2.22838020383322
3502,2397,2218.53903673106,2289.93764925517,1319.37551306583,431.43181459047,1319.37551306583,3125.69580119886,-0.221505072091698,1.99921954935078
3505,1250,9749.06823674946,9962.84624519783,5999.68863056816,1438.30928420636,5999.68863056816,12650.0196933425,-0.0326975836580512,2.38145376623046
3532,3665,27160.9144913704,27450.0040017019,4872.51390552665,9698.1423815095,4872.51390552665,48853.894396862,-0.18806381638511,2.46845257425801
3580,1678,2957.0541110203,2937.58922550983,1872.09788923265,503.352223132088,1872.09788923265,4157.43481166227,0.198275317244415,2.02716518421933
3607,911,3833.80508570577,4007.40077496452,2083.38417587339,905.408414085961,1684.22357929443,5578.49333246511,-0.725007257833546,2.96305361189809
3650,4818,19537.5966908639,21792.5111151381,3110.31269050821,11424.0351510099,3110.31269050821,44330.1190214992,-0.0113347260325984,1.57111211485004
3734,1359,7488.75610448677,7565.48239924606,4518.05173762938,1184.67037618453,4518.05173762938,10306.201613153,-0.381881525420696,3.07980230385252
3735,3529,33023.8766954212,28059.5208693699,8253.12632285366,18172.859696295,8253.12632285366,84228.0440189036,0.785915376102407,2.61537973556451
3813,4867,59375.2103616613,59311.9826438521,34021.9524203247,10767.1667092797,34021.9524203247,118389.026333662,1.13726986758376,7.18481317921247
3814,1792,4689.05590094263,4719.88244568946,3759.31458559156,294.753224001198,3759.31458559156,5281.92606694996,-0.596443170903184,3.06145040190357
3835,3697,46542.0013384161,46538.8265539953,20060.018419308,16167.9434271008,20060.018419308,71041.6293884597,-0.0614317824498744,1.47725578808296
3851,2352,19965.5752580998,16868.8471430107,16398.3559846943,6839.36769585323,13602.939991671,39156.8851792432,1.64562732554042,4.14747246778911
3863,664,2218.92061647548,2092.68481301547,1590.47238241527,483.170726294427,1590.47238241527,3200.10596602191,0.455531243253918,1.74943294631472
3897,1334,17387.2139246036,17477.5800574892,14742.1027896997,1204.71819970746,14742.1027896997,19815.9912382771,-0.172413361994514,2.15009218148149
3964,2325,3919.14692746833,4048.65089763393,1864.14681083162,767.972045950663,1864.14681083162,5343.60989420275,-0.521857132790404,2.57598853138934
3980,390,300852.069116665,309045.252589782,220776.860230762,26713.8401783699,220776.860230762,344416.107590808,-0.80799901337594,2.81000550531428
4029,3681,47154.4477213143,45366.461492763,27067.6746667314,10604.7414199231,27067.6746667314,72272.1978316141,0.455659297511221,2.55316945078705
4040,2690,8754.91120458523,8268.08829502284,2447.29895752132,2682.50976999984,2447.29895752132,14664.8499599849,-0.45432354495445,3.32637677203126
4058,1994,10283.204868806,10200.7752391632,6093.84581594497,1745.05543128002,6093.84581594497,13731.447299065,-0.361020698499282,2.36695497164366
4060,4866,76491.410542928,62973.4799654282,27785.1764526633,41878.285803108,27785.1764526633,239815.054279174,2.32972041607608,7.90965052093071
4066,4711,27594.8103325837,27028.7909989403,15337.0778140408,5080.52963726841,15337.0778140408,37252.5596141028,0.0267629991571078,1.91762736536144
4087,3965,65274.5863546018,63250.9674898744,33676.0709963092,12399.7713215255,33676.0709963092,97427.3073824576,0.246594931684501,2.54225997562835
4093,3468,79631.9333938668,90670.6056438543,33252.4147515854,32689.1517827955,33252.4147515854,138163.724189368,-0.0403413060918381,1.46975766467943
4094,785,6177.16889925811,6227.46335288653,4912.44616008072,592.992614505023,4912.44616008072,7610.99190308456,0.181508881527191,2.32074619652344
4145,2397,3362.11961730657,3398.87820114054,1566.45909554627,659.367315502941,1566.45909554627,5960.36699073704,-0.192031101609325,3.73753894216734
4194,2687,13150.7237219044,15173.4574825363,4439.51167124732,4947.63550684377,4439.51167124732,22777.6955100058,-0.417384594643487,1.9087962145213
4199,4278,24775.0223456409,19097.5235422272,7443.72694821002,13829.4732879385,7443.72694821002,49362.6951092887,0.515504485808403,1.63527973961294
4213,1616,11588.5358809759,11891.0510792946,12967.8073199553,1595.05487886911,8106.88747530673,14755.2448693884,-0.200656676051869,1.8233401671971
4242,2466,26048.5241937886,23958.2571485602,14876.691254087,9089.02003600608,14876.691254087,62028.5162847389,1.87196206149258,6.06169548224814
4245,1412,7605.67061552194,7318.82845844719,4018.11484566764,3215.13466848524,2699.50680613038,18585.2698584782,0.765173558872287,2.95479466162047
4321,3068,41879.6676782221,42197.1833393703,24769.9792494384,9191.90327348331,24769.9792494384,60366.8353564932,0.0279300162457519,1.87931472012377
4367,2668,15588.7166383645,17344.5796270409,5755.89995551299,6824.97053729443,5755.89995551299,37847.8974080568,0.283587917806256,2.60248223298888
4423,2013,4965.81277698547,4873.85912769496,3445.65588318309,809.78964265198,3445.65588318309,7825.18094825966,0.525707221835574,2.82082799331986
4439,4871,152817.063000819,49188.5625273956,28500.6804695283,187317.448355337,18180.6377081164,654379.802483035,1.34670795582131,3.09155005818211
4503,2534,437575.978272426,441596.638677257,254449.20927712,93835.0167779398,254449.20927712,605995.987204488,-0.209974279581854,1.68860518023518
4510,2572,5177.88952502167,4094.5034620765,2123.61561006638,3014.0737996021,2123.61561006638,13884.9898433759,1.43272359984364,3.88906941657091
4598,3646,35881.6539179715,35640.0070507745,15425.7557355663,11368.2032624719,15425.7557355663,65146.2124532638,0.456179293334699,2.84500443963085
4605,1682,4515.70880845109,4603.51640875386,2255.8654493181,1076.06237985918,2255.8654493181,6388.82480061749,-0.334210539845158,1.98735457520677
4611,2042,24560.3069449955,24990.9340217825,13893.7678822529,5517.46314807867,13893.7678822529,35414.1105205991,0.0770993592545717,1.89695893166886
4622,1505,1503.97522294378,1575.51549226441,1392.24811416732,259.842540081962,796.863559312441,1948.31076949314,-1.15719194090733,3.71132633190545
4669,1495,4910.77709845992,4492.48972453688,2673.69267217529,1300.80599909674,2673.69267217529,8269.75251296719,0.791132662201034,2.5826323375811
4674,280,126031.557250264,129003.542110708,95309.8883531033,12687.3769414398,95309.8883531033,139071.955726617,-1.59172478926342,4.45866019445495
4723,3092,266472.798046587,242561.477426674,164428.206760352,78667.5234692554,164428.206760352,433924.359153754,0.73881819252898,2.16866293669993
4818,355,11916.1802105481,11583.4768575376,5513.68058925067,2874.38692974086,5513.68058925067,17707.871019801,-0.190781422416208,2.89233100705431
4839,4836,190222.184354347,191083.357708205,146496.271115604,15254.7108120877,146496.271115604,243813.255196991,0.175285835601644,4.42101816820182
4844,1678,4023.11689075645,3676.92273041135,1922.58490290083,1474.12581845738,1922.58490290083,8898.10828964949,1.07969422017998,3.76343188052835
4864,275,2418.60938735218,2356.38752654623,2963.91347689059,240.059009584161,2018.24309375856,3033.60732022907,0.792790202370728,2.983423134122
4885,2237,20877.512548443,21388.2292982918,8989.5508411816,7453.75867206418,8989.5508411816,37888.4497456809,0.175755660199236,1.88262398155228
4941,4407,4624.85189252614,4482.44000551529,3056.086640471,849.216466120483,3056.086640471,6481.6247596457,0.274488474420935,1.78890286765136
4990,4839,17251.9299265187,16869.9128918315,8757.85747695852,3851.44243122102,8757.85747695852,33318.2669405491,0.535614790215593,3.13235882289312
5046,2021,33592.2478021919,33879.0900919537,16030.1112676108,8061.6538613447,16030.1112676108,48625.8158102738,-0.0570181181870969,1.94194436793747
5047,3274,558138.709309075,601210.991731163,636210.051492254,185790.480929817,209952.618493697,855743.808525695,-0.48623054901227,1.98381664996784
5048,155,264939.804049898,251976.651633706,240537.121463695,22261.5965706677,240537.121463695,301494.804263072,0.927286866760823,2.02420183990311
5071,3584,30905.3613255871,29084.3019539018,14480.0830506802,6943.76098969775,14480.0830506802,46145.199561105,0.491155982055354,2.74910141260366
5073,1211,135432.417230049,131183.285163857,74198.7846416294,43160.0195194537,74198.7846416294,274367.634630252,1.89769724154518,7.28072482000328
5087,1683,6456.37463401372,6172.51992115204,4566.56658993156,1197.66441597778,4566.56658993156,10714.6762316315,1.41585271549073,4.6900484718761
5135,653,7466.79177816164,7057.94103980592,6406.44120536617,772.528344719787,6406.44120536617,9485.00542107592,0.300582842616093,1.68346839227084
5179,1711,1015.98590616495,996.97714818019,1085.44864985413,124.996777454129,659.06875828514,1289.00373814188,-0.0963795692451,2.09074222553426
5180,4599,375463.074126276,368055.82356128,216354.484410243,59735.73907642,216354.484410243,535613.927107499,0.252015274474607,3.14399934893915
5229,2701,9342.24994526173,8366.62214124834,6527.89780685138,3889.96148890384,3787.27215394629,20425.1306832145,1.05531427313252,3.75112166172556
5234,4850,13246.1155044551,13005.535560643,7107.91890431959,2587.17671906333,7107.91890431959,18060.5253984858,-0.0781862214331523,2.04393004206676
5301,759,2487.5421447759,2408.73631463248,2076.08498432611,310.093890307098,2076.08498432611,3596.02961465062,1.44241253757257,4.82324232536497
5439,3472,36682.3309685972,38138.975371718,8291.61189116974,12921.6976094473,8291.61189116974,73137.7129181187,-0.00851980466669989,2.77205476947135
5492,1375,6874.08468722369,7069.86993713627,6889.43103927337,1736.82627224999,3585.74722580578,10630.3580900764,-0.0583960957213179,2.15283100309722
5518,3365,6184.71722198367,5637.99407605993,3125.85887250815,2054.44183295474,3125.85887250815,12138.7313951897,0.866979448525826,2.9721256306186
5543,335,4617.08692911569,4670.76983167821,2332.32955206347,606.040690370673,2332.32955206347,5899.56347177178,-1.36244659084437,7.08411328095434
5568,291,131162.497640324,140836.520089381,95643.7472933691,16736.724959237,95643.7472933691,153625.415690649,-0.685034547677272,1.96997954776034
5597,1702,13323.8020520956,11601.3930802138,8058.44411305969,4419.44714623334,8058.44411305969,24586.5671960934,1.31903978629347,3.36694573469882
5600,3405,16921.5832206228,15898.4473355942,12572.0984279132,4351.56604914652,7696.08290498727,28930.2428246463,0.924073290163685,3.16065005269189
5606,1234,126509.016563605,120445.151181985,75722.1488892851,26824.1985508924,75722.1488892851,183968.328935637,0.482120468921091,2.2700720273306
5643,689,35596.7790530148,35046.2037243675,28605.7832519713,2828.28857413945,28605.7832519713,42600.2233628877,0.233962393096418,2.81157465433999
5650,4869,276852.997784301,283267.46401316,90385.4115071765,87467.4498540241,90385.4115071765,458748.071085975,-0.365951499713617,2.53754227303647
5680,4787,134784.589004042,104282.695753428,47956.7488084634,70864.8416272438,47956.7488084634,358243.397495166,1.084441953838,3.21009924443264
5691,733,112081.337848103,111398.318939396,95396.2374279774,6506.40549070851,95396.2374279774,128148.181391165,0.036099944257111,2.52306586098895
5723,263,17183.4996321174,17576.563444381,11840.1493477329,1976.27453733373,11840.1493477329,20279.2102933952,-0.707189557807415,2.79280988493438
5742,4492,18503.0925018115,18195.0171549724,11853.4174020743,4672.279493222,11853.4174020743,30632.768529986,0.653555195903664,2.54458782052453
5750,1722,2363.14071089581,1949.11315277153,1269.31402901947,1025.40800906108,1269.31402901947,5666.33941293441,1.30060368596034,3.71907566708223
5783,1413,4329.71669254942,4255.9008553181,3183.42944229044,640.693331576288,3183.42944229044,5976.32309018189,0.25923524771343,2.0790262548074
5860,266,15250.0146508903,15412.5981934389,13108.9673966887,811.026356699427,13108.9673966887,16974.0409955936,-0.394484141910545,2.48569045640821
5862,1703,3525.63091029864,3674.39837720575,1945.57141734792,637.465407242044,1945.57141734792,4768.23608705858,-0.662505731384529,2.62833525543105
5878,1389,29012.8887979708,29390.5671158415,26574.7458865712,3494.26430706117,19285.2594454556,36994.7844558278,-0.329173372311043,2.94406993156229
5959,434,18306.3809090934,18476.4799409551,13491.0341670234,1792.05702459312,13491.0341670234,21932.7136237203,-0.42497728686128,2.89132288036173
6008,2699,140383.571637684,137318.280397864,96732.5322019058,26544.8221966141,76993.6945294092,232113.105163157,0.658676275607613,4.14505833986825
6034,459,1193.0270526668,1208.34353682133,1282.66421904545,180.854380418803,855.705606057182,1542.6716160824,-0.0595967956075308,1.94780239068931
6066,4872,220641.575170561,213286.336925821,140551.577712895,34508.1898272111,140551.577712895,312497.463586748,0.728659513912455,2.82059861126528
6078,1516,4566.23000357912,4537.94955890877,3191.94371311465,519.326821991271,3191.94371311465,5818.70341004051,0.0153372295758883,2.93220492251912
6081,1874,8897.74553007913,8623.74514938222,4850.71311505952,2026.24785992196,4850.71311505952,14714.0133504149,0.407792077399221,2.61539396675477
6097,1738,11497.1198145935,12119.9858416097,4166.71833610293,3468.12125476427,4166.71833610293,17938.0600800516,-0.325123971673453,1.95628835651257
6104,4872,30864.511998414,32603.748570485,15131.6556358724,5792.24030511419,15131.6556358724,43455.107059589,-0.56821113371917,2.34771707035563
6135,1743,19484.5615012516,18862.0904825991,10320.966165624,5914.58534205927,10320.966165624,33427.8333831009,0.280277979518032,2.31302482910955
6136,4683,14582.4573828651,14001.1225277015,12764.3110571323,2687.55153694086,9279.38888384388,21634.8370902314,0.21325822552128,2.0180085622629
6266,3031,223593.12164643,207942.307032929,139382.127311242,49237.1533840062,139382.127311242,347264.896219996,1.13551550139731,3.03442840241428
6268,937,51378.9716942391,51347.4598069996,33817.9396429825,6050.16321109877,33817.9396429825,68486.7288624538,-0.479637721396338,3.12037628664123
6307,402,12553.6215817059,10649.2559445337,6972.11128645028,6261.79107808422,6972.11128645028,30062.6570320602,1.83507838631416,5.14187204578251
6334,517,5526.71247110132,5526.4745003736,3996.38809047854,465.969246066797,3996.38809047854,6257.237064224,-0.53577476524269,3.25279647578026
6335,343,3503.24711791608,3608.23154685352,2086.92099694337,435.285170142063,2086.92099694337,4352.92816328877,-1.29432249693985,4.65619481398228
6338,1661,4671.7218471096,4634.2594882108,3986.49634418151,601.210928709676,3759.10489489862,6283.59575612401,0.482350860405272,2.38339719424416
6375,3506,25291.4144909183,25277.8912878952,13397.6436575968,4451.91989315765,13397.6436575968,39659.6477600912,0.519752886930738,3.48116078107264
6435,2163,35176.1786375526,35330.4025987478,26802.902915763,2866.04004527831,26802.902915763,40618.2329589067,-0.418204266772884,2.48418545076257
6494,4470,46730.7100707547,35693.0878759299,16520.0832223884,27592.1887012445,16520.0832223884,144813.357490577,1.68228727759117,4.96956069229325
6502,3700,30396.4429454241,27788.8842801876,19377.6313681359,8313.46565286588,19377.6313681359,60767.1656907286,1.92469793252799,6.08922642342625
6506,3505,71709.0712661864,64963.4234153351,21338.8296522398,26808.3600565903,21338.8296522398,140697.865014106,0.279498837687773,1.9358172389032
6512,737,19877.4055017484,20140.1698142705,15187.5518480343,1790.64172633823,15187.5518480343,24443.1378473125,-0.176515998813734,2.76355973090515
6529,399,4364.32596138335,4523.72108479702,2806.94502755101,667.989390408075,2806.94502755101,5545.97466764505,-0.547827980439224,2.3298208743206
6649,1772,5033.4992245183,5223.28135618524,2613.53604324028,1035.00840549603,2613.53604324028,7206.56649297464,-0.0516869360038029,2.1634345843502
6653,1984,11150.7415054745,10732.966888618,5449.69193896777,3579.40772455031,5449.69193896777,20030.9309441712,0.50436667680287,2.20988912320905
6669,4535,12064.5025196435,10819.7962371258,2924.01293587325,6724.1450833404,2924.01293587325,32081.6697967074,0.942491794744635,3.09641094846894
6730,2722,70283.9194351915,70566.6243867039,44257.7691037195,13074.4466008276,44257.7691037195,105287.934642545,0.337522192493591,2.58476371335196
6733,2537,11543.1104016691,11224.8423456329,5163.07914679877,3063.32642660882,5163.07914679877,19232.3274861531,0.550824346969865,2.94833863936868
6742,2063,75496.9482590614,74236.966930403,47092.9613073379,19557.6482946082,47092.9613073379,105081.922622313,0.0528667135800734,1.38577392214477
6768,2448,3531.51335281776,3940.3321670245,1134.55145768565,1493.8911329642,1134.55145768565,5839.96120715654,-0.325755478326346,1.55497331775734
6771,1290,15956.0170907396,16039.9671021054,11080.6427895939,2567.66725036679,11080.6427895939,21136.8624846739,0.31102762281757,2.21472305902017
6774,3702,52110.8645858251,50098.3295383029,30642.3311584997,14931.8391237708,30642.3311584997,96295.3592100525,1.00795643892114,3.48598255076907
6781,4827,44381.9525184412,43706.0861110633,34581.2781242109,3864.25542868463,34581.2781242109,58899.7661907551,1.35137825261077,5.49744182746626
6821,3641,2584.47502571813,2741.40103500223,680.545736547653,824.723130752112,680.545736547653,4172.57615462611,-0.134647050297929,1.99886926604937
6829,3603,51309.4813653422,48563.1510328323,24573.5374566229,12777.3120307485,24573.5374566229,89800.138930235,1.03815414200815,4.03789620797654
6865,871,2867.06055844706,2625.91067053933,1914.94931649397,590.266298467628,1914.94931649397,4397.0017035172,0.454728560374342,1.880288823921
6946,3231,17026.3397606699,14034.9267536337,6146.52973545003,7433.02782335416,6146.52973545003,33687.4230942665,0.74329614878215,2.18125802926446
6972,1609,4476.08066563145,4581.58515952246,1796.54652210161,1369.84959909409,1796.54652210161,8945.05290887496,0.294728832805832,2.79256239417318
7017,3256,33737.8092133121,34867.674972593,12724.3541201592,11645.2331614362,12724.3541201592,58033.2131630347,0.0224222526568813,2.33740112234151
7063,1148,11875.2367459878,12059.9993323436,5025.99177497239,3095.02287082044,5025.99177497239,18523.5335856825,-0.151838465056442,2.41377880790999
7065,4164,33467.4227707609,27221.1044041796,15550.7756144105,15001.96678921,15550.7756144105,75048.6162866728,1.10373998912087,3.28375212023797
7085,3647,12952.4483879673,12803.1969992047,5287.6040719988,3624.29238584815,5287.6040719988,21496.5363715476,0.176876863445696,2.04753024355611
7114,2977,61725.3699897077,59191.6847279233,44047.6834067667,8933.89780270102,44047.6834067667,91039.8916507024,1.00474531246961,3.7572215087413
7116,4846,10427.0754910836,10022.4169666067,5560.10535042202,2661.19579858073,5560.10535042202,18766.4700617579,0.851877710036862,3.47353889976425
7154,4849,92702.2142820595,89891.9976788299,23710.3767091365,43749.8715666702,23710.3767091365,204233.21275675,0.507750409604073,2.43911606130561
7163,1304,18337.2091069958,18562.8569942677,9106.83355878841,5027.37587429845,9106.83355878841,27999.1722853762,0.110995235402388,1.86109065768115
7171,4872,46005.2010637568,37158.05300475,13483.6684315308,23609.3224738625,13483.6684315308,95051.0292687181,0.378072449081726,1.6890822351996
7186,1713,27387.6060766138,29142.5101369538,11920.9948215764,7072.53462306699,11920.9948215764,40059.0184377707,-0.358069090322981,2.12289970165533
7228,4567,86988.4377460533,65847.6958315776,33899.6897778895,41404.1762409368,33899.6897778895,186555.249662285,0.810253616917523,2.00656909610324
7257,2011,115518.74840232,114121.645120066,64409.1663941059,31140.2264869358,64409.1663941059,200574.356974701,0.541812892853554,2.40691829512648
7267,1956,583985.084564067,546646.888213226,365972.304369126,185630.537164503,365972.304369126,945209.950073985,0.645148363903042,2.05542459412795
7343,487,10143.3756567306,10769.142199802,4380.18835468502,2134.47691971272,4380.18835468502,13471.3953349467,-1.28467711929653,3.90974951117005
7366,1665,29679.4251279981,30083.7438448334,22379.5195581433,4178.33974805346,22379.5195581433,38988.7776617417,0.284459929439035,2.16348924261348
7435,2546,64978.0840811347,66459.5198301362,39591.09503609,8039.06922570643,39591.09503609,84465.51414851,-0.493984230842885,2.8149432122274
7471,4863,530692.157631822,573712.862655128,174223.83174885,181004.961012569,174223.83174885,1062935.13966993,-0.322842748546229,2.65675846283255
7647,3653,1806828.62518029,1822614.77406637,1212941.71505931,253312.906239466,1212941.71505931,2463641.28981149,-0.160910548733124,3.01877013910807
7652,824,27075.3768161193,26625.7372925531,23153.0482867329,2177.53704825282,23153.0482867329,34198.4162517107,0.877527929100195,3.46452650276053
7733,1396,4844.72153861197,4769.82215591225,3564.2514634106,783.06168854021,3564.2514634106,6561.76151907971,0.237077305351827,1.88637921850466
7750,2850,10961.7127687248,8708.60806456355,5271.85968163513,6191.02791226452,5271.85968163513,30798.0486052363,1.84465277148592,5.30031583787701
7769,532,11058.0262866477,10874.7983090092,9948.43554962323,836.608855523721,9948.43554962323,13204.5832553921,1.18158759982327,3.70980817638032
7824,1198,5789.4179240682,5984.78571197003,4333.24392982464,1152.68062332111,3861.13389735363,7626.85688139826,-0.241116589071505,1.58349964316422
7866,2672,3471.86490153242,3050.27023743885,3081.97286561155,1072.37160814597,2246.58226932914,7433.085899843,1.36122170627906,3.82513629870072
7875,3747,10171.2371650667,10013.1965855358,4917.19429940811,2216.99887055891,4917.19429940811,24215.9268601394,0.86645388573963,6.0856278144827
7881,937,24785.6565126457,24194.0862782827,13752.0325723556,4141.09849276405,13752.0325723556,35564.0647631429,0.507975081124205,3.07445195956324
7906,4696,50651.4862618096,36372.3412952585,8749.0650416084,38473.8285371994,8749.0650416084,190460.48638768,1.01335201957489,3.26341280221976
7908,4857,100946.377991283,98293.3575673811,49001.1429263684,38447.1926170011,49001.1429263684,181032.558336706,0.475058721984639,1.91936675244426
7912,907,14885.2442102277,14575.7971352787,10251.728871278,2204.38032636931,10251.728871278,21824.7532168801,0.765709438732567,3.76396038832008
7922,3702,11423.6493036496,11770.3641282882,4299.85629837947,4666.33123185902,3685.17864940755,20467.8914263324,-0.09813429099339,1.89045813729883
7923,4872,33935.2916198275,32278.8913832511,12860.898575533,13900.8510309176,12860.898575533,75308.0759466332,0.591976445839126,2.76769187033308
7974,1900,13191.2262339845,13115.1275689224,11811.4711694379,652.250038401514,11811.4711694379,14975.8687187188,0.412560478769465,2.68621097672734
7980,2002,21334.6030831754,20754.6736050751,5903.38268338363,8833.22779595401,5903.38268338363,63812.7704388356,1.32143540678787,6.70883941890931
7985,2299,50269.3148609642,47006.3632231825,23224.1695808324,18568.9021913182,23224.1695808324,85434.2481065587,0.18247308139045,1.68099471299894
7991,1305,6610.89068490691,5708.69214325818,10991.0729517845,2428.40721996185,3435.98302911567,12114.3684603491,0.554936845686818,1.96977234413573
8007,496,492049.180345955,484864.360660216,322542.136159253,194902.918097215,322542.136159253,1155918.36318911,2.16706333213246,7.7700166229845
8030,2558,15161.4284888366,17024.063824036,3894.7973331674,5597.50142895319,3894.7973331674,29179.4744344557,-0.548906226503684,2.4271424607438
8068,3584,58928.2610078834,65109.2161134186,36070.3239371195,27350.7216560091,15016.2918349197,108996.701668312,-0.275431743563659,1.70443576459314
8099,981,28574.9846467233,28719.3388361722,23641.2786801462,2241.93281691637,23641.2786801462,35939.7282881379,0.0820320215494028,2.35050143381399
8123,2793,2187.32290715376,2123.49478578116,1235.91997506222,453.436244745551,1235.91997506222,3395.62285352289,0.331493545003322,2.71225893956377
8133,1581,6029.2181987934,5453.09778111692,5155.75170353327,1554.34364233829,3898.99405064221,10806.889930225,1.19246255497035,3.69809602685729
8151,2258,7682.27293256622,8716.02255609538,3664.23372876713,2424.71496269083,3664.23372876713,11685.9272643751,-0.291846996904722,1.50736765713313
8210,1125,2943.28530539588,3080.99648511816,1684.96949605855,584.784619414968,1684.96949605855,4058.57960937528,-0.489399299807496,2.00152772352775
8214,1612,6339.39866875799,6300.15138609207,3485.66660421449,1440.34238669928,3485.66660421449,13337.6396905853,1.90761301703477,9.72198300555633
8215,374,9734.22808627853,9278.58921415531,5927.66960347953,1852.819929924,5927.66960347953,13542.0541638703,0.237321843445863,2.12940818101928
8240,1678,6241.15273902322,6101.46562144384,4705.30949251836,782.317639661301,4705.30949251836,8162.13468704731,0.637887954150444,2.61489227252744
8245,628,96974.4555524833,72750.6780171645,62092.6091846316,47685.6619371575,62092.6091846316,250520.46040571,2.19920524721471,7.21824922123006
8247,4754,23853.3731432704,19897.4452456386,10909.9932870979,9785.811294208,10909.9932870979,43992.4128207163,0.303614031789378,1.42664437640664
8253,1619,21649.8917734482,20726.7699901839,20912.0633432309,4431.43557020048,8686.64752179423,33005.7626209875,0.245650828740346,2.68868082448491
8264,735,32596.6943006554,32750.6725713965,28640.9863181319,1635.53542116101,28640.9863181319,36597.0770880431,-0.144770954940696,2.91284634075548
8272,3406,27395.1779515585,26058.3320169506,16083.2525505527,7681.71617739262,13599.3093283287,44114.8843861596,0.359197036642162,2.3511380890431
8290,340,5353.78229211142,5310.55614425453,4662.22731717302,345.947218489533,4662.22731717302,6266.56169787307,0.717233430643174,3.27181924895182
8304,1504,4782.93623983792,4562.71687505251,3239.71563035609,831.124024445095,3239.71563035609,6890.48694758802,0.375581862818882,1.99220035385195
8357,388,1118.12719292963,1189.14298427477,489.317459964373,306.365377822785,489.317459964373,1639.77205795277,-0.416201759410947,2.17384479771985
8358,1996,11184.686504456,11052.1283025533,6327.32186502373,2646.26222113639,6327.32186502373,17801.2582177533,0.200640707842986,2.25090750607517
8431,3331,17870.4009111239,15740.1857227758,10423.9367067728,5466.94043539865,10423.9367067728,30071.9043520851,0.75364229907601,2.47869226135373
8455,1791,20761.34390841,20785.5197331496,13309.6861466999,4113.88740465116,13309.6861466999,29227.2320621373,0.153442526910344,2.10752735543557
8463,2610,9824.89133474418,5901.24989873291,2584.74666942516,5617.6403885125,2584.74666942516,19931.0625668133,0.162918539180065,1.20121400762659
8475,1875,1587.47119942145,1642.18460886841,949.941535636584,334.597527127831,949.941535636584,2722.84556218559,0.439736789834235,3.3718461067608
8479,2780,109024.993715109,107454.404033208,83917.9125374553,19914.001200022,67640.6227390537,158248.758584908,0.175653632174162,2.25086495496018
8530,3848,241248.160236666,249111.41141573,119075.026758809,44358.6284043182,119075.026758809,333651.995496204,-0.503362058090275,2.6312396650933
8539,1500,57538.5263156878,54613.4947710183,40704.6048015874,9437.81641630526,40704.6048015874,80730.2167338884,0.755809770760809,2.49039016176916
8543,487,95637.7496313858,63182.6594473783,49637.6369070294,53585.7331262477,49637.6369070294,227344.067440014,0.905984245563715,1.99062248158982
8544,3163,14324.8169843566,13869.8566307091,6936.30442072869,3438.72264588013,6936.30442072869,22028.1787886073,-0.027352758358517,2.39819688646793
8546,3028,47861.1659498999,47940.0132211504,29452.8000709849,8719.77796700988,29452.8000709849,67898.6484261852,0.131166082107933,2.19254824126613
8549,1071,117549.163496049,128178.334116702,30948.9310759583,52104.2392217244,30948.9310759583,208148.866387638,-0.112056594757055,1.88370197110273
8606,263,15179.3174612273,15298.9926287137,13541.4169040882,706.257654167516,13541.4169040882,16531.5901641766,-0.396311333965426,2.80097720922163
8692,1127,2003.58502319981,1995.5337606974,1287.10897727403,305.534802754399,1287.10897727403,2676.64953310872,0.00984923986536755,1.86325442696002
8694,1950,10342.6304961076,10399.0788273935,5412.52953689136,1133.99602508932,5412.52953689136,12392.5049627042,-1.43621278426436,7.88349880446627
8717,1602,12044.8938384647,11200.6488891365,2841.42052836024,5264.95996031376,2841.42052836024,23028.8093539792,0.149913445939442,1.8273486405044
8762,4864,233022.637925441,240528.633458075,90781.384511855,62432.4471533517,90781.384511855,413009.49140495,-0.142811037074178,3.01802388289282
8789,633,21392.0522909266,21373.7518691517,19496.0580497093,833.848841608739,19496.0580497093,22830.0307598563,-0.363203395558774,2.34298594183949
8810,3267,31424.3813454851,28457.6993725725,20871.3774874415,7432.71197188925,20871.3774874415,50256.1147243351,1.00235955019595,2.93664203663762
8818,764,5759.85665678497,5745.97710496213,4465.43611814229,701.637135260503,4465.43611814229,7241.87285369129,-0.0727283583509425,1.7952610481211
8823,711,8180.89327891612,8552.16954398295,4274.73325659346,1865.03545914142,4274.73325659346,11943.9312140284,-0.266607103938262,1.93057968817652
8870,1529,6173.73418324663,5985.17550393409,4910.08107750693,989.117770036273,4910.08107750693,11713.2362058741,1.58014550924716,6.38124939622687
8902,903,3685.35733822851,3727.35583178716,2714.12711773444,380.852791378848,2714.12711773444,4460.50998474695,-0.209468055556714,1.96245601250135
8972,4676,36791.5829060402,30029.4160994495,16942.8633444421,15243.094647859,16942.8633444421,79119.0790348254,1.11565949860314,3.07176919109047
9063,1185,7273.3138472691,7660.30906153001,4325.35759440222,1419.6642661655,4325.35759440222,9540.72423533176,-0.211658130930761,1.69804864390403
9135,4596,50161.2695603637,54378.6692164261,11515.6517346772,24304.9131948954,11515.6517346772,96927.0114674566,-0.222099749103826,1.65126242885272
9155,837,6502.06878750974,6337.55430280207,4926.8399460494,1120.15993784901,4926.8399460494,9738.52064523438,0.926757265890156,3.14718773882829
9203,2322,9176.66973138461,9249.88690534203,3966.19850087818,2915.45075203427,3966.19850087818,15868.7066066258,0.0440394658033457,1.84051970600168
9215,814,26429.3560793218,26725.8510356183,7720.15704186634,7076.20895131194,7720.15704186634,40886.1822441,-0.844931518175262,3.98746226303384
9299,4868,6719.73728916545,6254.83579671827,3477.48169345593,2045.80102142589,3477.48169345593,10322.7017405944,0.173534675927684,1.6663178501978
9302,1537,2545.62324286137,2409.34477737946,1130.44066799723,1053.70387674201,1130.44066799723,4920.25610579773,0.49347585520027,1.94157151780502
9359,3343,18003.2589083252,16734.1434608569,11363.4648731465,4651.24552168275,11363.4648731465,35031.0651036498,1.55264700198441,5.29816961975693
9411,352,5464.60462376477,5381.63493032651,4640.0386257921,832.475232454816,4640.0386257921,15596.7268799979,6.21713499152299,66.2460772089668
9445,1654,8615.87224225382,8420.84122373322,7107.83220819922,814.439763529452,7107.83220819922,10963.7633788,1.08776895764431,4.06281458632719
9465,720,75731.9008596075,76624.5748350825,44235.4027067927,22448.4557639843,44235.4027067927,142405.011133422,0.75081992213572,3.12144135938058
9466,568,1993.67106644289,2008.76363177747,1620.87611583737,120.126307949062,1620.87611583737,2276.04873241561,-0.812484599600065,3.86246113264903
9555,4798,8309.56461825731,6995.43675039254,2370.50273175052,3114.53946632049,2370.50273175052,15665.380619309,0.54574311584159,2.14665705053881
9611,2355,5687.3668651696,5687.64614506495,3213.87711088495,1507.02359169353,3213.87711088495,10428.2773546057,1.13454589641007,4.18317427161243
9613,1330,5050.98743768732,4976.64875569702,4912.59685289182,446.085640650727,4199.53893674691,6283.220837363,0.47461401067939,2.53742842712953
9667,4795,21223.2607683382,11575.6371841476,4982.44652774636,17587.9230238014,4982.44652774636,78434.648097739,1.26983197297589,3.59644147360489
9774,1559,5861.99258092543,5698.78642432798,5799.97701406436,772.808080872765,4271.5721115704,7765.17030842035,0.589395721397301,2.67165200124514
9783,1168,86527.0024179941,86737.5572986233,80543.1521112268,2638.32111830949,80543.1521112268,92346.6797736301,-0.0794519735727655,2.49267944581796
9815,2215,3998.87104103928,3968.68256998943,2905.42941802377,575.634504173806,2905.42941802377,5626.53379659589,0.364148922503598,2.52927105992588
9818,4850,149105.088317783,132812.94914664,58006.8274921755,51338.7806462088,58006.8274921755,371286.642213412,1.48581247728471,5.03036899703715
9846,292,32173.5495134219,32750.2338071937,27365.7842005801,1855.99364769155,27365.7842005801,34738.1735742612,-0.781327259336361,2.59288713280781
9850,676,43165.7123053612,43213.5654000204,37842.5367155901,2854.90327251719,37842.5367155901,49990.598728766,0.250833451554307,2.19614157809901
9882,3062,17277.172363728,16339.7829281785,9746.5713729363,4529.18521908146,9746.5713729363,38741.5926641177,2.27397033158272,9.40084219153996
10002,1578,2361.79513138678,2523.07163017004,1116.21984741626,956.929133874561,1116.21984741626,4368.66808929635,0.202320531752968,1.53041776215491
10016,1622,5407.01021530165,5304.84684568383,2874.61599351731,849.052537317486,2874.61599351731,7411.3022558638,-0.114076418868274,2.88685097663992
10121,462,76798.4334605327,76073.2902536966,67568.7417810064,6739.50400166637,67568.7417810064,90791.7050919128,0.557668657316519,2.53556169871169
10156,836,11357.9730055467,11529.6687789345,5887.08580820441,3079.90134452298,5887.08580820441,16572.3736891617,-0.308912683729755,2.01419011593845
10187,2066,144410.93322733,151092.046978071,99982.7715664453,24116.8552020159,99982.7715664453,179173.638887338,-0.509946477973102,1.91603068116613
10190,2748,10041.2457254339,8218.96667221865,4720.8838445975,4396.99432312182,4720.8838445975,20492.702446721,0.783514332447325,2.26854218396826
10247,1911,23656.3295763154,23755.219889976,16364.630002009,2731.22128332101,16364.630002009,30199.9591617358,-0.200347350235792,2.4992290112594
10277,2791,6729.12041810534,6692.82189019839,4813.65577539171,762.118722373564,4813.65577539171,9061.99931351368,0.530927769114862,3.50597617833999
10332,2444,4163.93371133715,3833.52310383681,1858.33072899659,1363.43895876349,1858.33072899659,7256.72825157722,0.27650084901892,1.89717970430292
10385,616,30072.9370113009,29610.3761861162,16103.9270949739,6052.45667299594,16103.9270949739,45452.5554821538,0.073097568368586,2.62805658883861
10405,1924,5437.37751225578,4485.68870251637,1154.29833408642,3340.55676441368,1154.29833408642,13290.3988430448,0.674984203642288,2.37576400996145
10411,2084,7110.16672842294,7131.14210061214,4365.26592456192,1879.34765533412,4365.26592456192,12105.1463828513,0.588546165096609,2.64230719076543
10443,771,3088.06695409542,3042.38965131118,2115.55986290193,454.025033954575,2115.55986290193,3986.15756392647,-0.117806548633104,2.19573816832361
10466,1483,6648.34952046627,6349.89168552104,3789.93700212606,1855.13898677702,3789.93700212606,12510.2465234608,0.874417718849015,3.00991863986459
10507,865,36931.7678429038,38432.832340095,23882.6525473169,6271.51254099111,23882.6525473169,47154.49995774,-0.384305420505265,2.09584308863704
10519,4551,17495.4373201533,17144.1728075138,11458.0266887811,3396.49419814376,11458.0266887811,28284.6603331584,0.751515907445787,3.07769069065659
10540,1968,2684.07823159509,2600.48050350099,1419.87934017331,717.104570276089,1419.87934017331,4242.8096798478,0.179377633883862,1.93520107839549
10567,936,2140.42020682841,2158.21073095909,1179.89116436008,358.176237864857,1179.89116436008,2784.43307310283,-0.824087203183139,3.59675738396641
10581,1946,4535.37144834545,4391.72866961658,2803.13221266768,924.270383657955,2803.13221266768,7279.99509033361,1.15933310045168,4.14064724768761
10614,1586,11176.8506738682,11405.9871666222,7571.84331598309,1167.68660991143,7571.84331598309,13044.5593142052,-0.716538187175673,2.70151478216998
10622,2919,114624.660953401,135801.496365905,21643.5431839765,52327.4988994032,21643.5431839765,208853.426154089,-0.615327981242393,2.04779650354735
10639,1097,7533.14854033791,7293.33880340857,5324.97499474792,1124.55892436955,5324.97499474792,9891.99164845695,0.303619672284163,2.19163177436775
10671,2582,32821.4012945887,30573.7607491291,11841.0749082749,13805.8890380319,11841.0749082749,60239.3030425968,0.285457423706133,1.7575906536605
10726,1703,16162.2426139394,16946.1718322086,8861.46825299111,2863.24346769307,8861.46825299111,21253.0613042817,-0.548238279890646,2.44509693447263
10787,904,27433.8343765238,27462.8298940878,16768.1835614614,5274.37739630185,16768.1835614614,44782.6687143865,0.297565931088852,3.40565810680358
10793,2900,8906.41726000723,8592.66905822521,5283.55689052248,1643.47378040538,5283.55689052248,15968.9232451157,1.49611918707487,6.20663538311746
10839,588,379.667271224599,379.294785548214,292.52471507873,34.8045109488023,292.52471507873,510.47215700738,0.605317403318724,4.53809568343484
10846,2162,144671.868408181,154440.316896421,78535.7607055626,32511.9900143616,78535.7607055626,199949.301421015,-0.225670903252969,1.61166786372115
10860,780,17036.7086592633,17175.3249319667,13566.900165008,1222.01492795828,13566.900165008,19169.5792717058,-0.589989873031616,3.2528546701364
10867,3569,53756.5989369271,44773.3538531771,23211.3065336682,27619.1062019654,23211.3065336682,127048.843975732,0.925117965207673,2.73246973683858
10884,448,1847.15033958447,1817.77397026043,1673.98381951497,112.612550320834,1673.98381951497,2099.15764523771,0.62539722741372,2.35384008804741
10894,846,4674.65345781652,4896.74580771649,3124.20423635999,794.543792533248,3124.20423635999,6236.49128620029,-0.217848925039795,1.95861900701371
10903,3172,77187.9927586595,78486.7933306496,26578.4982492228,30284.5566924163,26578.4982492228,162915.313636535,0.431801607280102,2.84704299492166
10920,3311,65603.4094930021,63200.3336046469,32155.9391377863,16027.9648540361,32155.9391377863,100947.789447113,0.256157081165225,2.3948233418688
10983,4586,104182.957430863,97816.6063859428,34965.6586565388,38005.2133152312,34965.6586565388,199797.696901879,0.201981675808724,2.2871880733728
10984,1609,59899.0580951743,59121.4718229839,43910.067432698,7452.86575359852,43910.067432698,78690.8020430282,0.264839627804948,2.11293555717613
11017,1755,2392.15639598956,2471.01643100814,1568.86110266087,328.372355804196,1568.86110266087,3055.66388640333,-0.336332751123113,2.24082583636779
11032,2053,6941.32276058174,5420.8583422949,2674.61387998428,3728.77982583704,2674.61387998428,16379.540785722,0.866639341242722,2.53685855701543
11060,4731,18792.5559092872,12312.9646138241,4736.28535109453,11710.8578378126,4736.28535109453,44495.967094171,0.443261152006174,1.67303145437225
11096,1513,7442.2898022553,8311.36118999112,3309.08433356484,2513.25260373414,3309.08433356484,11385.9483481555,-0.291536593095786,1.64598666094859
11217,1589,34214.4142811124,34265.4026042461,17729.7728019313,8515.42611275175,17729.7728019313,58786.5652693763,0.285133722853556,2.55883439260711
11220,2162,18936.9470856844,20537.3764372474,8417.71441529702,4416.92604737526,8417.71441529702,25227.7669324457,-0.719170065048159,2.39006256078486
11259,4199,296931.98182124,288000.066399886,233174.954322956,33857.1556674286,233174.954322956,428210.647348175,0.824484585574931,3.15595520689238
11264,296,44264.7217684215,44693.5666871679,35197.0098694374,4225.29297270291,35197.0098694374,53929.4791709049,-0.226775384069252,2.4513354997151
11340,729,4627.39848659555,4612.70221891651,2676.61882833207,939.417052626206,2676.61882833207,6342.63327838685,-0.0991756062939672,1.82792203158406
11446,3243,8999.89200788924,8956.02193810621,4692.750561257,1402.84154782629,4692.750561257,12672.9038442217,-0.38713118314473,3.23240420930906
11456,4845,22847.3303011901,23419.6280114628,9034.12860497654,5241.53794127233,9034.12860497654,33839.0237284392,-0.267254918295907,2.41538871569706
11465,4846,15899.5042997151,14890.8939685686,7016.56690908595,5582.55150692428,7016.56690908595,28077.6875711648,0.195447986618244,1.7771433653326
11506,4819,32663.3256250252,31128.2899860368,15861.353796752,10091.7677371335,15861.353796752,62190.7584361863,0.585491221583406,2.47339842257023
11535,756,2026.6576788557,1966.83527696047,1924.82794524795,466.955764616337,1087.32737163974,3060.26223828337,-0.071555194050655,2.24798598233711
11550,1630,9760.6359644314,10066.159837273,6554.29640987881,1238.52446215718,6554.29640987881,12397.5960973044,-0.269704520707284,2.11129377200699
11554,1305,6364.94778391933,6374.62213129064,5224.16288093658,526.799189173865,5224.16288093658,7830.3174904823,0.301691206947304,2.60821388143148
11600,1648,2113.12206105258,2230.60508747675,1290.95923615501,356.010782498848,1290.95923615501,2768.27297575981,-0.517094772111474,1.96192448484202
11636,707,20341.7214782703,22318.0099974556,14239.3008388127,3778.62538707444,14239.3008388127,28024.5605507975,-0.0970053063331326,1.4400731297487
11672,3449,24588.9328706252,17321.7008942339,10414.8231916942,13725.4157461013,10414.8231916942,57844.5763447149,0.964319107022061,2.41648560475795
11729,1346,11642.2188354062,12417.8480359027,14590.7267789955,2203.79344471967,7548.76189072336,14976.2015030074,-0.454446183942886,1.66874925824704
11749,2887,9730.52571292399,9894.31225135104,3074.13309332265,3796.76060482466,3074.13309332265,17102.6882145963,0.059064567923654,1.8482394100602
11923,3674,41503.36508718,44968.1977290879,15448.1046259252,17477.8805344525,15448.1046259252,81021.1174013678,0.077756437674291,1.80455553158296
12124,4872,717963.106032537,727560.839352292,432309.130744488,139712.035170683,432309.130744488,1093804.37893029,0.445588557990305,3.33668219831612
12141,3818,504586.731093669,320807.883055888,311269.253633142,359776.23164274,162141.364295516,1860820.39413056,1.80903377031185,5.5938199182471
12142,3610,178534.35602373,187123.872684839,187631.233923626,50560.9158764759,69158.147925314,270288.978144805,-0.321684689161488,1.92101414727451
12338,1243,5310.57062465542,5370.91432407468,2574.03169640688,1291.34232820755,2574.03169640688,7555.20274802722,-0.221956164798832,1.91680393136126
12368,3146,15543.9230204781,16020.6262985651,6456.69737319352,4157.76437207451,6456.69737319352,26611.670417391,0.0992248184346285,2.83535942955078
12383,1619,22487.8286492108,23778.3405050165,8927.55582513475,7512.73094847751,8927.55582513475,40016.7339877957,0.127022908751848,2.30438045024926
12384,1802,539232.723589429,552494.717602777,366323.661994025,69930.7219212326,366323.661994025,681746.496757583,-0.195782169035967,2.2105058676525
12389,820,16236.3982562796,16383.9980093545,10500.46677789,2872.66165935473,10500.46677789,21077.6015002815,-0.346131021440922,1.8580136731152
12395,914,5704.40833853331,5521.01682542594,4332.9058883041,775.720394314244,4332.9058883041,8204.15775743533,1.05853089398594,3.69666055665816
12459,754,4189.64690615405,3984.69244105862,2287.69036078225,1024.42385079194,2287.69036078225,6462.49853064053,0.245212523112001,1.88641374388876
12589,1140,4627.48887690144,4627.84227864628,2930.99819482093,751.81441217714,2930.99819482093,7773.13113377044,0.74174243794131,5.68437876689131
12689,2569,4439.4546216513,3235.38546872288,1628.76046908227,2376.80179525033,1628.76046908227,10625.4799999402,0.913183677980996,2.54597393705165
12726,3371,33887.4681647912,34303.2958601267,25013.084684155,2830.44921977398,25013.084684155,40949.2136973073,-0.239066427847349,3.06673559961413
12785,831,3022.91078935599,2849.48437287005,1807.8891300606,778.742517548152,1807.8891300606,4624.2446179589,0.356360329036743,1.91460777527809
12884,423,5323.44392489105,5244.68264494657,3624.75787356655,674.346593805727,3624.75787356655,6656.34135476252,-0.0411479765331236,2.31194729192094
12886,1290,85719.7244879449,87323.938980119,64245.1963478329,12943.2274994906,64245.1963478329,112474.176164285,0.176110512737959,1.79811112464718
13125,1658,18144.5365554882,20864.1611328118,7375.97851294717,6482.23982855827,7375.97851294717,29728.3209951409,-0.120965443291344,1.37005601219626
13145,4794,60873.1898169456,53075.7868344912,26686.3803240513,24635.3823934183,26686.3803240513,142683.939597196,1.00614447536092,3.23057866837487
13312,443,271268.820180338,277022.524487593,174411.524724757,27066.1830936137,174411.524724757,329339.926408314,-1.40996154283808,5.02977429182447
13380,1797,3148.76930456724,3509.61005350572,981.073152909352,1030.30079110915,981.073152909352,5157.5200569507,-0.508146631591378,1.89072424102981
13421,573,5590.29813983557,5000.46834555267,4002.2293179596,1128.4961867049,4002.2293179596,7787.57483384713,0.419272170094989,1.55725788400579
13440,716,9192.92801237634,8442.21016847296,6038.50424394152,2574.35068794027,6038.50424394152,14828.0537210964,0.72035586070971,2.24033910730652
13498,4872,44935.0994436126,44742.0471965075,13838.2505429658,13173.9302236117,13838.2505429658,70743.378068492,-0.336769255597811,2.38024573337683
13510,334,7055.33973595193,7352.84597252434,3379.70966316657,1562.90244721934,3379.70966316657,9199.18830593158,-0.884743939282419,2.67024372580012
13561,4666,13703.3079933979,13628.255801677,5484.94975936131,7102.7496804595,4000.729711061,30138.1782492889,0.268745347941325,1.93909123093024
13683,4872,226737.235650511,180009.307392234,85516.6451454389,118411.222205074,85516.6451454389,567546.062384206,0.911253883646338,2.69575706325881
13709,175,9518.09580518163,9968.75206160161,7031.41060042434,1084.07684273171,7031.41060042434,11037.228487332,-0.444418646979207,1.75222190825695
13714,1077,26589.6605212418,27034.9487350352,13696.7886504217,7622.57644338069,13696.7886504217,38448.4638123905,-0.0744747492477077,1.50426618652215
13971,1197,2881.10354925826,3009.8001403131,1379.02733113495,595.937963888409,1379.02733113495,3996.40860848766,-0.750884829122469,2.69448296755068
13988,2239,61573.6869088957,59604.7809663717,41709.7168924279,12736.3075065703,41709.7168924279,98606.9312848369,1.18171795753967,3.82277526309319
13994,1591,28194.7581018308,29600.3494887496,6965.72583006461,10612.7335911744,6965.72583006461,53120.7499107364,-0.226445654366556,2.36548760325856
14065,545,2212.89437431842,2271.04876367583,1578.74415367724,228.031161470585,1578.74415367724,2588.4121079661,-0.905257396162334,3.00855370025097
14078,1643,24933.8685902995,25097.442006769,20659.5835077307,2501.15310395821,20659.5835077307,32681.8056601988,0.523066936569655,3.00266359240817
14087,985,276619.526573714,259035.352988758,139520.168069481,72146.880731216,139520.168069481,471513.01343307,0.623208459026363,2.83795338100142
14163,1084,2643.70099548942,2046.9045178668,1128.76676494581,1095.71875777918,1128.76676494581,5594.79557862012,1.44834973264282,3.98910051216325
14313,3008,1635.44231142492,1673.94124243972,573.654564245382,488.722313432329,573.654564245382,2958.99770500211,-0.000663035869540036,2.36928620113015
14316,2595,19740.3624566636,21083.2288692093,6872.78133139613,6408.67486113631,6872.78133139613,33351.6499941093,-0.542540461425673,2.22514344711685
14353,3114,10436.3299516925,10815.8167569723,3616.92763058546,3992.92952592978,3616.92763058546,17439.532508172,0.0116281078886221,1.59624323584976
14359,2974,14003.4674839484,10068.9746506839,4462.49903659553,8474.68427988884,4462.49903659553,36840.4098525261,0.996244867018599,2.74233703891605
14369,2510,4236.42994282644,4034.73832804957,3101.45918510443,809.835809723191,3101.45918510443,7308.40393352853,1.55072159050978,5.2213112877266
14370,366,9331.75241731161,9531.75491584034,7358.03945967177,1004.47965218517,7358.03945967177,10774.0426099118,-0.177764535101009,1.49872554787522
14372,1234,1555.08239517973,1488.53619629145,1002.51657372159,258.096048033112,1002.51657372159,2073.49629955209,0.286697809365161,2.07535730010979
14391,1478,7087.81367873371,6622.83745565262,4589.35468622334,1463.67183573417,4589.35468622334,10520.2570980835,0.639614106004684,2.57550081717264
14412,123,2776.86576184888,2804.93699535581,2083.55996427262,311.20914532285,2083.55996427262,3344.83457612826,-0.384670016304643,2.30229542592432
14418,2559,21651.7867913704,22067.1840224426,13137.7935788313,4839.60519974647,13137.7935788313,32076.5936301728,-0.0545955751608255,1.84426591792809
14447,4835,115227.548900887,107445.835543615,12569.4978986884,79494.6338369262,12569.4978986884,416900.500462318,1.11010755675809,3.96537755482169
14477,3804,26794.5107221378,25859.8028514654,19464.2945563052,3448.30983484463,19464.2945563052,39161.9551518424,1.15435685103191,4.2632138115928
14489,3555,74168.3785052327,78127.1642302566,34163.8651665519,21093.9891234793,34163.8651665519,118937.5553788,0.037208646368677,1.7668840932233
14535,1141,3928.1398428559,6121.27933772342,301.509306043077,3114.2300200598,301.509306043077,7777.8685004362,-0.133034206897813,1.07362268333183
14538,4233,50049.5116920907,52882.8264209274,10722.3684157521,17290.0711707551,10722.3684157521,89258.5284321032,-0.22637944980476,2.36779679561171
14590,1219,42148.9493156098,42432.554259867,18163.2891870363,9850.91473069742,18163.2891870363,60176.6262633675,-0.427851105064462,2.92516020159954
14605,3686,115590.858299363,103922.823121786,49195.3672447711,35543.6607552833,49195.3672447711,185277.681865511,0.40777893252735,1.85674859136792
14611,971,4305.97717369389,4159.953398038,2557.88524838578,1374.7624564495,2557.88524838578,11939.0355816531,2.38417227054575,11.827676827349
14620,4797,20078.0996605907,20385.0473612293,9533.66630982458,3651.5287074633,9533.66630982458,29385.5819561986,-0.203899418712292,2.83745630974708
14624,2194,7938.93942612497,7309.30294782227,3135.92711353156,3262.54364818101,3135.92711353156,15628.136990868,0.657852665749389,2.34485865554769
14790,846,1389.20025942814,1163.29904746114,744.109560398194,448.930815569514,744.109560398194,2515.40936700755,0.733576605373335,2.2894246899424
14793,1193,6029.21989671938,5825.88111027318,2963.6244441731,1751.78210920075,2963.6244441731,12342.5321636625,1.08367730153543,4.61696960525977
14822,1664,10593.0693803561,10989.3896257242,6315.79179300024,1780.11516513121,6315.79179300024,13572.7197980034,-0.718361403297613,2.56919445487346
14894,2489,1503699.1309414,1485499.76337382,1219225.66808593,295532.205768069,849735.616744044,2411896.92978244,0.150801766580734,2.84981858402183
14934,1800,40380.0020696478,38310.5335470305,20210.7149884798,7594.2005541821,20210.7149884798,68066.245126328,1.3263646429514,5.45278819956059
14960,1460,8936.23606470721,9249.89919488967,6186.91018380313,1329.92856214633,6186.91018380313,11489.6448672556,-0.337859283614202,1.86326932621144
15055,2115,38870.5090104202,42757.9006420389,7370.90271893006,14294.4143249031,7370.90271893006,71531.8804302124,-0.591287920559682,2.4968962500223
15070,2871,49216.0340022084,50990.4460731394,8321.74438195825,24833.1739174516,8321.74438195825,95905.4775668692,-0.19878078836811,1.64148466614751
15142,2568,6195.11677974951,6217.04884579888,3567.65462527025,2239.34619399409,3567.65462527025,11053.2096836419,0.449611732689078,1.96367099120743
15172,1496,88530.3715790562,88072.169820892,73007.431452439,9163.33470942877,73007.431452439,110568.32178024,0.21280337339874,2.29480943484565
15247,2564,39163.1545893312,41566.3064503693,20803.2236995315,10029.5593290981,20803.2236995315,58069.0793529598,-0.20692204988397,1.69059086275137
15261,349,8474.12964233197,8148.74080150727,7321.41828232783,805.486076373853,7321.41828232783,10515.0154937415,0.701454979821377,2.17383101714766
15319,2069,51819.0875320232,50530.8087049251,33333.0380426112,7869.99939872968,33333.0380426112,71547.7317945667,0.265799458313195,2.7026196728084
15334,4853,18771.8485782868,17332.8025178943,8728.58570762775,5597.88905089765,8728.58570762775,40817.6500700963,1.03042868820252,3.69340585392528
15362,1049,575383.638792213,582719.630021676,508392.08284446,30235.0741340042,508392.08284446,627137.004036432,-0.631172921056868,2.67261446971688
15406,477,6158.76643524168,5865.82514749002,4514.00323477695,1267.72152045993,4514.00323477695,8424.33905045598,0.358902120287857,1.55888901278568
15508,4502,39648.5624145951,38745.1864024206,21185.8658816016,10201.2378462038,21185.8658816016,74586.9716655023,0.486252704211399,2.6808103992118
15509,3897,2650661.63864155,2712581.70465181,1803277.78305193,291525.123979862,1803277.78305193,3183119.69403724,-0.987270423679506,3.59479468435477
15521,3187,16955.8835182113,17272.5130300047,7470.08740852325,3851.2791021031,7470.08740852325,26059.5569349607,-0.255513318589803,2.08850916938947
15545,2718,311049.839898168,315251.213304721,258052.823336311,25063.6586523173,258052.823336311,372827.294906356,0.0550668970574976,2.30834989151915
15580,321,301143.3203568,306646.206936449,157394.243053291,44151.5316951363,157394.243053291,368696.508457619,-1.88190022179307,7.61174188274287
15581,2323,240072.557450609,225440.31604549,163452.413900137,56874.2907364482,163452.413900137,350336.698549693,0.315489343199484,1.71666014105449
15582,2685,409021.952163059,384555.990344951,157029.539397194,203175.159958283,157029.539397194,748606.199273269,0.480353851995936,1.78847051601751
15598,4814,241741.999296831,230857.56666645,137048.629905532,42049.67039465,137048.629905532,384386.270604771,1.24131727135678,5.78011855337684
15613,1512,296712.453934574,299262.566382617,265434.428048875,18963.1906678446,265434.428048875,337100.693795638,0.163432195508911,2.04276321849781
15617,1777,994812.642733017,999425.085387039,470660.123541708,215222.406741741,470660.123541708,1425213.74998687,-0.519018928578334,3.47522755342899
15620,509,89274.0611158311,88860.7939759625,71385.1701162519,14057.4253052061,71385.1701162519,116561.938319286,0.481543576172813,2.31467744979668
15633,1145,361462.686603525,330559.623084206,220065.501888435,102160.220712307,220065.501888435,603840.580712809,0.664016980411136,2.37029227033306
15634,1861,1771832.52692753,1506682.18882244,259753.213229049,877053.636804351,259753.213229049,3527172.61094934,0.0963873893679078,1.42586074317711
15659,3955,108274.195708727,113909.925467742,41323.6497539886,28841.6088379254,41323.6497539886,157189.62436196,-1.21277254371428,3.68631674812423
15668,4668,87818.9699432583,60472.1736715802,30140.246246539,51676.494504287,30140.246246539,181994.532767558,0.371227588701324,1.32588300173291
15679,1512,281361.270927791,274013.734272492,232749.964491436,27882.5101657895,232749.964491436,328472.86942658,0.00206485773339199,1.4542140607987
15704,1002,30339.5061243078,30107.5617126107,23241.9011267093,2392.55204507068,23241.9011267093,36663.0883805118,0.216632823633299,2.21655183980921
15706,797,248383.916650629,203229.278692559,165804.123809695,84561.0428182065,165804.123809695,435903.328420742,0.769807231642933,1.98247573531523
15708,2207,14762.0003193143,14063.760342539,7353.16887582157,4426.68593077792,7353.16887582157,30268.0615532635,0.138559690478411,1.6681435279584
15724,3453,602274.900889181,558825.537029214,393493.406753653,161325.204716446,393493.406753653,1118719.17959514,1.52265747710024,4.77672183130377
15743,1512,475065.404654514,459262.364122945,364060.938411858,65378.8361300471,364060.938411858,624741.179153306,0.049854691435448,1.58034627537412
15782,864,245988.268573016,251584.721483876,147299.123184731,49391.7566041642,147299.123184731,370466.599665435,0.276763756916105,3.23951503596981
15889,299,367631.778079279,389336.124209409,296288.68752926,43556.7696854804,296288.68752926,418494.998219822,-0.548126883176541,1.53642513919101
15929,1190,621331.120278421,609035.398525828,418735.963505481,85636.7075852986,418735.963505481,771621.101905812,-0.0729437673783454,2.02503620723156
16428,1605,17376.0638975643,16843.4181987761,14024.0811979889,1855.62782996178,14024.0811979889,22721.2598599597,0.690498571585266,2.5819407917378
16477,1652,7578.01119567922,7531.63255286155,4523.6230291443,1205.29250280034,4523.6230291443,9748.03362182304,-0.456820744439587,2.84234175925636
16478,419,19395.6903465894,20143.5175294932,10372.4115826363,3416.86626967642,10372.4115826363,26499.4047321433,-0.575828096691197,2.96136321986613
16560,1733,19481.7288696033,20673.966794847,3848.48786690161,6354.34034359762,3848.48786690161,35894.0576532179,-0.41677648481167,2.7573849165976
16590,1356,19599.1514223426,20405.1508793408,12334.0783800481,2662.18949953298,12334.0783800481,24988.9608301835,-0.617050877255103,2.16007574102439
16603,1635,103908.674439924,68255.7213558277,54753.5707867342,61704.0719309535,54753.5707867342,239431.415363203,1.01057794003492,2.23927861173982
17420,1868,16842.7603971023,17381.167059789,6080.24335484191,5928.80817026348,6080.24335484191,27084.6802724025,-0.107547785817279,1.65236904137535
17436,2570,173749.973109623,178669.800140004,82899.7051818462,38729.8142969654,82899.7051818462,255902.519884998,-0.24108492809819,2.12229319379514
17452,2835,27622.4179770296,27021.3349439931,20043.2482442578,4755.75219935528,20043.2482442578,36618.2225595494,0.185082205258543,1.7483000110908
17828,2707,210893.052033153,204221.165455963,153324.727743853,56702.6920375113,124539.317627643,355292.631047501,0.729302116531482,2.41093356625541
18466,885,21269.9915049956,21334.2110249711,17270.9255830202,1786.87060047933,17270.9255830202,24427.8875292696,0.0214167834580323,1.62988718670994
18467,4832,74570.0128900858,78716.7285792197,15753.6939965755,25803.4759468591,15753.6939965755,191466.575705169,-0.410632838361513,4.87288628296981
18636,1019,195611.283742084,190768.124760822,119786.9553318,32088.0152690244,119786.9553318,275252.221857615,-0.109590132369503,2.14318848010537
18729,3285,25693.6619338499,26061.9933367186,17269.3915349365,2924.57485359172,17269.3915349365,34977.229953952,-0.0826182048997482,3.02223412797936
19113,4857,142824.013679749,149018.004514486,62356.9974783743,26319.1281881944,62356.9974783743,183407.343122802,-0.979038930368847,3.142413037669
19151,575,567073.461731426,569147.385232168,479387.588862494,37968.8262290237,479387.588862494,650977.848766223,-0.232088623098339,2.587419409743
19349,4837,145679.022535048,146971.862766697,70244.4196360751,31161.8502827709,70244.4196360751,221134.721292097,-0.196349249896059,2.42209467049335
19398,1370,690.070190253082,715.100322027477,423.552599979388,146.236215401724,423.552599979388,986.625055966859,-0.0528045106671571,1.60454548867699
19439,977,61.3014952884836,53.3363434715607,20.0367969952978,23.9396068593467,20.0367969952978,124.086839372172,1.27425309091165,4.04695108764387
19565,4536,162003.384564564,115648.028147431,62403.3753870003,101135.642310389,62403.3753870003,601137.719566262,1.74574317872372,5.6133755631052
19625,1005,230246.326811739,180833.61495776,141566.56879788,96034.2632719208,141566.56879788,495581.008090215,1.2343355271205,2.99252717108381
19661,4467,507099.095847404,519118.789767645,229190.316957073,115125.07075445,229190.316957073,728188.519145429,-0.39909569700095,2.24654522421849
19824,3921,13034.801969104,12584.2876411342,5261.79719383503,4822.96641037104,5261.79719383503,24361.2782131651,0.147553022095617,1.82327310869656
20067,3728,9971.8493716709,9854.72095339413,8293.70775796873,2940.09023755348,3839.24931339828,16072.4588327029,0.117407227118472,2.16129034833296
20779,3553,176464.419415375,169203.219824769,98685.5706671464,45552.1901277968,98685.5706671464,295224.366403067,0.653201257418399,2.58280461304836
21487,1032,2162.23712306319,1977.42981679899,735.120233306372,1183.34540158871,735.120233306372,5384.30092251851,0.908921743578713,2.82406169927919
22260,2588,34691.0069903978,30972.4833349202,21945.944386137,8960.33960498307,21945.944386137,61661.6953973097,1.23797698736766,3.43260229909831
23220,317,4388.94197653908,4353.26164214418,3428.6085793009,585.346653377954,3428.6085793009,5621.29902209688,0.485646873564823,2.34968858962114
23667,852,76028.1616294911,76304.1795215675,61051.8166403572,6715.23473098339,61051.8166403572,92883.5564927384,0.0221457589734148,3.24196123511847
23671,4871,71898.8999332044,59594.458600746,29657.3192301009,32927.1124660305,29657.3192301009,212181.602563999,1.21627656123424,4.29628685872457
23714,754,8877.11418586669,9400.03889063555,4373.39604478065,1434.11641736344,4373.39604478065,10563.8688564555,-1.84745528581417,5.73431665562961
23809,3151,13968.9449061911,11252.2204703353,6132.63365655338,5703.01906466591,6132.63365655338,29292.6377241982,1.06884329286754,2.80094145740454
23877,1083,9227.59816834258,10017.0384284007,4313.44583373096,2392.96162987043,4313.44583373096,12771.7418459538,-0.540248215498838,1.92886233657491
23978,4493,10495.8932121267,10131.9786205351,4597.82588646149,3876.91492904827,4597.82588646149,29324.2753634589,1.54610184495595,6.88560044594705
23988,722,1641.62646085724,1629.91609148298,1205.93799558246,233.860983376478,1205.93799558246,2230.70553393002,0.12548657890452,2.14078082954751
24032,812,2049.73246224712,2060.84530280501,1729.24472631253,138.552398978503,1729.24472631253,2497.34850705152,-0.0241130021349475,2.36893449644675
24216,1886,26592.2945649619,26990.236019774,19467.8498156375,2904.26349459913,19467.8498156375,37683.4409072566,-0.145410396114636,3.2320226033009
24287,1970,15064.1741994624,15363.7463893686,8775.38062640012,2706.86206231168,8775.38062640012,19331.3411296095,-0.388447328613254,2.03363952511687
24318,332,25116.9565355853,25215.8157947661,23716.0066947291,607.575114674559,23716.0066947291,26210.4936025068,-0.379976547975703,2.17741483785383
24370,1793,10284.8804965214,11446.6436317391,1591.1134470546,4759.24525356734,1591.1134470546,20682.0839381212,-0.283687821945589,1.99690465463109
24625,4225,207723.335724373,215389.163791241,96535.5360568344,44791.6057584277,96535.5360568344,296048.500131626,-1.01268262919871,3.26270293162656
24678,1251,3408.45564138319,3371.88733690242,2769.18579421552,260.879384510772,2769.18579421552,3833.4090893068,-0.3603874486441,2.36108423513207
24731,2336,9695.51305114991,9816.76285391673,3740.51027036666,2778.64607621469,3740.51027036666,15799.7435821608,-0.228137115341413,2.17172132483675
25021,337,1706.01911463677,1724.68657938716,1097.08744566052,338.342123855826,1097.08744566052,2280.81844370347,-0.195425162849861,1.92168072708929
25056,788,111512.777366919,114090.348219617,93918.6252450399,8094.56392116293,93918.6252450399,128596.866624058,-0.35418938371584,2.10910673149824
25119,2016,6536.54850782431,6593.60559544461,3237.37853482775,1419.23258120526,3237.37853482775,9881.42005353186,0.125010996640382,2.12824547414965
25124,2743,23544.3896890404,23031.8042082438,9184.07040093785,9303.00284055563,9184.07040093785,41130.9227070518,0.206431060766634,1.78012089503697
25157,2202,39161.1379525524,40018.5798576964,21794.9557722734,9212.84678003096,21794.9557722734,58803.7101486087,-0.218054564035959,2.25603362269225
25180,1080,5048.02420296668,4588.78710044015,4973.91847842804,1592.75274674197,2637.68889150756,8837.13506130626,0.820352275309944,2.437481830655
25279,3763,23449.4627001735,22748.2075047855,7341.62147911747,7646.77099536929,7341.62147911747,41928.4164164668,0.0969550837273371,2.1280338102713
25283,2786,19603.9666902579,19160.9601184515,11570.3466281818,3001.46460771644,11570.3466281818,27889.0452118922,0.63878960201787,3.14532300939869
25340,1622,9359.49165786415,9154.74220314029,3902.88286047283,3298.5183272959,3902.88286047283,17290.194238873,0.319847799059675,1.91355294854421
25356,1105,19966.7234083972,18328.917265412,11118.0417733608,6429.13154563558,11118.0417733608,36001.6074506916,1.02228010954407,3.09010797002434
25389,1345,2771.33212442531,2671.44292993965,1926.62248693159,464.522917007811,1926.62248693159,3742.60615727813,0.250562320148611,2.08741760814569
25495,897,7106.8642577161,7237.78841273077,4642.38815445259,1014.81668273459,4642.38815445259,9414.5218610429,-0.248915169153071,3.09285602955208
25627,2854,17328.3190461566,13964.6251457236,8711.15490342228,9698.57926738212,5923.79162917586,41277.2592958161,1.00673605062067,2.89666130621761
25648,4751,104367.469931683,101519.087039991,15349.9788126442,37314.6002702459,15349.9788126442,204764.025592937,0.57946132657377,4.00526166556216
25714,1512,311123.188284839,303269.091830134,253434.221453939,40895.6039295857,253434.221453939,404713.641462466,0.316347819889718,1.923333734962
25751,1348,5737.15920435422,5564.03097261456,4418.08792368001,717.970925073264,4418.08792368001,7500.38313939879,0.235959061298776,1.97110435785912
25895,1987,4971.8140999832,4993.93307139742,2709.2455009866,1401.50630127367,2709.2455009866,7291.57428833905,-0.0659278598420006,1.36547067394775
26061,611,11276.9594555012,11491.3885101049,7699.55495473429,1640.02363412012,7699.55495473429,14405.0273987426,-0.348004257644383,2.31403761925611
27780,1826,6406.61635554382,6186.43419370183,3394.87731368971,2016.21886338766,3394.87731368971,11477.8120094123,0.38899122609902,2.23035131440267
27786,2229,23157.1443516741,25034.062109019,3548.25017540949,10516.3475555721,3548.25017540949,51433.2448523305,-0.168953501568508,2.32398393935322
27914,3304,15895.1980272655,15221.2541104644,3951.55537813141,8359.27291930515,3951.55537813141,44547.7467017695,0.578489103905855,3.11711109533357
28139,698,5152.21681856171,4725.51871281044,1879.24582808843,2167.82853792506,1879.24582808843,11370.9704217829,0.557126467426251,2.63117714806824
28169,2651,8393.95138690093,5537.85120664805,1925.76170948674,6096.4999851933,1925.76170948674,21892.0684755062,0.593195738121543,1.90507430651434
28191,4861,17875.4796718598,13986.364347157,14698.0134260048,9135.9333996231,5052.87187054197,40328.222316218,0.783749016715989,2.34660044417534
28194,574,1450.34580122502,1484.3740977806,802.750274506916,227.175692869395,802.750274506916,1814.58147929421,-0.982901111298297,3.46259481645413
28195,2698,8097.11994238241,8384.50875002856,4039.92195329359,1598.16708274437,4039.92195329359,11352.5529605493,-0.379530615674175,2.34650624772187
28216,571,9689.36246964138,12138.7606091906,4679.85567156026,3615.20427249637,4679.85567156026,13785.7211430501,-0.351809435789262,1.20348212438112
28272,2989,87119.086883304,86174.0897647686,65396.6427401749,11399.9364619764,59168.6481368745,149758.649247313,0.720834825835139,4.54806324675863
28298,793,561.226834033461,584.864746389735,364.733934982985,113.111657481369,364.733934982985,944.724333108701,0.126751779896808,2.87141249385166
28322,1530,1978.29657535879,2000.19219748259,1230.90442864642,268.18545884961,1230.90442864642,2546.32478275529,-0.336557873399093,2.27034397222733
28349,3520,81838.1814191472,75984.7669433378,67303.0019968624,11960.543545482,67303.0019968624,107337.910122755,0.750990574822437,1.99360775141463
28520,1439,18983.8770214674,19462.4179048634,10835.3309046882,3049.43310730671,10835.3309046882,26774.8089443918,-0.328060953960346,3.09171727746107
28629,384,4654.71059859512,5097.46561372216,2640.01233794139,1118.03393073556,2640.01233794139,6007.82205249807,-0.865155376888957,2.19238512529004
28733,3031,16832.5920201122,15624.8439020444,9206.0353584199,5715.81448813287,9206.0353584199,32341.4301596273,0.762925279492317,2.55721139903158
28742,3866,7670.06970458479,6369.92987982188,1981.69251940677,4428.79626902169,1981.69251940677,18173.3955908878,0.595757281870602,2.19041582396995
28838,2256,850121.246027031,850678.285205645,848372.143548183,99784.8642513278,548006.083007614,1023998.84228371,-1.11234697561907,4.5748578218317
28883,2173,6079.17818220957,5643.34078512438,3048.35739686467,1706.76218662645,3048.35739686467,9203.18351871498,0.130121057803037,1.61587833246027
28919,340,5002.05225154496,4921.10038800749,4543.75136167192,295.135115338472,4543.75136167192,5696.47537459807,0.526018734043663,2.04050762225646
28930,4871,24977.2616835539,18067.4982744774,9461.38915423009,15422.2852780518,9461.38915423009,66409.7962062835,1.35437962562822,3.36890900355783
29011,3423,4258.12704312869,4038.80379093577,2100.92228950615,1264.02073441955,2100.92228950615,7740.97275426115,0.269118488429452,1.95304759571295
29028,1976,36749.6026504414,34066.8624579488,18436.3514925586,9413.89546670171,18436.3514925586,62466.5884716951,0.986531262673769,3.12450061085775
29039,2648,617400.828640096,625581.148993789,218078.632280322,147311.235115544,218078.632280322,939191.989956748,-0.407856116491768,2.68706446785967
29099,1481,4974.01225619864,4816.14638919246,2950.10522418766,950.952083796825,2950.10522418766,7528.13865738702,0.376779639320551,2.2858862771415
29173,1568,7605.70847614027,7672.30844723626,3938.92198039194,1638.83380731392,3938.92198039194,11528.0885533074,-0.124132316896615,2.45371380131909
29353,1643,4389.15376958217,4087.20444143573,3085.39098623188,1970.70103214453,1522.86281529517,7946.22819023915,0.111876664824606,1.5786146293432
29389,4809,42943.3959282399,37232.9810162117,9045.72732736682,21685.1191817937,9045.72732736682,86152.2501839756,0.0504551232415328,1.57421893287333
29392,3546,9311.84346693074,7373.80374949027,3571.22640194344,4366.59275400916,3571.22640194344,19498.3147623008,1.06193294705254,2.53456115666164
29511,3303,3593.11170240034,3946.50046341182,1426.67333011282,1008.93135105944,1426.67333011282,6253.85393786406,-0.257583500148071,2.50845631270075
29710,2415,6052.38689455276,5680.2125558056,3410.09786716495,1683.39889960153,3410.09786716495,9299.76218604247,0.279781662512182,1.57207229855606
29733,1718,4682.62738130079,4788.06475261339,2354.528882236,1282.55538472637,2354.528882236,8235.8598205941,0.161785876862542,2.52231181540885
29755,2162,1940.05152268313,1455.31019057427,898.857099418706,931.280116568622,898.857099418706,4534.78886615361,0.924069832706185,2.42874431846322
29804,391,11531.886098954,11831.2096588165,6201.74292857873,3056.98946972686,6201.74292857873,18319.0459500483,0.190564530648107,1.86691000955016
29830,1705,1901.00091873346,1788.71316303191,866.109396139613,784.194647070779,866.109396139613,3347.95351804145,0.34957384531495,1.62670819933013
29850,1196,93960.6201127307,86930.8332584783,32018.6463388972,44659.700587197,32018.6463388972,218073.980722464,0.648429116306543,2.42413805403742
29875,2863,11637.0280744821,9806.91763741396,3905.35403093297,6241.70484759723,3905.35403093297,27603.8452047123,0.890693339184725,2.73736224051211
29968,1481,4889.92729865576,4326.167852275,4350.06680265845,1748.89207564781,2777.55677291092,10514.1060453994,1.49865367473659,4.37001901402322
29984,1047,24771.2609735065,25040.6824401711,18340.0418507174,2227.47411599515,18340.0418507174,29556.9878483046,-0.54716073556994,2.9401514075451
30024,340,11475.6585989468,11258.475577946,9395.83715119721,1198.6586548836,9395.83715119721,14889.5355869585,0.660505469228691,3.12825795142789
30098,3918,3704.24775384497,2641.95496720033,391.011011041136,3527.14556559354,391.011011041136,20261.2109667442,1.99859010763362,8.16653591457648
30170,1002,15852.1764302406,16032.3679115354,12333.3945433536,1546.28668756269,12333.3945433536,19212.8020539785,0.120941356923021,1.94316208730481
30298,1411,2704.17704853718,2682.69567165585,1946.36457207458,318.751908576662,1946.36457207458,3543.92396474849,0.219192487644209,1.96652528494818
30354,1558,4869.48030324171,4921.52611606572,2877.49265928053,593.792084114443,2877.49265928053,6323.39332710909,-0.378220156197332,3.23898655415126
30384,1773,2349.12371481519,2406.1256742536,1292.18308949424,647.220194152803,1292.18308949424,3541.60653514091,0.0458103602787003,1.65892556778729
30452,3824,243311.405536581,260908.920568514,42840.3544329079,89812.1456085528,42840.3544329079,376848.929092614,-0.598929708358201,2.2924803974415
30495,383,1864.38997977274,2024.85979066988,867.557308830845,502.056629450872,867.557308830845,2492.95479001748,-1.00154321085392,2.66568776193809
30501,1512,296660.39101766,302313.930519892,226705.261254121,47460.7186312086,226705.261254121,412149.738983141,0.058931389896858,1.6896270638559
30538,942,159154.617643326,163055.336506526,77438.3506486937,43025.0173084756,77438.3506486937,241127.241451719,-0.155438173220443,2.16756487429925
30580,2795,324609.464447101,326097.32279007,305054.169905991,41192.7647861437,221882.556419262,396994.308979052,-0.358588829823753,2.49850172538996
30637,2359,3627.13471945385,3661.69693995281,2275.18401363768,517.893773689169,2275.18401363768,5119.82360400072,0.133898491047549,2.59953425637442
30806,2092,10522.2660280993,9842.05911689789,5759.66153978735,2520.38472767451,5759.66153978735,17393.2770763108,0.696353870601973,2.70372699216451
30807,3570,20287.1810111736,21609.6407115639,9073.56263238647,5453.13666548465,9073.56263238647,32693.9015564941,-0.217069467690131,2.07485173881562
30821,2009,161925.162255695,161243.526498065,181405.90507192,35124.1921143855,61638.7459034946,283512.245040651,0.10441508792529,4.18816653637855
30874,3162,52014.674772118,50345.1853396758,25156.5960204019,18295.3352484705,25156.5960204019,78123.8121630993,-0.00640652340746054,1.18665605968879
30923,903,22854.1957820627,23059.7277361362,14670.1438546884,4082.62659686117,14670.1438546884,29734.4592082661,-0.438945781063742,2.00971998094928
30990,1743,59916.2312889066,50477.7483892459,22054.4111354721,33133.4896483514,22054.4111354721,135622.554944758,0.976266347265992,2.71574528052682
31137,895,111147.275450717,107634.968570983,76490.0816198001,17288.6695937551,76490.0816198001,154309.997307049,0.347558576583262,2.2643945363938
31142,4837,17347.2814665125,17026.5531051477,7265.85355711219,7220.30355201218,7265.85355711219,42812.8638863328,0.727470757071961,2.89730154372901
31673,1789,15896.1404299642,15664.697206755,12272.683998997,2193.6562816666,12272.683998997,22558.8204081999,0.506857323776796,2.58154262645636
31846,3041,7542.49625381085,7329.96894244406,3834.88850987303,2041.2984291563,3834.88850987303,11912.4472746655,0.011948541956761,1.90325144269461
60800,447,1640.60285040806,1688.87446924089,1048.79042258685,231.867395452189,1048.79042258685,1964.98263645835,-1.01190375541533,3.28093553944748
60894,1064,10274.9505476744,10588.3209250146,6119.85882808214,2339.81259469391,6119.85882808214,14703.5373148653,-0.0914512949496312,1.69672628374167
60900,407,11062.679894209,11206.2287594869,7538.91328361709,1905.79112540703,7538.91328361709,14394.4156328393,-0.10696559296374,1.69290368788565
61067,2261,68047.1468585779,69700.4321674996,44658.356040886,8827.3214482827,44658.356040886,82374.9856898064,-0.772981121154404,2.75676853927159
63120,3662,544148.503251016,545100.944060459,415572.844458976,52271.7468464464,415572.844458976,681242.523182024,-0.114982016746441,2.96975688969307
63477,4856,116642.247113214,121403.293118014,24025.3663629203,35242.1603086501,24025.3663629203,207550.701518151,-0.425637329662022,3.14491963829211
63501,573,45111.6111036161,42659.7806883561,38523.445771018,5033.2301849981,38523.445771018,54528.7125852326,0.436236993261696,1.57259063521037
63546,3054,116930.556501258,121536.46112605,91020.1046614218,15030.1534177944,91020.1046614218,160963.604923407,0.165214982502955,2.39597755318245
63605,1800,14587.4703255843,13984.093438976,11961.8574406213,2420.7467730158,10194.2428352315,23527.4827608633,1.13398703681251,4.25381179215232
63892,1394,20410.555832239,20391.9260894017,7713.00399868289,7663.93342193901,7713.00399868289,43096.7107195729,0.590309750126541,2.91312493826849
63914,669,14766.1524600928,13412.7145794844,11120.5963620436,3481.62896498556,11120.5963620436,25353.2331992526,1.23800433694745,3.38688290176007
64030,1334,4584.33459890494,4735.42905434204,1699.86557601102,1852.43661196748,1699.86557601102,9731.39145790467,0.533698935489557,2.92433199960947
64166,1759,12443.612444521,12489.1378953266,10450.6993384229,745.118370155068,10450.6993384229,14378.0663375669,-0.0993912502953029,2.80963792583231
64690,326,6589.717176707,6666.84415384594,5237.77744478669,443.038945931615,5237.77744478669,7516.31175887221,-0.966452768337843,3.83447434786462
64891,1909,4108.22877895885,4216.99478247298,1329.87126689671,1553.01749857523,1329.87126689671,7188.6734377527,-0.118443023077891,1.85633588678444
64910,3943,155414.874867212,149642.353910092,86932.2483270006,36345.8956706092,86932.2483270006,280156.535760291,0.953924477162089,3.82927420065837
64925,1157,13129.4157582687,13874.2142754765,7490.56088570962,2654.1595207876,7490.56088570962,18647.3093894932,-0.295887859706455,1.92539986407533
65248,1348,29864.3966424797,13678.7285469718,4247.5527693128,42623.9311095748,3133.16302144929,161181.384715845,1.69974851471729,4.47109094219077
65350,1552,2567.08871096174,2422.20315873107,1730.53658264255,629.379093312364,1730.53658264255,4675.88013532508,0.838872730077462,2.91846027482553
65399,2367,3187.34505556114,3202.21411649909,2291.03710485186,412.781208482473,2291.03710485186,4443.45509084936,0.170038423050928,2.6800851873431
65417,3456,23159.1975189596,20181.1253446575,8524.85713909132,9846.29520680743,8524.85713909132,45461.9494531466,0.437091009346234,1.82899193798817
65459,249,2195.90006497724,2178.19869411839,2056.43436812034,84.3555141144526,2056.43436812034,2384.38691358606,0.596267850797931,2.32825880603983
65590,1102,416.065581508533,409.436732367428,227.139018590632,98.2863785063536,227.139018590632,698.015808371166,0.409315852814388,3.0539139040115
65662,3553,1106610.89919473,1078150.55561415,502385.744983081,214177.988628784,502385.744983081,2098021.06769354,0.812324964898632,5.16475317551823
66016,1359,3316.59945588902,3268.04531199232,2101.57490115062,626.876309515466,2101.57490115062,4859.64950794941,0.50258984772708,2.61888163047332
66065,888,3993.36332082804,3965.12993350937,2445.3443031332,646.009800969803,2445.3443031332,5210.39483735207,-0.13561985372506,2.32513941408462
66290,861,1844.52658766879,1928.33513243121,1075.27595546318,496.761902901517,1075.27595546318,2547.39731278364,-0.270190029884127,1.47953807063925
100075,1131,20324.9751611701,20464.9100121573,13357.4673801201,4007.8378818784,13357.4673801201,30671.1338334223,0.467960570675113,2.55324552148908
100080,4815,84307.8933464828,80714.8681517502,26840.5840377772,36611.9935803398,26840.5840377772,168164.709002958,0.418017342660638,2.20872940322724
100103,4556,27520.4844734954,28910.7998472069,11227.7056928296,7497.62877499901,11227.7056928296,42482.5394143267,-0.456792620678654,2.46740668453821
100135,271,25106.0263581913,25138.7390575082,17833.5701654376,4151.94860575853,17833.5701654376,34573.3402507392,0.310845975109768,2.6770673442691
100165,1339,28228.7976710807,24340.630208077,10441.2730058991,10215.9708746339,10441.2730058991,52296.9114059227,0.611770863537664,2.2953333380405
100245,1412,5086.60437452063,4513.01889723023,2424.96846745878,2357.60017379737,2424.96846745878,11947.4620114037,1.2750818899282,3.62445953229375
100424,1898,30652.7279723051,24214.0905827645,24225.4382432631,15699.4092832015,12685.869857084,62378.2484250327,0.653278242934818,1.87851119833772
100572,4872,15729.030124201,14815.4459175546,7116.7767930935,4058.81425724567,7116.7767930935,25712.079992595,0.296678724661378,2.1031602242151
100581,2106,21446.2826572915,22250.2877268391,6637.28817818037,3963.07412965457,6637.28817818037,30001.0646215719,-0.198807127689202,1.91936648276286
100590,1965,89764.1978132789,88544.2545348955,53541.4085209937,24478.774449108,53541.4085209937,131740.006714543,0.100552525104723,1.70320026525323
100609,3837,28100.6668709682,27300.4262690611,9494.74146718265,8559.2188976378,9494.74146718265,64590.8766700573,0.902156810236646,5.35690953644527
100699,4248,23807.6052369999,25612.5020921114,10823.5710030915,6996.79580566545,10823.5710030915,37638.2127436295,-0.408681847207382,1.89201056533735
100737,1342,183057.062258099,182943.093947585,106618.271040641,57795.4044018652,106618.271040641,551542.184080606,0.640178823630847,3.57696766441421
100760,2542,25224.8949268765,25687.4089985238,14105.9464255668,4422.72948670609,14105.9464255668,36597.7244170759,-0.210054928638586,2.94310366272549
100781,572,11760.277192487,11723.9299659773,9232.97120254325,968.3303220905,9232.97120254325,14512.8256398906,-0.0642333650683063,3.21668254897314
100953,3320,97416.7346905564,97112.2416479167,55037.3932630265,23380.647537346,55037.3932630265,144470.027134853,-0.143453070624395,2.15903843264773
101020,4789,13863.0824632026,13547.9568520075,8635.40882046545,2667.0019208998,8635.40882046545,20477.7048697133,0.260125591774509,2.05988544618278
101202,1824,17927.0932000905,18499.6457217982,11719.7163913499,2560.42762126184,11719.7163913499,21840.2265221422,-0.826680007562744,2.76838019939338
101204,1462,97939.6382929205,98751.1438789664,76072.7584026407,7635.54319932024,76072.7584026407,112222.124970279,-0.59389779769623,2.77048897545567
101292,2044,15718.873080424,16684.4263476438,5598.6702629036,3745.54802361111,5598.6702629036,20884.9742699398,-1.21678810989493,3.89505987724681
101310,2681,204093.07467219,191928.128038153,131549.030478362,54647.6466526281,112122.565207311,329473.722731649,0.498945911528606,2.1448104187934
101352,1691,26225.1695445905,26652.2463841931,19690.5394729385,3405.31114149775,19690.5394729385,35578.3661209933,-0.0768660087143179,2.56625703216677
101361,4837,13265.127169998,11598.7772932238,4161.97315265679,5435.87773889965,4161.97315265679,30271.1459993289,1.08970506193486,3.53245120650218
101475,475,25042.726455699,28058.3813706637,11054.0500873407,5702.21930437128,11054.0500873407,31215.5805357269,-1.04123766314079,2.74594925241006
101718,4854,15930.1977763132,15680.6159399621,9563.48148312762,3124.69781872608,9563.48148312762,32046.7062464667,0.768236208150869,4.34503709907034
102089,1238,11619.0152766586,10125.5608270401,6912.98542438209,3557.03086354445,6912.98542438209,19491.4203170457,0.734515641538863,2.07827497695593
102345,4330,6897.59492246573,6454.7646918038,2167.91901794123,3597.51762071967,2167.91901794123,14461.4933319353,0.267852304625338,1.6044982289949
102422,3736,5280.86468907078,5226.3596830252,4409.24674577133,952.972589477069,3012.90521620997,7628.14888967655,-0.193306170828013,2.37086011999215
102523,4331,10524.1507472891,8685.23643193258,5342.18042109885,4041.52886840959,5342.18042109885,20711.0104489006,0.688186828118968,2.12849661223087
102704,1280,21440.2119804143,17637.1390827562,13798.2853565015,7760.03647165095,13798.2853565015,39744.4993040259,0.972667776828166,2.49533715167012
103124,2774,99222.2922276956,75396.6882914778,274044.213855688,83975.1707762068,14674.6446893533,368771.988430218,1.59621335827384,4.74113151141275
103342,572,39904.0079864435,39449.7581904562,35956.7005855953,2592.82922443017,35956.7005855953,46257.5343514451,0.578650838059041,2.3571992841833
103487,925,63726.5979225558,65389.7560046965,18530.3026091398,11209.7338488125,18530.3026091398,82446.1012492843,-2.02734446264385,8.97556142311932
104598,4801,21460.3056335731,23787.4839021801,5785.04318739385,9989.49092525432,5785.04318739385,37320.1117120767,-0.293962903506808,1.63359835435906
104833,487,25544.6594525446,26089.5092899686,20598.6230735721,2092.03529965836,20598.6230735721,29624.9413394082,-0.65567680880134,2.64591302527688
105089,3517,131007.732896516,118305.438726569,36656.5256196391,58439.4766399838,36656.5256196391,328578.630025025,1.12429681165225,3.71511574292793
105222,774,8495.81906498017,8773.57765203974,5351.88833039794,1560.15570663807,5351.88833039794,11291.8799729009,-0.522934005362803,2.24850023072411
105365,1354,14174.1043547711,15491.8450161557,4620.13615814815,5222.80722310144,4620.13615814815,21490.032745442,-0.697058637039018,2.04160711658926
105448,300,15143.2102090482,15145.4478172541,9769.22523209612,2809.54685344794,9769.22523209612,21318.6291131911,0.160947319772584,2.11873203316464
