gvkey,GroupCount,mean_F_star,median_F_star,mode_F_star,std_F_star,min_F_star,max_F_star,skewness_F_star,kurtosis_F_star
1045,2662,18755.16743758,18547.4345933197,14568.5772745285,1461.22846427739,14568.5772745285,22951.7581065393,0.153797088455946,3.38310146909186
1075,742,6717.79557439901,6631.69276539948,5799.43718222538,457.311031842479,5799.43718222538,7917.87938613657,0.68844697808882,3.07845789526161
1078,2466,55575.043565088,56048.0778269378,35577.4995515219,10833.8190848657,35577.4995515219,85817.1664998045,0.502833769026091,2.40872544854632
1161,799,5997.75374413809,5971.87749515574,3590.9391704796,1027.75160920775,3590.9391704796,8952.22205743559,0.229825158505687,2.25399721220432
1177,4266,32094.6809263653,27994.485005913,18084.2079159803,12291.7487351424,18084.2079159803,66289.8529572766,1.15999858432648,3.23193238783347
1209,4836,15885.7763356754,14205.0340868724,6191.98360144851,7349.77626072005,6191.98360144851,44172.2926397968,1.11529998825738,4.12354698853391
1300,3189,33942.4132550005,29900.1647745956,17470.7481766631,10448.3937875026,17470.7481766631,59957.3926795704,0.868349568476134,2.72967377043597
1356,3866,18801.6901765256,17833.1998301128,10950.0302163576,3792.56641567661,10950.0302163576,29865.2607735081,0.686651801971089,2.53682576420872
1380,2400,17246.5799324762,17224.2818687384,10265.6955945515,3349.20674053022,10265.6955945515,28184.1715957265,0.263817994876296,3.43922510906375
1408,2389,8379.11316438324,8444.52881260456,4914.09961257122,1875.15309235288,4914.09961257122,12019.6233512972,0.0802212042364668,1.76029439622038
1440,3542,30351.220824149,29879.8007928389,20552.4455013012,5872.04275510443,20552.4455013012,43253.1821508143,0.280447936291276,1.90058081802788
1447,2147,104046.437443965,104579.394111555,70547.488514907,12397.1460014103,70547.488514907,127939.667045415,-0.258826699664763,2.44077008698208
1449,452,38105.2969424043,37494.8168190267,33654.9824675411,3378.01458607041,33654.9824675411,47143.4100207238,1.00763143371235,3.10435595444889
1468,1855,1068.28549262171,1041.45906535717,525.162814799995,241.784461191684,525.162814799995,1725.58279049481,0.352004752258415,2.70006779513339
1487,3179,390283.781379478,389145.961348605,244401.403890474,93734.8625046034,244401.403890474,579171.40844711,-0.00220386045570185,1.96965295991244
1602,3022,43571.8042930618,41551.7312059276,22436.1896879409,9825.92832459665,22436.1896879409,75995.9080218694,1.37619507608345,4.81436772044488
1632,754,4529.50963918213,3721.99442899602,3364.81453910128,1619.69692593864,2115.71982487523,8126.71747163324,0.559397717468439,1.83309448132328
1661,3143,4167.43647093703,4030.3921210833,4333.17039242836,849.405762813178,2117.72993822504,8108.80645582254,0.974574496932564,4.94044166953595
1678,2902,15273.4959464539,14900.1122476926,4154.29965191404,7236.0907240025,4154.29965191404,28896.9027764873,0.022563932869407,1.59767201432397
1690,298,47262.8459998354,47172.4566456434,30697.3258704958,11698.2424273682,30697.3258704958,71627.0387122734,0.345793312607564,2.08315163435811
1704,3123,10612.2254856046,10740.6398116565,7753.09839919919,2627.17383326887,4339.00759576238,21897.8338777734,0.419280965796227,3.54598443296765
1722,4755,22980.6436172758,25270.324850516,9492.9845814848,6722.40999357877,9492.9845814848,33686.1029075176,-0.718464901825737,2.21292184788423
1773,4040,5474.46424027489,5078.4723245546,2523.52332407275,1720.37795266035,2523.52332407275,9466.6756472065,0.408635988287962,2.09516243475912
1891,1524,27807.6945949939,26884.7450297539,21956.8964010072,3325.029711314,21956.8964010072,37177.7380686461,0.947254645994368,3.16014662546484
1913,1788,4652.20983948118,4719.11378400857,2614.98639996506,543.02087170271,2614.98639996506,5951.2203170481,-1.07960369188603,4.87466791551401
1919,4758,5088.74351613583,5068.59434358833,2245.45937982542,1452.37054372452,2245.45937982542,7831.78285231858,-0.0785564031300996,1.83772851150605
1920,4617,7412.25158883522,8056.21015387942,1781.58538176279,3069.71597081625,1737.76756253857,13171.8652534925,-0.406763577925873,2.03457797877677
1932,626,119434.262308063,119908.305349375,78602.4765730151,20198.1785678727,78602.4765730151,163406.847302211,0.152811163527887,2.24738263766391
1976,3478,9547.60921105288,9811.18777898291,4438.61128030901,3146.97249806147,4438.61128030901,17229.6377048377,0.165921827648144,1.78627349839307
1988,1822,5057.3909435799,4985.15584787183,3708.33648617661,689.496929102487,3708.33648617661,6941.08308686627,0.474029876838444,2.40332671481198
1995,2585,12862.8973226185,12124.6959499734,6527.53977089575,3717.21175870292,6527.53977089575,23531.5625128494,0.685062518642423,2.6609184537177
2002,2507,35118.0691593921,34489.6749188066,29017.9096455512,3627.5591384543,29017.9096455512,42770.5818443715,0.451894217863061,1.97638650133195
2019,695,149443.358720329,149357.131213145,86127.131279382,21685.1559576762,86127.131279382,195945.280595121,-0.320981636888161,4.07600669478353
2025,334,1609.9131277689,1648.47711771787,1137.16399007598,164.00974151269,1137.16399007598,1908.21327995009,-1.03510806486406,3.73371345817269
2055,930,9214.09904724707,6959.73391284637,4713.98349519543,3846.37820813413,4713.98349519543,24637.3582506325,0.639355507420676,2.54141922689695
2085,1139,3004.85034902432,3024.05182225891,2236.52693685529,372.607908886664,2236.52693685529,3784.35453478015,0.053517791043282,1.82858376819898
2086,4390,22583.8497541557,23293.200720249,11326.127727162,4508.90399593336,11326.127727162,30484.6931726696,-0.322042205227601,2.09489993365349
2111,263,13175.0960662297,13051.9083147574,12243.0848087929,599.917279403332,12243.0848087929,15297.5546722704,0.973716233596463,3.82090938385693
2136,1353,119302.081378378,119377.362231419,101081.436368354,6638.99859932299,99429.8662838063,137023.475223956,-0.0509989148983382,3.29208045689434
2137,2217,23778.3231567696,22184.4399676518,17210.4605726548,4594.78541857814,17210.4605726548,38499.4756910758,1.4127413041897,4.00863156700594
2150,1245,2517.40649716266,2513.9025462562,1690.18408048316,407.313915345406,1690.18408048316,3348.1269676473,0.135626305923671,1.7459656015127
2154,1575,2301.65409673145,2224.43045105355,1654.56328054961,306.930540764542,1654.56328054961,3195.89060670859,0.761901806552924,2.87467788333886
2176,483,168810.155523464,169773.011521836,130233.734254334,13511.3211798857,130233.734254334,204700.928620069,-0.588619734302912,3.40571595440873
2184,2855,13260.0748629872,13366.6117493378,6898.52462450905,2430.67305474744,6898.52462450905,18858.7048350089,-0.0943999444366208,2.14101484518186
2259,1358,1704.64413243052,1731.61710114335,1269.41354992774,193.712123490316,1269.41354992774,2148.82540731795,-0.338957619349063,2.14125328161946
2269,2150,5722.0560654914,5721.83614847057,3350.47872340438,1257.58300262598,3350.47872340438,10665.7268766508,1.39368886136852,6.6208599352535
2285,4872,86687.38005758,68438.3473166671,31545.1181008028,46818.7286472739,31545.1181008028,218769.71060579,1.22363557245736,3.44250942299473
2290,1428,3111.94695388725,3205.29113743549,1892.53300660754,782.04052072123,1892.53300660754,4631.89311493838,0.154708643585001,1.65820054765763
2338,2632,15658.9373336608,15447.3371143973,9403.54207711513,2495.70834342858,9403.54207711513,21502.0366419624,-0.0739244954357789,2.16862841039208
2369,1227,27192.1686285357,28105.1908448085,16242.0755559309,5290.91582920068,16242.0755559309,37014.0944051195,-0.434786182170908,2.33598210712631
2393,1229,1229.76961901741,1175.92274609303,819.081213525751,213.277047235248,819.081213525751,1707.43374332095,0.35428314344533,1.91554768577502
2403,3404,39942.4755707904,36273.6884049264,27909.3368133109,10027.0225523432,27909.3368133109,70081.9739222832,1.44146242784945,4.02858517714509
2408,3558,13513.5361916831,13692.9492301901,4855.94267829122,4232.65389868348,4855.94267829122,20101.5191181994,-0.272807685682911,1.87611253417784
2410,4872,550060.891495891,526740.584902199,232354.095882978,115161.698369091,232354.095882978,885201.379934984,0.265083508589933,2.77064236550721
2411,4499,184095.455167178,170850.748128503,22532.6856102084,68097.5752267033,22532.6856102084,432653.332607276,0.683803127451394,2.71409907839968
2444,2800,2489.27146756441,2414.04023087124,1290.28507478749,535.638665528889,1290.28507478749,3797.44053107949,0.261742073870959,2.4325647009295
2504,1576,3435.60080012207,3356.30182411822,1782.25562018788,763.508287859286,1782.25562018788,6043.21210583807,1.02052115494394,4.3847676491393
2547,3299,33132.3505439978,30246.8900848518,20007.3978873373,7848.02077667935,20007.3978873373,55216.7203892994,0.461844415019239,1.90160219675717
2558,4791,29092.1829877467,29298.6571129095,22064.5562351784,2689.98431884352,22064.5562351784,35432.3164806681,0.251389426031705,2.45253973239933
2574,3315,16040.4009126934,15919.9731429926,8314.16432334179,5273.49068229262,8314.16432334179,27709.9364588341,0.260417305684846,1.73873658356054
2593,1890,1692.87000610866,1622.02155650108,883.705716628897,351.748694165801,883.705716628897,2749.61922819236,0.583083932511392,3.35067068808703
2663,4870,11889.8214281657,11632.9375205823,8202.80061281123,1771.63069062362,8202.80061281123,17066.9601913381,0.502750072385862,2.44498259389807
2696,3145,19026.6994602591,18064.6900561035,6457.90315381846,7649.19378917153,6457.90315381846,39001.5884727168,0.36938523484773,2.35322573863983
2697,1688,8633.67164858854,9602.30542307206,2784.24619235256,2987.3141260378,2784.24619235256,15260.8405075846,-0.49390856117267,2.36003321845093
2698,492,5335.17078671365,5063.69268560882,4365.83711254149,642.152187270033,4365.83711254149,6704.94664794584,0.365821514281162,1.66180034157908
2710,1602,5699.16942356029,5642.65465644389,4103.23665965226,641.886399164553,4103.23665965226,7113.32448335807,-0.104343887371236,2.31835974359451
2721,4636,31005.4816705038,29137.6171850919,18112.4356846337,6151.9858639328,18112.4356846337,44825.7543303258,0.427590167243089,2.23468973418404
2751,4838,26144.2078497688,26457.8338371884,16009.4476080117,4583.79963254055,16009.4476080117,35326.7604050789,-0.190692413563114,1.96462059052818
2783,2068,16612.6589216145,16477.7953305093,13649.2146117955,1062.94773975362,13649.2146117955,19922.1763283471,0.576094537045323,3.36736206385018
2787,1730,953.985436921954,880.597390304421,451.444003175867,341.748408679794,451.444003175867,1767.18017783334,0.523426381115351,2.02366667136391
2812,560,2747.99111463476,2697.13845542554,2351.81477383633,194.951783482721,2351.81477383633,3105.83712074793,0.175919290466589,1.79008417459552
2817,2411,46833.3549215491,47883.6222905557,22327.0154945066,12578.8670758073,22327.0154945066,74419.1498688042,0.0540950158807809,2.32198861059086
2884,2052,5200.30104105956,4576.96073322406,3138.53597541027,1994.14331574639,3138.53597541027,12664.6524471083,2.83421975421087,9.95418406155955
2968,900,1091770.7281338,1041917.25234189,873190.912290874,229874.573769118,873190.912290874,1819538.26332586,1.85987285521711,5.9338088707825
2991,2799,140302.031694982,143900.910476669,75818.8812776032,25144.1492835167,75818.8812776032,180594.569468013,-0.438465977123103,2.04817046671431
3062,557,2620.24417265001,2640.62237217607,2556.12718878118,215.006637978075,1974.97072806422,3263.46644809552,-0.30388057967975,2.86511841278485
3121,2399,7667.33134233013,7630.39693367498,6216.96624996441,532.935524028368,6216.96624996441,9749.14204766748,0.112869433667504,2.68348646964122
3138,1785,1157.57911243487,880.75881704624,742.977961487082,457.942182355408,742.977961487082,2316.17164010683,1.01653250944548,2.68849495236536
3144,3400,104012.022334419,96612.3582561721,60565.7046928033,27221.4848669031,60565.7046928033,158009.405268843,0.422569205107128,1.71084820392704
3170,3457,28612.6937271824,25847.8300472115,30412.5628639645,7577.48821428277,17022.3423637882,46131.5639808118,0.764007224122531,2.37551069249545
3221,4798,27872.4296679422,24237.4832533227,15380.6893157699,9744.81411067876,15380.6893157699,56967.539857095,0.953036769838068,2.91943385135321
3226,4800,93262.5038843065,73313.2703131374,23039.377763744,43221.6021823127,23039.377763744,206840.952268559,0.605560949402013,2.28189124970712
3231,1075,51877.3044542947,51615.5934143582,46379.5583641753,2178.51815527464,46379.5583641753,58090.2709001059,0.54510052724384,3.57786663574
3243,586,984745.369033272,894621.039805522,776715.639912691,218578.950278109,776715.639912691,1447688.00364454,1.10544106940321,2.59309459520891
3246,2153,1620.69045206646,1740.06301892384,502.040972893163,571.533197924542,502.040972893163,3081.63379872485,-0.3633853720535,2.41647997537076
3278,3488,8911.09282036678,9545.66028801832,4791.93984894409,2478.77587726915,4791.93984894409,15330.4492557256,0.091155998560936,1.89901278580732
3310,3136,11214.3648777399,11205.4144840644,8751.66018512897,956.310688973459,8751.66018512897,14718.9425262863,0.51952882897682,3.86196940540332
3336,2189,8220.93657799179,8345.52995555361,4664.85909696733,1035.57081847805,4664.85909696733,10643.0047251743,-0.763659984077334,3.52948025427588
3362,968,13315.7479451672,13113.1388926257,10728.0276675675,1671.81384088782,10728.0276675675,17064.532501412,0.413861946494775,2.04123276515093
3413,3339,20738.4210175457,19762.2044483335,11813.7370393296,5107.14937751359,11813.7370393296,30006.2960012286,0.163057724980621,1.6426955982746
3416,1706,1942.0223694752,1932.24511983525,1424.00980239593,185.789613874464,1424.00980239593,2402.8635699026,0.00293331159208027,2.29959193634908
3439,1652,8737.76183892248,8891.28865003902,6721.8886175165,671.338494486125,6721.8886175165,10699.320691428,-0.781879607098003,3.9587160874875
3497,1395,4713.85545438662,4857.81643548226,3266.59354528845,629.814115648638,3266.59354528845,6074.12243927969,-0.163439975613687,1.9325620088964
3502,2397,1420.89580953528,1466.39503284886,805.178917819859,235.274160355164,805.178917819859,2017.31880996716,-0.152216564151868,2.13720563946666
3505,1250,6418.67613530038,6503.84728847581,3607.95115094409,1036.90601783933,3607.95115094409,8506.47241862612,-0.179738420700403,2.27886442626436
3532,3665,10754.3056659429,10748.7064255685,3405.87354268624,2817.47402758989,3405.87354268624,18516.9796561641,-0.116781048475859,2.82649740604684
3580,1678,1729.91519847952,1668.81985482734,1190.98689324269,272.221830577144,1190.98689324269,2441.16805658868,0.471444073960387,2.37282594577656
3607,911,2278.90675872032,2317.92883365446,1750.38578462498,365.608517347439,1211.21779662977,3128.61171884519,-0.596638459683757,3.15229641968628
3650,4818,10085.7853683409,11531.7132623782,2117.60142183481,5494.63535630077,2117.60142183481,22164.6520961312,-0.0479779228594359,1.57270553467345
3734,1359,6298.0973636567,6228.80515736392,3799.08850322916,985.486442720979,3799.08850322916,8863.8958301388,0.239945699685207,2.71247184571361
3735,3529,19343.6131386673,16275.4028246143,5531.36687419582,10269.1583396182,5531.36687419582,48054.4424078512,0.744114396531811,2.47389505561084
3813,4867,34293.1965222072,34217.1710023479,21257.9937502857,5380.3133559499,21257.9937502857,65898.652526776,1.4086028015247,8.51679976834633
3814,1792,3565.44702106116,3564.79780882693,2889.34315053525,210.369780311466,2889.34315053525,4141.52865132041,-0.0705315410769608,2.93232730129415
3835,3697,31429.5128744146,31523.841567059,14339.9387126318,10484.7947921886,14339.9387126318,47262.2368481425,-0.0935511591934137,1.38241014668587
3851,2352,17672.4085489413,15273.1540770261,13298.2842066928,5676.42676864959,11582.6988873393,33563.0092541902,1.48157294147952,3.68950615770921
3863,664,1297.03234263274,1209.28171807889,869.905185774136,253.764423496438,869.905185774136,1783.5293997684,0.465142337178681,1.84640360849961
3897,1334,14131.0385929616,14050.3393012298,12587.5213061188,795.920438615612,12587.5213061188,16487.8299386511,0.642202096777577,3.32369773368296
3964,2325,2728.59424741567,2782.29551194107,1485.3700972237,507.909383479849,1485.3700972237,3760.37403985961,-0.27846827823694,2.32855470949405
3980,390,133019.683783938,135535.295334537,104486.538213295,10276.9928279323,104486.538213295,157440.390270782,-0.645867225858357,2.89169879161986
4029,3681,35987.4349740895,34565.3623876368,22403.762784663,7254.26005275202,22403.762784663,53122.3322156235,0.464444574159293,2.57151124339837
4040,2690,6250.64455851827,6035.91272747101,1798.85153523161,1765.15984497044,1798.85153523161,10282.0152742996,-0.536196128245175,3.62115472800863
4058,1994,5506.9091653998,5408.02236306469,3536.82234038641,806.767895207335,3536.82234038641,7598.50311401317,-0.0544396457572213,2.48614915195997
4060,4866,45870.9633514357,38642.3533514576,20957.6371373595,23373.5472935938,20957.6371373595,133616.526606205,2.36985184785577,7.95900601385188
4066,4711,19190.9127701282,18785.5254794131,11773.1299896546,3010.35657125995,11773.1299896546,25063.8468900934,0.120272100716676,1.86960244381684
4087,3965,40271.5139324632,39106.7176610119,22034.6614066841,7004.34413116752,22034.6614066841,58683.3222066172,0.239636708013377,2.27177932457847
4093,3468,60869.8452218522,68648.240932517,27192.0890187192,24166.0142454829,27192.0890187192,104940.841326123,-0.0248824964686578,1.48252155637441
4094,785,4138.713298951,4145.74646055474,3419.64706475683,385.592873422431,3419.64706475683,5033.55438202655,0.199259224164245,2.0224567820114
4145,2397,1789.41932016128,1767.92227209955,964.6838056265,346.473873284814,964.6838056265,3434.06821112947,0.770955223146352,4.96892724405786
4194,2687,9488.69163478517,10665.3645094159,3725.16452332428,3299.89936975543,3725.16452332428,16239.6282888809,-0.313678264188667,1.98260405020109
4199,4278,15127.0942368891,11825.5179821498,4857.15984328225,8254.05266658641,4857.15984328225,29749.2579888283,0.493583504027696,1.61730938555358
4213,1616,7205.33724197543,7424.648152478,8505.91133915471,1062.05725874658,5128.98649822283,9078.2963081632,-0.107650512475538,1.66016412524708
4242,2466,18988.1403747561,16496.6574867203,11273.1716325177,7032.28130217047,11273.1716325177,44334.3445081581,1.73087420113479,5.19622244431732
4245,1412,2780.65200404986,2465.86338395551,1634.59594617793,1134.47182489782,1185.52597096934,7088.85508276004,1.26312196457369,4.09215341169319
4321,3068,24145.7835912545,23585.1497480753,13589.0763860151,5085.38267657188,13589.0763860151,34231.3312065894,0.0922763104136594,1.7944440893171
4367,2668,6493.72660632021,7086.92613878823,2090.57306726677,2873.76169350203,2090.57306726677,15377.9131358467,0.230722845362658,2.49313438042236
4423,2013,2670.64655964487,2647.23497657521,1758.2605041409,405.931770566114,1758.2605041409,4136.53347251308,0.499858505607795,2.96292456664781
4439,4871,67010.1936405663,21847.8567111512,10038.0582603497,78799.3642427238,8892.3443156153,258403.57327279,1.21514630277444,2.69343971525187
4503,2534,249848.132837491,245645.094992842,153180.989035603,50768.6791909876,153180.989035603,356405.623399279,0.0161126325190311,1.71273390216347
4510,2572,3114.73351645123,2472.72464841863,1509.63915001585,1679.54853415181,1509.63915001585,8274.54088487469,1.56205152382443,4.20285499574488
4598,3646,20303.5904785343,20515.9186607465,9486.12770141845,5750.4442291319,9486.12770141845,35352.7074871577,0.430284411554573,2.93438498346414
4605,1682,2204.57995792292,2290.278100011,1272.69952242221,540.966563905577,1272.69952242221,3447.84158544888,-0.0668796676892752,1.94263226954687
4611,2042,15145.4092912236,15421.9838223729,10535.3577463471,2464.62307981962,10535.3577463471,20394.9365750734,0.116225903859809,1.88234886212753
4622,1505,949.977071336187,979.893923209859,848.294228193995,132.991172925916,567.769689025542,1261.61916005358,-0.965261812835804,3.84891881514879
4669,1495,2802.86102684146,2588.11583872694,1601.00493496814,703.3222693332,1601.00493496814,4701.68134781475,0.801053408090137,2.69722425144519
4674,280,112987.551086723,115454.762875329,85957.9124317313,10798.7346533944,85957.9124317313,125246.678497064,-1.75052668805006,4.8307063566882
4723,3092,235118.900248138,218088.224848446,147293.292925682,70917.7596962689,147293.292925682,386758.323135152,0.7181393280132,2.13202685432497
4818,355,4617.86073689274,4733.81514090084,2374.17720628652,1023.99969817839,2374.17720628652,6493.32429914306,-0.371508053811228,2.56546534775678
4839,4836,171183.116471503,169574.309077292,135639.373997042,13103.7483417848,135639.373997042,216774.101189072,0.484448321482995,4.61402605738179
4844,1678,2158.70053840815,2047.36730792471,1092.05442591248,804.721388465312,1092.05442591248,4794.8150578132,0.98120160792564,3.43723556930227
4864,275,2233.39979328965,2281.85101131304,2563.89792740671,192.165497726507,1754.43750208883,2624.18575358037,-0.820363093565244,3.54535428794217
4885,2237,8182.37469694098,7676.28521828509,3633.57137639716,2727.16332180768,3633.57137639716,14838.0462861153,0.404326760086762,1.99560470383713
4941,4407,3329.30043173313,3268.77258704807,2108.38482430826,520.114689801901,2108.38482430826,4613.15063819329,0.264775407270108,1.92329295138828
4990,4839,8609.42660358251,8471.24948151649,5029.67665561394,2038.23985147777,5029.67665561394,17816.0189781543,0.800026248409763,4.08532350121423
5046,2021,20630.3016100875,20668.9476285861,10277.1341521676,4795.5168058362,10277.1341521676,30103.2122445106,0.0528340500934167,1.96188227726356
5047,3274,395459.399806542,436376.933432856,378798.99770955,131039.694840795,157537.964874965,647435.725057242,-0.405424145861811,1.95191670090501
5048,155,241597.278072188,231355.073061302,220683.547365889,19087.466240852,220683.547365889,276359.23992901,0.987723017858905,2.14199123738963
5071,3584,22906.46980478,22110.1206197874,11371.0155586253,4751.4048051078,11371.0155586253,33193.8475588282,0.381852659477859,2.67816086108625
5073,1211,123125.232954442,117934.985699485,66039.3812799819,34391.8636653702,66039.3812799819,226676.700778292,1.25674744216968,5.82068611607043
5087,1683,3995.590039577,3753.56035206364,2829.05614945926,778.568022547854,2829.05614945926,6733.47258303477,1.3947170425883,4.28041045555233
5135,653,7356.40023310815,6948.12246252138,6311.02557930419,768.350580188472,6311.02557930419,9379.67668631025,0.321974643234217,1.70089296936215
5179,1711,564.206659865454,561.317614657349,543.438298948312,52.5564946767793,389.030630026606,722.242782633469,0.248480614606059,3.73703788953
5180,4599,224571.310802616,220734.500415941,133801.309733153,29961.9431525209,133801.309733153,301348.462441062,-0.0991325077268869,3.08361021197564
5229,2701,5655.63878447553,4922.13856114263,4415.21882497501,2132.39741416733,2652.98324611748,11692.4101461957,1.08053499268267,3.5141459153114
5234,4850,10355.3003304219,10203.4259190069,6341.99814637288,1645.55776638182,6341.99814637288,13363.4651109987,-0.0806983794565689,1.90029703328387
5301,759,1893.22795295037,1898.89895952635,1317.22344217527,295.596225155226,1317.22344217527,2766.44825533471,0.573936572421523,3.520765013489
5439,3472,15769.29204896,15985.8225456243,5315.40218000524,4638.58918484561,5315.40218000524,27903.5495133683,-0.0505206539789874,2.31076047990656
5492,1375,3559.95842798128,3543.47310813225,3028.97972354355,854.199772185904,1983.00107578021,5428.5213905648,0.125704581787959,2.05168056608139
5518,3365,3739.94676181667,3393.09910935436,2073.70001732612,1116.91268732789,2073.70001732612,7004.22564954951,0.858506798943554,2.85610162153077
5543,335,2115.82783280586,1930.18973533003,1144.93437539304,526.092897598564,1144.93437539304,3478.35102473777,1.01018420039014,3.37495938428
5568,291,77722.9026333283,83305.9313717033,56288.7726931859,9824.49661418304,56288.7726931859,91607.4300246927,-0.710180251937973,2.05459126677938
5597,1702,9017.60746572403,7722.41435585295,5579.91519136928,2895.07798543753,5579.91519136928,16250.9695089042,1.33974151637635,3.3637482493416
5600,3405,12481.783167345,11866.7916403116,11799.6219306498,2746.72964728935,5722.9740422919,20075.4004977409,0.856068719404055,3.32934229372399
5606,1234,88244.5463954178,84845.2819016787,52803.0117796812,17133.5456743251,52803.0117796812,126120.538484647,0.364039205005581,2.34034771298345
5643,689,24179.9552717106,24061.3544720766,19404.8970656586,1862.5031044754,19404.8970656586,28649.2374235754,0.1292734804713,2.87655156614264
5650,4869,136092.342879848,136921.820196579,43376.9248757664,42302.2895398243,43376.9248757664,224447.50476343,-0.463168038253123,2.60562929153426
5680,4787,72373.0160510438,55140.3566411493,32012.0831278893,35580.9616812266,32012.0831278893,186637.067798056,1.14271500381317,3.32878882257506
5691,733,69096.9742203654,68118.2547497591,55637.8524753568,6547.16293473099,55637.8524753568,83484.2530556684,0.187708787648122,1.81152144533949
5723,263,9647.79693304729,9783.22961724341,6868.28987753124,1140.76187070247,6868.28987753124,11705.3317874665,-0.35410065310161,2.40747521389303
5742,4492,14951.5268415642,14616.4371919524,9395.28378519707,3698.21406965378,9395.28378519707,25767.593692621,0.829841461278354,2.94970006930409
5750,1722,1687.9265748137,1416.76967131743,1006.29129466162,602.599536597647,1006.29129466162,3415.14293342695,0.910015444383102,2.75671618114288
5783,1413,1965.6665404732,1907.46172112588,1275.85221920889,401.147400874288,1275.85221920889,2879.28511801609,0.406608340680136,2.10637715949393
5860,266,8965.6162016247,9127.49898283587,6962.52521855271,645.976658231645,6962.52521855271,10023.9817970785,-0.921503846057579,3.56490355420812
5862,1703,1794.31107108033,1831.44292746847,1021.40349090752,355.375049660061,1021.40349090752,2661.42028985225,-0.172259599506498,2.58794871477289
5878,1389,15279.3921191474,15263.6695344154,14822.0892658095,1583.8204673605,10804.284142726,18702.1025569729,-0.143851240721498,2.42014270638203
5959,434,10114.1452676579,10018.9458819132,8780.58257735533,711.9796155117,8780.58257735533,12047.9128551251,0.560278907007935,2.91942494515562
6008,2699,61103.0664386931,60371.9772014766,35438.5945886403,11293.8718170289,33662.1527772621,104655.842646934,1.04320040789194,5.07025586033289
6034,459,779.386138659951,788.089918097954,836.562375294248,117.139059526935,558.101778172206,1006.1409777294,-0.0798946059106516,1.9923944963636
6066,4872,140839.877370727,135688.48787028,96943.0003312673,22068.8361416946,96943.0003312673,197945.329917376,0.659106310199455,2.59203548199389
6078,1516,2868.89615488966,2852.36499319134,2169.43591511494,278.387198308363,2169.43591511494,3502.8213359871,0.00954854550488037,2.44759332702511
6081,1874,6882.35528448441,6414.0623710959,4221.70832285672,1546.12821173489,4221.70832285672,11278.8899829349,0.557509603684441,2.47572928971897
6097,1738,5005.65356756836,5255.62093922564,2132.119120529,1345.87537153421,2132.119120529,8088.82504841113,-0.195229441311087,2.15352909650014
6104,4872,20745.7582559353,21621.8015789688,12138.3097663202,3552.97122299377,12138.3097663202,27410.9988534308,-0.347093089774066,1.9036237522146
6135,1743,13615.7013683103,12510.5368663608,7100.93662891725,4322.34178649986,7100.93662891725,23019.8718559356,0.305288357670077,2.07034490995312
6136,4683,10554.757574807,10362.7786500238,9123.19669196584,1641.59973070293,7214.32581681321,17058.1598906417,0.758939151031918,3.74829778252698
6266,3031,149740.014193621,139950.06490386,95617.5557780129,31897.0625428853,95617.5557780129,229817.346345022,1.02737466395164,2.87308263953833
6268,937,31066.3400481248,31337.061213971,21082.025981803,3607.61259013296,21082.025981803,42151.8381997984,-0.554449650738144,3.17436302610537
6307,402,9761.62824641359,8697.28645268105,5664.59185861213,4291.98457963919,5664.59185861213,21844.7820343156,1.83342661133457,5.18229958128731
6334,517,4414.52967553199,4408.31018175384,3226.53164517491,350.117515704025,3226.53164517491,4984.45202342376,-0.734191259484088,3.72173175509462
6335,343,2377.06511676481,2366.77662648003,1485.2977510087,335.606283298619,1485.2977510087,3119.59270735959,-0.282362938357052,2.96162850060251
6338,1661,3678.82619140081,3642.98484185769,3128.5116359841,451.701957993506,2965.26789251686,5351.23562481219,0.729374728374347,3.40200783466201
6375,3506,18294.2810341407,18018.695712475,10455.884240856,3074.67743449372,10455.884240856,28791.4871103658,0.807909205005478,3.79331862647727
6435,2163,24271.1241133042,24536.0039946347,17554.1010600417,1767.22707457495,17554.1010600417,28449.6375785061,-0.25433602488524,2.79291534411954
6494,4470,20955.7556290254,16194.5445286123,8458.60910706814,11870.7064818639,8458.60910706814,63194.8374391567,1.60816301026329,4.70564344055343
6502,3700,21562.0746019946,19956.7459779004,14341.3249293024,5355.19646414432,14341.3249293024,41397.3079430926,1.81749925454161,5.89463570024921
6506,3505,28081.0366626893,26063.3466423239,9156.65603597364,10232.0991890518,9156.65603597364,56755.0310532554,0.246636013836834,2.01886107358282
6512,737,10097.5901682923,10031.3709539262,8596.17911717096,693.331747687866,8596.17911717096,11889.563151548,0.377897511222518,2.69559165159623
6529,399,1636.58149236598,1661.13072891136,1233.82863747487,170.361477406053,1233.82863747487,1956.577976563,-0.25168025729903,2.16216430679237
6649,1772,2877.18310952698,2858.68218898446,1710.0880412925,501.937949821973,1710.0880412925,4083.74863951078,0.418266610861406,2.53243004495471
6653,1984,5324.44089484853,5008.15324369645,2445.29745412042,1351.43207721067,2445.29745412042,8885.33537726239,0.61903207517674,2.45307002454699
6669,4535,6245.91152588665,5425.0848778825,2028.23811071304,3150.666586437,2028.23811071304,16507.3573723535,1.08922054688178,3.41726277064385
6730,2722,40001.2503152447,38228.0079886345,26289.3416416599,7957.45682818013,26289.3416416599,64953.9225733107,1.0046612334575,3.4626190769834
6733,2537,5796.09644112439,5429.43163401336,3325.23172230458,1419.07693663223,3325.23172230458,9778.17858514264,1.13196481881677,3.61402550076665
6742,2063,69096.8099380446,66240.8310722277,43610.2738905504,18156.6810059895,43610.2738905504,97829.4347927106,0.0348827103310831,1.29222306867545
6768,2448,1992.76199514857,2268.25123952907,812.43215171987,674.264644583202,812.43215171987,3034.47957664795,-0.466526327694653,1.64275163602916
6771,1290,10814.8883820389,10550.1420021347,7955.35874268604,1478.45899173776,7955.35874268604,13954.4291499093,0.522957269815201,2.37962085589189
6774,3702,35543.2965867998,34486.873954891,21904.8760739632,9160.18278689123,21904.8760739632,64372.768446709,0.975878891709415,3.55217656719603
6781,4827,36858.0298821782,36366.7664591813,29370.501118269,3043.72780973122,29370.501118269,48064.298445288,1.22128896747532,5.03647311457799
6821,3641,1300.5577659762,1335.106841648,462.915262111342,328.84716920216,462.915262111342,2167.56227718671,-0.124778240228046,2.42731890642456
6829,3603,26270.3767800739,25365.0116741094,14016.3207263938,5158.94510544139,14016.3207263938,43134.8676489988,1.18779074151292,4.8215037276618
6865,871,1461.44986727553,1389.1487911861,1088.65735354566,233.581766658029,1088.65735354566,2173.98003704546,0.499068813049566,2.38802434231489
6946,3231,11262.1824543202,8789.02580126882,4216.93850042954,5282.13343400817,4216.93850042954,25349.6754157817,0.962458419021591,2.71348371210632
6972,1609,1378.877076631,1384.32251051581,633.814534004249,426.472931403044,633.814534004249,3177.73831600541,0.497240194833242,4.12704712307151
7017,3256,19341.0709990277,19597.4689064909,7685.12977754472,6623.14195501255,7685.12977754472,34698.1519334209,0.0510349135474928,2.29162044339528
7063,1148,4514.92136545577,4642.5136872087,2477.77541227041,713.334411097614,2477.77541227041,6066.36033489993,-0.590546746862422,2.6683360502956
7065,4164,21816.7194815199,18134.0311680931,10655.2552054889,9120.63742828341,10655.2552054889,47345.60148448,1.14283412080709,3.37742523383959
7085,3647,7521.7565617352,7347.86470553451,3771.1572994534,1726.39304515278,3771.1572994534,11279.9145603038,0.0868325987694928,1.82579670639969
7114,2977,42608.3503722186,41433.2229440598,30539.2973793756,6249.72564705538,30539.2973793756,61187.5686648648,0.715354453812229,3.04480867191406
7116,4846,5753.76599379713,5557.79835334622,3312.23299713042,1328.66065885622,3312.23299713042,9567.09873480473,0.661956926277659,2.97183582686173
7154,4849,56938.6776023573,56679.9878135522,16053.7882954012,26269.0282227496,16053.7882954012,123463.769943024,0.502094107285137,2.42954471317796
7163,1304,8216.6554491053,8411.28980438536,4247.99683374563,1915.3616141665,4247.99683374563,12214.8977579588,0.0225324527432908,2.2132084274169
7171,4872,32594.3772732922,27584.5069375847,10817.7088658266,16089.1822621736,10817.7088658266,64835.6417085919,0.359507037330027,1.6287100276628
7186,1713,14996.2656071264,16346.8647775997,6747.50208592686,4168.39610266572,6747.50208592686,22128.1271146646,-0.296048546873221,1.76954142406397
7228,4567,52228.7679978741,39505.3669599502,23296.1068512704,23979.6823048208,23296.1068512704,110753.622744563,0.842372070261932,2.02350813703732
7257,2011,59117.3780716842,56845.2274510502,36073.9192169991,16722.5634849359,36073.9192169991,106528.191365769,0.764847163668779,2.65521506596528
7267,1956,555759.28185218,515112.430679618,352542.214912326,179982.95711144,352542.214912326,918294.419832129,0.715952530024613,2.14089718530022
7343,487,4629.52604087335,4834.12096968675,1902.68188465082,1022.13462676034,1902.68188465082,6047.3379609238,-1.19442264459524,3.65944222472446
7366,1665,22375.2725645898,23055.2438971533,16336.3219573821,3521.58678836628,16336.3219573821,29845.1257870112,0.223075574899698,1.94309469209557
7435,2546,38524.164913407,38527.1847379532,26004.4131669051,4070.95201589022,26004.4131669051,49260.6282935881,-0.101869339543403,2.68489414761065
7471,4863,239163.566199325,255691.581093914,78284.468567989,80114.9101920956,78284.468567989,504145.570749827,-0.154981136521262,2.87494819406192
7647,3653,1726962.14239765,1739785.08693631,1136561.06118649,244739.853091628,1136561.06118649,2345477.48075466,-0.298576447415226,3.14553118285821
7652,824,20905.3110885579,20508.4219687284,18053.4584714082,1650.84263327958,18053.4584714082,25400.7342059921,0.665457055700077,2.62446438069778
7733,1396,3080.14531995177,2981.09637905922,2270.28245060116,557.956002701908,2270.28245060116,4637.94073160114,0.562379081347683,2.26234006406336
7750,2850,7666.88540171075,5923.76147372027,3821.38227981301,4361.28217686707,3821.38227981301,21499.8624735081,1.83851085184201,5.125484368124
7769,532,10316.5495291289,10103.7708559514,9167.98867421227,831.917154848499,9167.98867421227,12409.3733225543,1.11413624424245,3.49131243441233
7824,1198,4675.12955586286,4909.12417424564,3774.37205212944,769.8108108525,3394.68630428047,6036.18324860404,-0.269241262485071,1.63623234331571
7866,2672,2085.00905039267,1841.6751664062,1599.19094883647,563.101868697864,1333.76904695462,4127.07319087019,1.2829364329242,3.63343608883122
7875,3747,6504.84647674551,6434.78431260933,3568.18233559044,1283.8063789674,3568.18233559044,15157.2805129527,1.03818634157183,6.77715155131958
7881,937,8976.15182896333,8985.07847427482,3770.5096259977,1994.42607648799,3770.5096259977,14020.0045415589,0.311869935915788,2.51689188139672
7906,4696,26985.6284839968,20251.1188106303,5123.26124730967,20134.1750686359,5123.26124730967,97584.70937698,1.03084448186076,3.3350816716845
7908,4857,83690.8080804184,81722.4192108637,38453.5861573071,31479.9703588516,38453.5861573071,148765.525599346,0.440134513911768,1.93784091109173
7912,907,6200.45292373027,6217.485559732,3726.187946417,1019.44279061407,3726.187946417,9258.90249840823,0.532488658252814,3.50518060325477
7922,3702,5778.44145356491,5993.47981603389,2538.27597460858,2102.97145151072,1939.66700467617,9681.22677591339,-0.228008521697516,1.8800237073502
7923,4872,19083.2995609639,18462.9714277599,8373.65946080825,7357.56663556977,8373.65946080825,41719.6969091095,0.662311165126566,2.91602004690167
7974,1900,10909.8787053286,10848.2160271506,9657.25768568028,520.860281275831,9657.25768568028,12790.8653882949,0.68635489734252,3.41600266051525
7980,2002,11857.9943142987,10424.2680610707,3816.18574312609,5231.12056869928,3816.18574312609,34898.7483962933,1.66473203702163,5.91131938771635
7985,2299,32792.9247299786,30274.539002064,16065.4160332937,12085.3190104404,16065.4160332937,55513.5581135735,0.24632180414952,1.64044047674852
7991,1305,3465.38734692902,3198.49608892921,4153.86760346218,1044.09945774474,1930.07723979507,5887.29645101694,0.472388814075846,2.07507623993947
8007,496,412537.585968405,389417.442197482,269904.067218698,177461.933625364,269904.067218698,1014991.86968268,2.35780083287626,8.34962248114204
8030,2558,6142.3895008675,7032.96251035715,1701.74201739192,2300.46808546426,1701.74201739192,12016.5070221864,-0.48284732593823,2.38130557550793
8068,3584,29643.6885189916,33458.9840329658,15020.2668316192,13756.3766796113,7510.83016828182,53876.6562566418,-0.259001543322226,1.59330698023616
8099,981,21451.6082652255,21414.6962086172,17947.1967771553,1952.37683490106,17947.1967771553,26706.3540854439,0.130470080965016,2.15856201222143
8123,2793,1264.13667856051,1207.99174874128,818.685728698296,220.045815333161,818.685728698296,1821.03754676034,0.47739658613835,2.34003062834838
8133,1581,3754.28308213372,3485.24186633315,2609.39997372992,899.563064968248,2508.84613411462,6632.57982187863,1.24367818259386,4.11301791847644
8151,2258,5946.88079265213,6748.41783748173,2984.00681021939,1847.25501615749,2984.00681021939,9167.66445873643,-0.216286992238709,1.4526321581072
8210,1125,1470.06315654572,1448.75037786042,634.249642828898,331.866015838071,634.249642828898,2207.20259987677,-0.292605412778363,2.97424917231006
8214,1612,3660.67241620126,3629.8343775709,2305.60164290989,670.395871701744,2305.60164290989,7374.2012222801,2.39064048534945,12.3810879800432
8215,374,6203.4547243818,5757.68825609928,4027.23055885423,1136.64055763214,4027.23055885423,8824.4140761381,0.487780100650919,2.26761492452667
8240,1678,5274.43493259744,5285.14299439383,4191.18177467274,609.309608501724,4191.18177467274,8650.6768640552,0.594165496017585,3.57256227061749
8245,628,86223.5439331899,64047.1317099763,55038.1694428046,44444.6028282123,55038.1694428046,230938.105100533,2.29710368512109,7.57568060666469
8247,4754,14958.3515729548,12807.4648872469,6279.60213276045,5965.92739604398,6279.60213276045,27620.3468534652,0.283446553663829,1.43462005509334
8253,1619,10343.3467340168,9979.67264267225,7737.643556623,2318.65783119824,4844.70255594122,16656.8096927931,0.342502968403281,2.51154171390842
8264,735,25427.8059339668,24896.0552750625,21385.140174708,2128.18124067129,21385.140174708,29994.7423316326,0.264967337476821,1.98071413895021
8272,3406,21137.9150364044,20190.348404194,12495.7286240272,5500.6788757284,11294.9549248945,33200.0670610987,0.316725164932297,2.34357814530289
8290,340,4512.0358185493,4405.77372217947,3891.9993258186,380.190362985119,3891.9993258186,5527.91584426753,0.958792363099581,2.94504895320882
8304,1504,2454.33451890389,2316.19810661752,1486.45121676316,458.303291625814,1486.45121676316,3489.54381693152,0.231971731736333,1.94984462175786
8357,388,513.203366204561,523.83881402,264.290968348745,109.458029386622,264.290968348745,727.953945719495,-0.10821035183507,2.42017933898581
8358,1996,5982.89120559108,5972.98032115741,3682.53416368865,1360.36112879811,3682.53416368865,9636.30431893577,0.339228039573061,2.22159259484913
8431,3331,16665.2025001134,14561.5736696387,9698.00916118873,5243.51030499467,9698.00916118873,28437.0082182105,0.769550477859044,2.44370573676365
8455,1791,14891.8842394456,13813.1520342013,10736.8520702467,2898.46638902726,10736.8520702467,21762.0022303713,0.348104640066082,1.86657452893994
8463,2610,5722.38176893324,3406.5902034163,1736.35003175608,3285.89515964127,1736.35003175608,11689.557168341,0.171115032498148,1.20762835025379
8475,1875,1109.8027166731,1132.33356075864,653.179603520019,254.450843211402,653.179603520019,1952.88468626861,0.59163612843986,3.42666488414251
8479,2780,71429.1073475931,68924.1638571568,52320.4608654284,13110.9183192996,42501.5494973185,102879.130295852,0.30227795879671,2.18537691788922
8530,3848,149557.197253622,153801.368874026,84269.9188738091,26099.9599148706,84269.9188738091,208148.587061675,-0.298284849651207,2.29520696053436
8539,1500,37673.9185075699,36144.6411102093,25418.7518925568,6571.48412784477,25418.7518925568,54286.029169713,0.650784501168542,2.68749744197502
8543,487,69403.9536050716,47854.4399769632,35479.3071743348,36959.4334592562,35479.3071743348,158563.020039636,0.890917881525012,1.95502409053907
8544,3163,8861.35329312445,8842.91663140867,4445.21293253906,1962.15260782078,4445.21293253906,13103.9040679808,-0.35061011373327,2.47875568111252
8546,3028,23868.063206636,23690.9588358207,16540.7501956417,3549.15086338801,16540.7501956417,33748.3016532151,0.359577541298204,2.64385717311052
8549,1071,69244.6612755575,71896.5837783663,19155.4576329006,29904.2797023308,19155.4576329006,120975.295341873,-0.070194712437414,1.87892188976688
8606,263,11532.0831881049,11633.6123757658,10335.3541259815,522.920545979699,10335.3541259815,12637.9099082366,-0.44321600413934,2.83983389578773
8692,1127,1060.10383424549,1030.87916118292,686.601758966533,160.802931038899,686.601758966533,1428.3077063428,0.122342866065136,1.92555113763606
8694,1950,8481.88860263357,8438.06060016153,4755.68019823757,854.85318893393,4755.68019823757,10222.5506502633,-1.32649416871606,7.71164447495862
8717,1602,5242.37964936297,4990.30907702724,1304.42345718808,2384.90936823496,1304.42345718808,9711.26276630723,0.0804898392155935,1.60919526173398
8762,4864,159920.02110452,164133.591404715,66011.0243935204,41249.158739925,66011.0243935204,279315.665398148,-0.221720535059671,3.00839109936865
8789,633,19879.6138041191,19857.7184317556,17960.735333188,788.600324090962,17960.735333188,21161.8040373553,-0.571366996560206,2.70923934619559
8810,3267,22912.2883531914,21114.904282509,15351.7453906861,5136.64968003417,15351.7453906861,36263.3222188279,1.07759263640776,3.11671791375764
8818,764,4527.68402767559,4444.98201196341,3465.47738795986,630.833627752972,3465.47738795986,5929.39964716621,0.147638978593171,1.79510203580359
8823,711,4116.64978825885,4227.20335290292,2533.35952609962,690.824419672747,2533.35952609962,5603.27510804468,-0.320514764403614,2.26474670868373
8870,1529,5458.65104166707,5184.64999287015,4382.0173821548,1058.83043915138,4382.0173821548,12415.5635710475,2.41437448704984,10.4447497494108
8902,903,2366.67611526704,2379.04602978481,1835.72048081858,226.630857880354,1835.72048081858,2829.35096054748,-0.253013706741428,2.37629694503512
8972,4676,24228.5635115301,20213.645670319,12560.3776272248,9285.45325166932,12560.3776272248,51101.3930732669,1.22707062441138,3.31791307802317
9063,1185,4860.05202616023,4824.85345345242,3148.53297465418,825.918410931385,3148.53297465418,6672.40249569026,0.297826374158874,2.22742248849908
9135,4596,24575.4057017795,27446.9759185098,5597.5024298655,11457.1491168505,5597.5024298655,42291.0032635427,-0.403281686651186,1.59135980032988
9155,837,5091.61723278281,4869.95755311022,3888.06344612794,751.519874940073,3888.06344612794,7226.41138850089,0.673961996657886,2.79617497772545
9203,2322,4477.75847586009,4672.63020288155,2171.66345544444,1114.14881721844,2171.66345544444,7032.54964701358,-0.149246546581893,1.92257717648549
9215,814,13853.5939691374,13978.7388305117,4578.26937301583,3241.93020039505,4578.26937301583,19308.73938852,-1.25657830716418,4.85160292738876
9299,4868,4791.67677940437,4429.09183688075,2393.35455385083,1359.06634580245,2393.35455385083,7300.33898354935,0.177329789027365,1.67229274228854
9302,1537,1060.89673559916,1036.00951616778,578.697137681477,329.324366299835,578.697137681477,1915.21136997408,0.477019177836355,2.28216366704892
9359,3343,12011.845223874,11259.8676312167,7987.88003628912,3170.55109084246,7987.88003628912,24330.1777014911,1.84750497691723,6.26674720067164
9411,352,3908.78846574366,3834.4148870231,3370.43239767053,607.818221503122,3370.43239767053,11330.5063757418,6.42164504366246,67.5111255592646
9445,1654,6872.55352387303,6712.70416255596,5764.73203095062,714.3717725671,5764.73203095062,8957.28598181013,1.1547135151963,3.76890682434873
9465,720,27915.8196703049,28452.8197838912,17351.2000865119,7621.19028344974,17351.2000865119,51129.0698964614,0.817058776593498,3.61539233881028
9466,568,1420.98112341382,1423.44781127026,1202.83527653968,73.6086323672005,1202.83527653968,1604.87131220069,-0.481923517005456,3.53090778621977
9555,4798,5423.8927929617,4478.68851951087,1950.16107137328,1863.57757022341,1950.16107137328,9968.42157604139,0.621727183008962,2.14849040717793
9611,2355,4414.63946038459,4343.38624720027,2645.3055034383,1142.10367998241,2645.3055034383,7843.885739867,0.909696662546745,3.50776681348982
9613,1330,3503.46503626187,3422.64081592052,2996.98166484694,407.750722839518,2700.64564476074,4785.86117663964,1.18081841694904,4.00207223546263
9667,4795,12638.6879907313,6936.71661615652,2803.78755813027,10396.9660326453,2803.78755813027,46965.4463830971,1.30759006856498,3.69129602033676
9774,1559,4086.9919981456,3937.06579049219,3858.05892269751,531.305277585679,3020.18626354276,5465.23699225034,0.695074432203888,2.49177175892828
9783,1168,81014.2319083945,80910.8393227628,75656.1422178832,2240.21324264197,75656.1422178832,86533.747394672,0.431129896280832,2.66403102770364
9815,2215,2453.98687073473,2436.4139091397,1659.53054988789,335.62492802908,1659.53054988789,3321.87620886808,0.243805993831834,2.31021832743508
9818,4850,105459.261460448,95175.214134127,40303.770953815,34404.1195190763,40303.770953815,254566.3846649,1.49047993707021,5.15489476388902
9846,292,22575.2538257174,22752.5652441921,20283.0404288582,1226.81470259179,20283.0404288582,24858.6432064578,-0.223195906251157,1.94778328392254
9850,676,33778.3908536041,33247.8961874379,29506.8076461725,2620.45538872223,29506.8076461725,42423.8125737366,1.42039448765557,4.88772482674256
9882,3062,9807.07658376364,9157.56065996477,5965.86678407595,2281.47600035963,5965.86678407595,20708.4091733183,2.31450991038833,9.13146434207851
10002,1578,1440.07496392595,1502.85742007727,682.724097800053,478.227122802426,682.724097800053,2484.5796937803,0.0893346204827603,1.75623789374922
10016,1622,3177.30474321136,3149.61131325291,1799.68049408635,459.94259057982,1799.68049408635,4154.99169752738,-0.169545208159074,2.62739141936273
10121,462,75223.0259313632,74536.8038703744,65827.2071604967,6483.24132458891,65827.2071604967,88576.1532892502,0.505157287738018,2.57108238237957
10156,836,7843.95219554777,8249.97972189046,4344.8398233977,1916.04128049114,4344.8398233977,10808.4517125883,-0.629372717824004,2.18844329705828
10187,2066,133368.663764127,142174.523892553,92906.1038228138,21786.8372692291,92906.1038228138,162411.409199594,-0.606348333220585,1.86689536041874
10190,2748,7917.32538037298,6860.47447132485,3721.57231522326,3402.57069588582,3721.57231522326,15390.3609946194,0.620914354377618,1.93533334139074
10247,1911,14199.4902173377,14209.8366706057,10617.6817249943,1415.11346804683,10617.6817249943,18761.6877609718,0.332229578026743,3.43732555504483
10277,2791,5144.10265827676,4978.00162316032,3942.67589877631,590.409813730108,3942.67589877631,6882.14270068633,1.07772839943805,3.33339101289878
10332,2444,2056.5462677788,1960.22907620245,1055.46375049707,599.274915839216,1055.46375049707,3833.84675015584,0.638716082633247,2.79207142999079
10385,616,11015.5101039679,10911.9700727764,7195.72133716671,1505.50176718704,7195.72133716671,15327.2467555284,0.203014717225994,2.87519514581757
10405,1924,1864.74171674299,1837.72165196813,618.826156945622,812.87343902154,618.826156945622,4097.96413320117,0.184005913545995,1.85572701851604
10411,2084,4442.70147192329,4486.84844806031,2706.72248064631,1029.66681179861,2706.72248064631,7257.51015167549,0.472519879360828,2.87063470028703
10443,771,2333.85048747637,2283.15057269134,1660.69746117002,279.59853771762,1660.69746117002,2835.64332218498,-0.101391948106093,2.08670186594598
10466,1483,3540.5954109686,3321.33112339078,1850.6841696219,830.029795586745,1850.6841696219,6381.1344505865,0.654938196769905,3.01886964508612
10507,865,26177.0874487566,26661.171786076,18157.3485335636,4831.3724747387,18157.3485335636,37170.3102697682,0.107301714803147,2.02042860680726
10519,4551,11331.9091045651,11080.4086898676,7324.3141645227,2063.51395253721,7324.3141645227,19236.2530930197,1.21348117822204,5.00286227714596
10540,1968,1401.27164155997,1361.72587902109,897.241627056296,269.450062864748,897.241627056296,2061.97359577224,0.309670728102424,1.91150514910546
10567,936,1558.12413532387,1526.07317884488,887.477136656377,213.07853918742,887.477136656377,2164.33048187306,0.375215604842881,3.88369489817864
10581,1946,2565.64598023058,2461.17241103697,1589.26040032103,503.016230988069,1589.26040032103,4109.78967156351,1.40095334453006,4.71009685742799
10614,1586,8268.3020914187,8474.12704434655,6161.8414000311,620.609787248786,6161.8414000311,9431.95083747121,-0.73597060969459,3.13414219027863
10622,2919,63587.0789095299,73567.9842631856,10516.4081340199,28626.0324233514,10516.4081340199,113545.859640646,-0.733102924154373,2.24428824044411
10639,1097,5418.52393615961,5227.14351799297,4195.38518550268,739.75184112017,4195.38518550268,7169.05620782442,0.678153153912823,2.53061519296849
10671,2582,23817.5511081798,23112.6109883968,9234.49898960441,9895.04553595106,9234.49898960441,42785.8114793529,0.211335107456548,1.64685510638375
10726,1703,10980.9578940244,11432.4372679591,6163.22604035588,1735.02901800022,6163.22604035588,14140.0189957127,-0.342419141142555,2.17309939094667
10787,904,16457.6031170998,16548.5192375752,10807.7469134829,2596.9925535151,10807.7469134829,25793.0649047321,0.457064772138206,3.59058320850206
10793,2900,6071.74437373631,5873.27501156903,4067.84745041786,968.61582112816,4067.84745041786,10320.6380806752,1.4512674709437,5.97247688538849
10839,588,278.429696543318,284.269633771926,195.177714715598,38.7455961272635,195.177714715598,390.916933638542,-0.0498753960425161,2.88950575839847
10846,2162,86774.6015024609,94289.6714205843,49958.5501354556,20494.2083177556,49958.5501354556,125779.389187834,-0.199111585917624,1.51621302942385
10860,780,13188.9480491267,13248.1370620712,10792.7643023001,873.03047268519,10792.7643023001,14718.2388698222,-0.5257996192203,2.97315984383411
10867,3569,31786.4982288397,27170.5868313884,14847.4225488828,14850.0949325252,14847.4225488828,69636.1005469543,0.804438996617706,2.48369199408733
10884,448,1407.71245114198,1393.47741131112,1276.62709409773,85.5364756172612,1276.62709409773,1648.52988638484,0.569722935334783,2.46512004475418
10894,846,2241.75959828634,2231.69199464732,1399.07431613034,265.335535782821,1399.07431613034,3004.24100873988,0.273385115700274,2.82754595988637
10903,3172,46337.6928873457,45929.1130135502,18309.4595038606,16206.7574965052,18309.4595038606,94098.9790942951,0.269589858331263,2.84441112963914
10920,3311,43251.9148410723,41358.562837225,22639.6657425693,10095.0938383429,22639.6657425693,63597.2220426554,0.0997351643082284,2.23888034542012
10983,4586,67458.4197009711,65034.2530689147,24630.9484483678,23953.3402142806,24630.9484483678,128043.744863893,0.164410689620105,2.29639051087225
10984,1609,41310.4433398079,40164.9363459435,31470.8820654011,4305.63565624807,31470.8820654011,52657.6193897328,0.554443588725714,2.2547902511136
11017,1755,1558.02425007025,1582.68421173514,1040.72083468253,185.275511405663,1040.72083468253,2000.13657887771,-0.377851724464984,2.68518779887541
11032,2053,4311.92966056335,3425.49006624105,1726.61535953124,2241.53534905294,1726.61535953124,9801.61108335052,0.79915600541495,2.41620415666903
11060,4731,10133.799237288,6862.16735157173,2309.88758702204,6194.97011897066,2309.88758702204,24161.0363233013,0.464624043305359,1.76147256966918
11096,1513,5186.81925623626,5821.66925774878,2262.2443492963,1758.22714620054,2262.2443492963,7745.341695478,-0.314484333516329,1.61349373191359
11217,1589,24493.9238456936,23415.280349468,13247.5053436667,6242.6609856046,13247.5053436667,39363.0949349487,0.13342127096795,1.78316706010856
11220,2162,10473.6483843592,11598.9831617245,4814.01635603021,2473.12941795914,4814.01635603021,15386.9471405809,-0.850444890222392,2.49800481892036
11259,4199,195851.110236657,193773.220200018,152985.375200235,21078.4698362247,152985.375200235,272724.04796743,0.323795898882591,2.7922951966281
11264,296,27957.4514968958,28069.4551280594,22511.5496839389,2358.57920834993,22511.5496839389,32856.0391056752,-0.437338529414878,2.44344071629912
11340,729,2575.13432651465,2591.25119664577,1912.57493242141,360.847844413134,1912.57493242141,3270.65797652026,-0.0983714816760687,1.95908312574997
11446,3243,5969.35911996193,5963.08919042486,3352.05560927782,838.622638634925,3352.05560927782,8113.46456910504,-0.372123484107505,3.07061468159624
11456,4845,13641.7064772892,13874.6032491029,5803.18823363331,2724.9352131027,5803.18823363331,19101.5371503783,-0.356489799142484,2.45353942531197
11465,4846,10811.0291929136,10332.1142976805,4979.38957689874,3504.87235356415,4979.38957689874,18130.3203994119,0.110338466096805,1.80394021356059
11506,4819,20661.3133941615,19792.1816478625,9670.93739818504,5702.04520885591,9670.93739818504,37346.2289441341,0.546681080668618,2.59353242952736
11535,756,1456.68127289367,1476.95362173515,919.565492468707,398.790748801689,787.450676191557,2211.98207328056,-0.00353316296300262,1.64850465720565
11550,1630,7913.99320817041,8143.65489333789,5612.46517789936,1048.00759887935,5612.46517789936,10206.7421413936,-0.113388137728482,1.92397694252242
11554,1305,4779.36530387049,4733.07527263963,4143.92677226878,304.7984266804,4143.92677226878,5768.59762537718,0.778825445840252,3.27433527054232
11600,1648,938.834309372907,958.14924525348,548.547809581638,129.188068677684,548.547809581638,1273.20523318739,-0.390919760805283,2.80362130340865
11636,707,13509.106752151,13991.5914556647,10431.6771263336,2033.60448664188,10431.6771263336,17548.9152005445,0.117520586926038,1.67427053678249
11672,3449,13360.3997167259,9970.47567089194,5772.31917017491,6954.09968751865,5772.31917017491,30285.7689102222,0.896116854384431,2.31097645484789
11729,1346,9156.62848641612,9643.31994642821,11052.0066734554,1304.033724477,6480.72982155659,11584.3192101802,-0.497325951511583,1.80211921455728
11749,2887,5061.76670234995,5164.55835191852,1691.23110304069,1965.22275749392,1691.23110304069,8795.66953095973,0.0660120299974662,1.7965584376931
11923,3674,22943.9107395144,25125.1043858365,7912.36108083677,9739.92547884101,7912.36108083677,42034.4194001173,-0.0740086362416178,1.57638691785073
12124,4872,688866.22053287,696873.584597164,416726.703294732,132370.894466561,416726.703294732,1040127.23889708,0.454401384292804,3.36817144604336
12141,3818,263689.96257754,172229.36481221,122792.865107267,186728.105482803,89018.7741637672,1008577.1241875,1.84883323283294,5.86578424066879
12142,3610,94010.3687449455,95336.0985251146,85195.7012825448,26762.5471234146,34201.9291082282,146119.637365907,-0.121251001097789,2.04219125654533
12338,1243,3328.19261083421,3442.82033234809,1908.01659350493,645.836940779306,1908.01659350493,4661.48782804328,-0.13543386937831,2.19024628968635
12368,3146,10632.5387902678,11022.2778268508,4657.24263001107,2789.69360870894,4657.24263001107,17756.3530786386,0.0678289305320375,2.66784758998476
12383,1619,10570.3932360912,11936.7573233362,4444.63789335966,3468.08683880889,4444.63789335966,16372.0558640148,-0.301851018281837,1.55464107059429
12384,1802,304344.240095065,302868.598006718,226053.695108342,32187.7052340321,226053.695108342,379759.125496453,0.193415785843046,2.36554700066936
12389,820,8232.01649154958,8321.31713506136,5358.16918644771,1413.14932772326,5358.16918644771,10785.7064027598,-0.2817478868813,1.82027068293332
12395,914,2789.91632066813,2791.62943031739,1918.69215658932,309.493056917681,1918.69215658932,3494.93474132543,0.00170939258793415,1.98690652048138
12459,754,1235.83383193073,1110.30167795016,611.258922256362,368.526021989543,611.258922256362,2030.52628743083,0.432022239640013,1.94546820028944
12589,1140,3264.33315884335,3158.67719508897,1806.42414112135,597.22162096288,1806.42414112135,6631.24826946431,1.13646763198328,5.3501739876641
12689,2569,2476.94177167691,1893.99897789448,1038.51479906026,1190.9555991229,1038.51479906026,5575.09314103116,0.764147941817547,2.31139351115897
12726,3371,29261.5553765312,29396.3816148353,22724.4589997172,2130.33982753249,22724.4589997172,34843.4436153418,-0.069669997225232,3.07837305673325
12785,831,1901.281254552,1844.04649512106,1060.94149674446,371.153238835685,1060.94149674446,2638.54458384984,0.139175035313446,1.95761918079843
12884,423,3175.96298282089,3131.09764793499,2220.91034056829,394.379546277727,2220.91034056829,3949.15742061104,0.0238394221328327,2.20585220152101
12886,1290,54141.9637954549,54680.6309604238,40815.8616088997,8040.23901684376,40815.8616088997,71474.5305930041,0.25710196808335,1.94583341935532
13125,1658,9105.42208528244,10387.7994451424,4164.68874296379,2651.73551129333,4164.68874296379,13830.0625398113,-0.175691081485008,1.44017493189678
13145,4794,28207.8272506304,25386.8921016638,11127.3966843771,9651.42320615857,11127.3966843771,57775.5799170382,0.797389081321541,2.89018253279265
13312,443,113298.160151802,114871.470100887,74899.4017602198,9505.10727771393,74899.4017602198,134161.602167715,-1.41123230044732,5.61352656612967
13380,1797,1620.34440567855,1780.04996581034,643.136449009221,457.139082621172,643.136449009221,2642.41522157798,-0.388877173331822,1.90509743530975
13421,573,3663.36296529172,3373.16880900959,2679.50966170225,697.60963560046,2679.50966170225,5055.02449401579,0.454490914829435,1.58844800343951
13440,716,5506.25442051397,5315.79593135851,3763.94240149095,1424.07139523094,3763.94240149095,9532.31045495647,0.616392480219642,2.45336240139996
13498,4872,23628.0915042456,23700.1214366488,8982.83308417904,5677.68367199135,8982.83308417904,35038.9635782773,-0.500668773528775,2.75543831036132
13510,334,3167.34693873097,3190.6596684099,2135.53587999609,314.074726168808,2135.53587999609,3685.22553005566,-0.844486280600573,3.75030773785907
13561,4666,11595.356581758,11253.1030448443,4368.24869708195,5739.07857486131,3434.11685759188,26801.676985985,0.224179535454846,2.12072732670705
13683,4872,142040.368207054,115952.717563877,53605.037686477,75218.2412628036,53605.037686477,357067.946261786,0.955593222927211,2.79193153762052
13709,175,6713.2715608571,6395.30822761541,5031.51568408122,839.699007278113,5031.51568408122,7997.07585713667,0.0118122070334059,1.56428046709233
13714,1077,16416.5605143584,16805.5608550624,8514.24640895628,4614.05394805055,8514.24640895628,23584.8531589063,-0.102696723958227,1.50578027913687
13971,1197,1380.27910613046,1436.59669217909,683.691024400595,258.404427467357,683.691024400595,1884.23854755965,-0.81006310831632,2.92039361312121
13988,2239,42895.4781713229,39962.0729237077,29959.6240731758,9475.62281597968,29959.6240731758,69931.36533216,1.28476185378817,3.72071469470331
13994,1591,12795.1555227019,13526.678258482,3617.07346869937,4736.64031396275,3617.07346869937,23446.8302792908,-0.186237262138822,2.38587819413572
14065,545,1820.94697116897,1879.5955700915,1312.86779136377,178.226540558188,1312.86779136377,2103.01204367924,-1.06512323535436,3.17891429262085
14078,1643,21458.0891226238,21485.6234131899,18345.9066084544,1765.57825026892,18345.9066084544,27211.4992964273,0.634375835980178,3.38737468782122
14087,985,96176.7888959798,94343.354771941,48206.1093727738,28497.7929777569,48206.1093727738,167238.648976876,0.278853946504358,2.03972479985621
14163,1084,2130.54237321145,1789.37117832595,834.016481750954,711.717641660745,834.016481750954,4104.99686150785,1.4842795295308,4.1409264011641
14313,3008,888.870396412603,892.83037637638,400.818956790811,211.877910959205,400.818956790811,1481.87379061095,0.0172795562766628,2.47410861162065
14316,2595,9841.03599108885,10785.368405832,3049.04077252184,3081.16632236106,3049.04077252184,16596.1000340156,-0.610060908629116,2.30767679471621
14353,3114,6939.95302675908,7087.21241417679,2914.56852636458,2497.18238482711,2914.56852636458,11412.9349729826,0.10015865103438,1.56829033878352
14359,2974,6638.12287205808,5157.05877605224,2425.65836964774,3637.73343040475,2425.65836964774,16116.4827562497,0.871417863765633,2.4647893010392
14369,2510,2752.86041059153,2642.97278007908,2011.48716497008,466.830410653683,2011.48716497008,4600.72376351818,1.64028102807189,5.66307109061827
14370,366,6893.39181117328,7010.49582404904,5385.03154790149,750.765149746975,5385.03154790149,7986.09008556385,-0.197181053425941,1.54895116134162
14372,1234,1385.66293029692,1377.54311472318,924.254668282602,182.005803805338,924.254668282602,1803.56313268846,-0.0152545807377373,2.81575911835885
14391,1478,4550.15359608499,4248.6228253773,3132.56688321606,968.416177860148,3132.56688321606,7428.09112542015,0.926250960495542,3.12140361449412
14412,123,1079.07654032217,1104.99458459528,800.472658895376,125.510779221578,800.472658895376,1302.01850018972,-0.457904558874206,2.27281833857334
14418,2559,14082.4579990905,14353.8885663942,9789.46487458159,2513.14187963906,9789.46487458159,19584.2213575216,-0.114544930360093,1.79409814722202
14447,4835,63066.8593764802,61513.7555831819,7771.70871681898,41690.8366165139,7771.70871681898,225026.16806531,1.05355644083085,3.94568570614953
14477,3804,19063.4397993834,18594.9895236017,14434.4959904899,2083.4157317156,14434.4959904899,26734.4710819546,1.09411940668543,4.24445136021257
14489,3555,48414.3349629589,48651.5769635399,24959.8594852853,12880.7603682919,24959.8594852853,74674.3166517402,0.042779563406664,1.63186000191206
14535,1141,1998.2818106607,3057.27629667202,190.687200438387,1555.68856149902,190.687200438387,3952.80635007247,-0.122965287961605,1.08672521555811
14538,4233,31362.6688847223,33793.9003263742,7591.60336712405,10668.2353498219,7591.60336712405,54949.0231644724,-0.305513246193013,2.39129827818024
14590,1219,14669.2266303511,14397.443415803,7925.41983120582,2544.09196508335,7925.41983120582,20469.230019865,0.0637106212969808,2.73603719239988
14605,3686,64049.5109891229,56984.1332107764,32691.8943640866,17625.4360264212,32691.8943640866,100205.612756202,0.468596500229535,1.81327983984468
14611,971,1586.59940449885,1524.86651676781,1008.02413549421,468.924968038891,1008.02413549421,4455.65409018694,3.33451591965814,17.0437870241384
14620,4797,10657.4714758892,10730.7167509192,5965.56634378796,1682.88576348044,5965.56634378796,14870.0686877896,-0.17127484342731,2.73012751270019
14624,2194,4384.69078033815,4176.69349929616,2327.46676269484,1322.74289994328,2327.46676269484,7692.75942162407,0.556183754282525,2.34281313726604
14790,846,683.021472663209,653.244554799695,333.617156544983,222.260847658153,333.617156544983,1323.15548633119,0.980203441722467,3.41196189573112
14793,1193,2070.14456819929,1968.1201592168,1123.91109577986,531.686651566,1123.91109577986,3949.65877077726,1.11513339581804,4.14984943016421
14822,1664,7938.14744025765,8509.69913426223,4940.72419835176,1303.83148656448,4940.72419835176,9953.6198967093,-0.895161682004073,2.48040968648526
14894,2489,746645.895226237,752660.895145879,529260.367266905,147065.510270695,431269.449746452,1264788.98915098,0.468236807524109,3.89625734279165
14934,1800,19072.151080338,18084.7271881957,9101.23815661713,3939.1756145004,9101.23815661713,33557.4325023133,1.69220661495794,5.76809029180352
14960,1460,5898.09133183454,6153.41293545845,3554.50386797822,939.662915303343,3554.50386797822,7670.00139024094,-0.462595592756552,1.99927544861241
15055,2115,17081.2501584975,19371.2718940021,3728.58827421825,6596.74197762516,3728.58827421825,32121.2894895321,-0.463038415494982,2.31724024222363
15070,2871,21816.9178487143,21942.994421007,4145.71613977209,11092.2808281179,4145.71613977209,42837.2399695564,-0.15121150357972,1.60031878630603
15142,2568,5089.41413207455,5526.28983324563,2823.15376625746,1757.61852188798,2823.15376625746,9395.54593296279,0.262832456362077,1.90509698996773
15172,1496,73757.7506059653,72697.3034454266,62535.5559936447,6709.70269226175,62535.5559936447,89680.2025507176,0.293510124214495,2.1372353479469
15247,2564,21887.2048981883,22802.7594466943,13180.8632670111,4625.89932761205,13180.8632670111,30801.5367066236,-0.172147818750645,1.72049334662303
15261,349,7418.00176618055,7146.96983957078,6421.35477385665,689.451341097498,6421.35477385665,9173.99368713729,0.721140792704428,2.27012572028635
15319,2069,36846.5068693917,35358.6699931152,24007.6391236879,5631.02689921758,24007.6391236879,49654.708973216,0.405072659050036,2.54660294900208
15334,4853,12696.0402398728,11587.6475929498,5959.45304386034,3875.80608526078,5959.45304386034,27962.0885602012,0.989690272361344,3.55344468961049
15362,1049,548197.484283242,553837.246788082,486321.23574855,27626.1360826698,486321.23574855,600935.485149593,-0.5017815452118,2.6834215008473
15406,477,3850.1541401929,3543.21903610168,2770.68613268243,892.148326392053,2770.68613268243,5551.66832175762,0.530498134843657,1.70160275956563
15508,4502,21704.5968027326,21543.1158126787,13693.8331284634,4740.88051310352,13693.8331284634,36711.1939873005,0.408055138574159,2.61500483833861
15509,3897,2274899.1457979,2336111.24162529,1495143.37241816,256629.733604335,1495143.37241816,2686362.857548,-1.2436618185938,3.94926602150931
15521,3187,9037.4099114559,8870.86590579239,4463.47410226789,1997.00199433422,4463.47410226789,15156.7159064266,0.25811561898546,2.43435840102674
15545,2718,293271.707268506,299286.62739713,246958.669676209,22686.5709156334,246958.669676209,350581.448626871,0.0753689205989351,2.34965764204983
15580,321,247291.042480099,258901.981052747,131100.861370981,38393.7377008621,131100.861370981,306246.119081021,-1.43490135813859,5.864838367874
15581,2323,234335.896636176,217669.480904352,159949.207549928,56515.9587337806,159949.207549928,342950.292993558,0.37251016171232,1.72742026068033
15582,2685,397197.481313343,363715.363192096,151482.618704839,199819.782649212,151482.618704839,731215.469675909,0.47907192051045,1.76881718228246
15598,4814,233211.722772522,224282.179699914,132625.377388365,39211.1205270355,132625.377388365,363401.840642046,1.10781802760865,5.64368714169602
15613,1512,291269.522492739,293458.489012457,260518.547506413,18542.2461009471,260518.547506413,330745.935574909,0.184684403645127,2.0550572721196
15617,1777,975864.382590133,991925.147154929,463421.341589879,214682.236874987,463421.341589879,1407389.80634548,-0.441478852121865,3.36579352140588
15620,509,85861.458669016,85404.6464127595,68847.7942835444,13403.6974058392,68847.7942835444,111970.420500912,0.491332790955579,2.32590829914343
15633,1145,340161.417478833,309507.086910965,210734.492907555,95164.1147617688,210734.492907555,573941.993925456,0.730407642642169,2.50087549875549
15634,1861,1471130.23349479,1285026.6088511,216522.996616884,748891.39130993,216522.996616884,3047606.4181174,0.100746164824476,1.42010036962511
15659,3955,90767.1902833242,95168.6513008725,33483.4259761353,24249.7047530308,33483.4259761353,129940.680780881,-1.28900621032944,3.78076038836617
15668,4668,66044.9729150938,47336.4146613168,23233.6177337138,37510.6951154833,23233.6177337138,133576.659417828,0.336389566937081,1.32180141254127
15679,1512,262051.095334475,255041.060350311,219015.179724635,25163.4634734614,219015.179724635,303879.272099199,-0.00442178937091774,1.4269600013486
15704,1002,19085.0044260812,19244.2665641236,14504.7096257935,1714.83985498447,14504.7096257935,23378.5360313295,-0.34311273936167,2.77758299978554
15706,797,239512.198727209,196474.045306023,160755.737695563,80600.2457571414,160755.737695563,425998.84385258,0.791367124930298,2.05699741538865
15708,2207,7197.69439160948,7116.88085255923,3771.76920633963,2069.79943684055,3771.76920633963,14768.886863087,0.232399035685199,1.76934824508363
15724,3453,564877.183020876,522151.18144361,370078.580047097,151136.033717315,370078.580047097,1051209.03232177,1.57478270863181,4.90675439338465
15743,1512,403507.158851564,390737.496850954,311541.712608219,52929.2151737086,311541.712608219,520995.587817825,0.0335515016925916,1.54782146286366
15782,864,198304.490292594,201607.432855724,116345.175976746,39149.066429348,116345.175976746,294832.208974224,0.140934128302894,3.26072533358863
15889,299,341835.483851522,362376.900672959,275812.701319906,39808.5871399794,275812.701319906,388581.335619138,-0.554462691735651,1.51948743013056
15929,1190,502801.340596498,494729.348572981,347125.575200342,71873.6172558335,347125.575200342,631741.939569941,0.147340620821539,1.92906763745776
16428,1605,14242.7444378209,13819.1513361659,11878.6293153042,1320.80904613714,11878.6293153042,18445.8671939533,0.996613500757516,3.03431054688153
16477,1652,6029.5800839307,6050.10336205887,4145.76619261296,591.410042410046,4145.76619261296,7293.87202399622,-0.416604726695817,3.05714073184856
16478,419,7845.62366008264,7872.8112188813,4255.44820557403,1510.73346702048,4255.44820557403,13189.6213618865,0.306907095174932,3.7947098074752
16560,1733,4465.50449519752,4520.55972946147,725.293654276054,1173.55681741112,725.293654276054,8636.6788030067,-0.376817676401392,4.46448205893908
16590,1356,13487.3775703054,14180.5237301904,8091.96360340522,2102.36472896349,8091.96360340522,17473.3105038841,-0.657168826736918,2.08003583953943
16603,1635,75071.5425358625,47089.604004013,38257.5753963754,47014.929318525,38257.5753963754,178111.800310252,0.994906831693147,2.19586535574117
17420,1868,7058.98205021855,7377.21432554713,2582.62832606747,2487.03727413263,2582.62832606747,11792.2396898344,-0.110924486071983,1.72786142799906
17436,2570,101922.020145492,104779.817718654,48147.7810943725,22636.4557743672,48147.7810943725,149232.431061811,-0.280706157317221,2.14790920073709
17452,2835,23203.4206512448,22662.1032282083,17012.8364813919,3736.13604422604,17012.8364813919,30284.1745263063,0.19999650729515,1.77449463528933
17828,2707,155970.331623387,146795.337750451,115905.307105853,43937.2286350752,91135.2458880021,268471.298939095,0.89523993349076,2.54959365557908
18466,885,14694.2776935914,14727.5643430876,11888.4271287649,1182.09670070262,11888.4271287649,16755.3790838459,0.0160844695833433,1.65872894780951
18467,4832,37405.0919382049,39260.5670359849,7470.36866423016,13199.4584141784,7470.36866423016,100475.980463622,-0.205436865657814,5.57883423615436
18636,1019,108142.769912096,107190.744301156,64297.3457519957,16547.2872892836,64297.3457519957,148727.003786201,-0.289943319745453,2.86218589183304
18729,3285,16071.0263876387,16331.5931413339,10445.8782735154,1903.25326789222,10445.8782735154,21842.4006864613,-0.233494694595178,3.12463176682294
19113,4857,92150.3461232558,94268.8121913643,44314.3880386214,14161.5974385422,44314.3880386214,115470.997322879,-1.01522221228283,3.5624838720493
19151,575,334898.135588479,335076.153155291,277574.659925636,24836.3370405644,277574.659925636,415369.371943156,0.24560496549299,3.51555472458422
19349,4837,91658.8145278696,93960.6052878669,47374.6534453322,20108.1959515973,47374.6534453322,143677.470456394,-0.0756820984485955,2.15701180948134
19398,1370,435.649617651829,428.905790744273,277.450014519961,84.2265727451932,277.450014519961,628.686580867079,0.0821650800734947,1.82633415381316
19439,977,33.7906882613962,29.647088961267,12.3180156330782,14.1500652526149,12.3180156330782,71.2400576696255,1.40039420522704,4.10036957849462
19565,4536,73833.0964957513,53577.3419805748,30078.7530620425,48802.246836564,30078.7530620425,290039.104123381,2.00099391170248,6.85479654456569
19625,1005,110619.477668011,84897.6544709173,63917.6506353194,48333.8202633421,63917.6506353194,230933.244465883,1.04807380420681,2.50742197813703
19661,4467,330007.806258044,332199.817298958,150308.621187239,73011.7097318956,150308.621187239,464427.915869705,-0.480079824776381,2.45996826892763
19824,3921,6092.83520996532,5833.60677186237,2328.23909232928,2312.89380799107,2328.23909232928,12044.5109611924,0.444440387729229,2.25391107342904
20067,3728,5740.18040833839,4941.99239576634,3893.42765662902,2118.42869820815,1821.06381962099,10389.9051177706,0.632976073907714,2.26246181084249
20779,3553,91332.2078364044,87394.3570998151,57182.9426638913,20955.1809512086,57182.9426638913,148934.593166679,0.789777087215712,2.82969456096737
21487,1032,1089.74611813086,925.568647734019,466.022409411036,585.888917980878,466.022409411036,2866.58581812359,1.25002250905766,3.60161580087844
22260,2588,24513.3644426594,22633.2654897852,16851.964457115,5761.33401009152,16851.964457115,41892.3164138522,1.2057238992306,3.48469785230551
23220,317,3067.01058908979,2901.26745218614,2538.07833764146,408.591718783538,2538.07833764146,3947.86793681959,0.685814038438093,2.23874965654864
23667,852,53042.315432866,53213.6417736967,42912.7831833764,4422.75584837295,42912.7831833764,63896.8082597892,-0.067572017981384,3.17777534664913
23671,4871,33500.0292005084,28963.6434505636,15964.2965638476,14605.4863968653,15964.2965638476,113718.703117354,1.48431949682514,5.42848815097737
23714,754,6030.43017138089,6310.77856079616,3053.96052908822,968.414101271539,3053.96052908822,7227.68797409,-1.84943601148665,5.82186396177087
23809,3151,8687.37583965613,7107.52045181188,4365.48521276227,3208.38577017365,4365.48521276227,17287.8214855537,1.0048669885644,2.65059201961395
23877,1083,5196.13191376698,5498.80102862887,2577.4283962453,1029.36194170095,2577.4283962453,6957.72731168652,-0.761747954863744,2.72271490026699
23978,4493,6176.56355846851,5726.54566860518,2871.8275963675,2147.2501037351,2871.8275963675,17015.5198536648,1.71486575826579,7.61352433320638
23988,722,1034.30659405138,1030.58501844572,779.101248576196,147.171000034336,779.101248576196,1429.6159825835,0.0510621125195847,2.03654905225689
24032,812,1302.84031163315,1302.68732309393,1136.73607928557,70.3902661425337,1136.73607928557,1595.94794735864,0.127470898583095,3.19537572001719
24216,1886,20515.5280169174,20867.1882473529,16227.5289873127,1897.65712839969,16227.5289873127,31068.8517755462,0.993880737046434,7.75640572696653
24287,1970,11489.5288412393,11347.3269902313,7432.53453483719,1215.86762469222,7432.53453483719,13897.294344591,-0.0598470409527394,2.41990278146806
24318,332,20440.136087383,20480.2550675383,19292.2758326186,412.003540066756,19292.2758326186,21230.5147866214,-0.376039043962952,2.81493286689677
24370,1793,3560.76352938331,3856.1326421052,613.351306368502,1673.79330459877,613.351306368502,6991.0938848017,-0.19997273651908,1.86154948164712
24625,4225,135555.025979808,141614.272623109,59796.1539940131,29432.8479448698,59796.1539940131,193173.433762333,-1.18192423054107,3.5182056709867
24678,1251,2957.43690064294,2933.31003486236,2444.47521367424,201.477485382801,2444.47521367424,3297.032587933,-0.432053529314175,2.46741273786653
24731,2336,4727.6750282046,4880.17164266345,2014.03506201006,1283.36965266241,2014.03506201006,8161.17054245043,-0.199363492249994,2.19382988020767
25021,337,1139.33308154192,1204.22088805446,700.830238572702,238.762009583086,700.830238572702,1532.56346678531,-0.456010657518232,1.93022011208441
25056,788,88238.0213870029,89026.9348011879,71596.8233430414,8329.14030221724,71596.8233430414,105721.956288743,-0.0186313746366395,1.88937323095275
25119,2016,3586.01683783863,3444.74767726793,2173.95069358284,640.849468096631,2173.95069358284,5203.08432828946,0.353838179057956,2.16619202969222
25124,2743,13101.2486178046,11870.5356902242,4815.35243142958,5303.67334223019,4815.35243142958,23135.1359868821,0.26696583291671,1.67533136729621
25157,2202,27855.7636004546,29068.4613295306,16245.201808539,6088.48083809947,16245.201808539,41312.2821707687,-0.300864008614851,2.24935767742294
25180,1080,2455.22051841121,2148.33956298612,1982.680363343,873.314441459911,1507.5843503965,4726.78651077971,0.990937205861181,2.80854304637566
25279,3763,12175.874654061,11744.8308130844,5028.06809123363,3592.32261722475,5028.06809123363,20101.4942900628,0.045332418199011,1.89876814839837
25283,2786,9240.3213025946,8917.72155264001,6371.39315500143,1401.63216104506,6371.39315500143,15499.9581399524,1.10949949064452,4.5407915572773
25340,1622,4037.88870211907,4100.79997589271,2257.10793621039,1015.65895035923,2257.10793621039,6472.87875889521,0.207707098342942,2.19189089207671
25356,1105,9734.57714095656,9276.30246581084,4977.25938189245,3361.08363147105,4977.25938189245,18231.5134158824,0.834041668129068,2.91662857126619
25389,1345,1869.9560501198,1747.2883189646,1144.92311331867,364.033356500565,1144.92311331867,2693.41779985574,0.360658542360483,2.17240093833242
25495,897,5059.55567146789,5167.52836361015,3381.9403927247,690.219353451545,3381.9403927247,6647.62102373141,-0.417044822926185,3.04582117734885
25627,2854,12933.7078104267,10002.81074598,5649.00751100788,7277.71471045521,4632.90566393402,30357.0507092962,0.903516531870317,2.61065381009495
25648,4751,71755.4559527732,69431.2979229737,11047.2538597112,24719.5498735236,11047.2538597112,147572.205973761,0.587340233596547,4.05487276233125
25714,1512,305753.267505791,298622.234531446,249214.934919457,39501.6716345466,249214.934919457,396373.746333112,0.322277405269483,1.94021081637385
25751,1348,5513.6804002281,5313.09711230813,4208.87328653584,701.933648410907,4208.87328653584,7229.85016994263,0.226872818958256,1.96448550167086
25895,1987,3273.9866645319,3426.22936748811,1618.37321150034,494.025297711567,1618.37321150034,4181.07802972698,-0.320085981513202,1.81366851491138
26061,611,6920.34121770325,6959.39514333035,3942.13535149982,895.794742679859,3942.13535149982,8729.39046598241,-0.307997691375156,2.22813955380298
27780,1826,3777.73621389556,3631.65587664461,2271.56765388061,955.185886970607,2271.56765388061,6016.90001403051,0.399023872289339,2.0454394634455
27786,2229,12348.6982322975,13675.7776145372,2224.75014518898,5520.59225822937,2224.75014518898,39836.4875608767,-0.0912310024998557,2.41639379456171
27914,3304,9941.60275841558,9861.43905830495,2756.65871055921,4948.01372036212,2756.65871055921,25942.217642371,0.3928161640667,2.72558842264967
28139,698,3243.44786432773,2768.37870074647,1318.84443888365,1495.81771197885,1318.84443888365,7638.69170815977,0.87888231222376,2.7410499103477
28169,2651,4040.14448561597,2432.92629777924,848.159692620043,3004.02712260607,848.159692620043,10397.0971271469,0.57997918916429,1.80300492553744
28191,4861,10529.9969073094,8571.21241024698,8468.82343289799,4709.9328096559,3952.9843670421,23897.6452810751,0.846902470518971,2.39256139662222
28194,574,997.266239755922,954.600656912105,643.176059476437,159.084196249368,643.176059476437,1268.1475006546,0.165816046691359,1.73055901586942
28195,2698,5411.71681215845,5535.03041753395,2934.85532902935,1045.35999690268,2934.85532902935,7705.83977647429,-0.138604143192356,2.08396878121962
28216,571,8027.1175658048,9776.38027390527,4086.7739098416,2846.34525156391,4086.7739098416,11799.2851445202,-0.302183175272427,1.23624883362079
28272,2989,50094.625109694,49755.1530206231,34021.3726435011,6291.40156429603,30938.9216570833,84021.4906757132,0.288228309257917,4.23113970846822
28298,793,403.835326621175,419.635045743763,250.113853753601,92.9515013037089,250.113853753601,735.506395967555,0.0751878967283592,2.43069591772381
28322,1530,917.795858742533,933.91397866022,511.05080698733,107.636753510639,511.05080698733,1264.54725138465,-1.28116350965162,5.78576748029709
28349,3520,70546.8761550577,66067.0340950246,56818.5400823823,9588.94216027138,56818.5400823823,90018.7199454204,0.658951713175887,1.8840480206574
28520,1439,14115.0514055471,14336.7031857759,7933.76449323451,2190.38081025739,7933.76449323451,20461.0411361215,-0.153056784801753,3.05335255226055
28629,384,2713.71223814085,3013.01480640573,1595.25270395081,607.630654753268,1595.25270395081,3429.07631353569,-0.990890396369323,2.31595457237317
28733,3031,9908.81432062788,9299.63270346381,5923.5520376113,2956.62038329189,5923.5520376113,17799.2831077663,0.725497258117904,2.41774225401156
28742,3866,4096.66043991481,3393.02073278424,1232.33684675608,2268.87320921006,1232.33684675608,9195.0680555407,0.507951190666878,1.97390765568593
28838,2256,828156.350993533,830119.897971483,804831.379971021,100406.091038769,530299.936902367,1008120.901622,-1.06177003707926,4.42573273800201
28883,2173,3682.42315930934,3557.73211137212,1828.50875492242,1007.60490912663,1828.50875492242,5589.26334594958,0.0345629710643731,1.68887941962575
28919,340,3564.79067597966,3373.72181363265,3112.4665924677,366.396489008506,3112.4665924677,4515.92743721701,1.04858107832977,2.71824515335073
28930,4871,13759.6427946147,9975.7909128246,6210.42312275715,8106.02107542196,6210.42312275715,34730.8579778494,1.38443401790027,3.31564778458297
29011,3423,2701.86572445147,2526.6086646509,1509.44858101738,644.034875590206,1509.44858101738,4529.4321225433,0.507305036043461,2.3179577275961
29028,1976,23193.9341403066,21781.1254186994,12755.8204470647,6117.36833509479,12755.8204470647,38932.8092550454,0.890807389698965,2.82628467012016
29039,2648,336028.203652202,338565.681265514,134290.295193338,77710.9230062885,134290.295193338,518711.620262174,-0.343760242198568,2.64611477654056
29099,1481,2122.09852752316,2052.99293008464,1293.89403569978,347.697855567671,1293.89403569978,3301.69195162128,0.715327930799959,3.64038200842809
29173,1568,3413.80709109714,3373.6915031364,1924.0103757857,720.398295843837,1924.0103757857,5580.80889113413,0.24036636391694,2.94104692599424
29353,1643,2258.82572304678,2001.19411839031,1413.52091144064,991.368508053879,919.681408885838,4153.96266372819,0.262036871629653,1.55174057459807
29389,4809,24821.6793991435,22987.4011306009,6149.94642731715,11751.1460080059,6149.94642731715,48709.3654604774,-0.0121560716508799,1.60178258990538
29392,3546,5691.82321626839,4450.47562929755,2442.95651201103,2518.95560571592,2442.95651201103,11359.7540514881,1.04873485855861,2.46938879567667
29511,3303,2117.50727474992,2301.3479286673,859.859238501389,554.373110042459,859.859238501389,3413.18000552726,-0.427615917739932,2.41247545891882
29710,2415,4002.22369787632,3808.50277047694,2396.60862522446,988.344657132704,2396.60862522446,6270.66159820314,0.405821649376857,1.93060508379233
29733,1718,2217.97902416307,2407.88055699767,994.940824623823,669.308218589941,994.940824623823,3469.49789590988,-0.1834925120901,1.6530550321041
29755,2162,1290.41021223352,974.139824344501,629.543461550124,529.062212705911,629.543461550124,2765.0607846631,0.818075096691314,2.37938780996198
29804,391,3952.66185857806,4165.02755181076,2330.16831965971,626.818955199944,2330.16831965971,5071.89025622703,-0.877787524896178,2.67538339388948
29830,1705,1195.82024324419,1041.50727231425,495.202012480622,517.901593140716,495.202012480622,2165.69844995382,0.39577585990642,1.5789033736507
29850,1196,41427.3130077948,43569.357501233,12810.5654577233,19529.1331216831,12810.5654577233,93456.5494803089,0.309516644238898,1.96223166951672
29875,2863,6149.35589391177,5317.8653831875,2165.38876097264,3199.96891029596,2165.38876097264,14214.8497019631,0.808894769880808,2.57455475755278
29968,1481,2743.71368811484,2363.47674252247,2132.06434461673,896.365420361309,1681.09916005882,5746.71102203388,1.73734138913512,4.97755328815185
29984,1047,16009.4649891399,16061.5533531669,12881.4581002715,1049.97769173225,12881.4581002715,18634.0978898601,-0.396017650262558,3.05937721944608
30024,340,6268.00884909415,6160.43185674794,5121.07763109342,644.102821510037,5121.07763109342,8094.48992969804,0.609882291394509,3.0554913072536
30098,3918,1608.29244593532,1209.95552350768,157.472734308266,1459.23009092455,157.472734308266,8651.60850930938,1.96542061294024,8.21151619831847
30170,1002,11070.9629174746,11188.5678504749,8563.30335428821,1112.97084397482,8563.30335428821,13459.5647526297,0.151865639186573,1.93141998545696
30298,1411,1282.0699325152,1233.18168729561,881.437513236991,187.832865569829,881.437513236991,1878.88523162193,0.629317147644382,2.6244816314741
30354,1558,2394.78017205705,2348.34064803694,1786.0110964434,249.39108848828,1786.0110964434,3131.63706146739,0.437796918515159,2.46223800449733
30384,1773,1516.5033742727,1496.9926453496,930.169355775229,286.473127072278,930.169355775229,2037.65779982244,-0.0349163815854562,1.69963895583083
30452,3824,218917.890442539,235888.855254746,39759.3953005995,81066.3314063928,39759.3953005995,339760.751013031,-0.606939280770907,2.30624308389897
30495,383,1076.11706279119,1137.04712024981,569.541248848685,216.760689609991,569.541248848685,1403.9845643679,-0.923295682317708,2.63735246574602
30501,1512,293189.819158729,299333.47676634,224980.379863113,46144.569515405,224980.379863113,404624.791792449,0.045274287762428,1.67253869357942
30538,942,89181.55232927,89004.7935351112,43325.8036084995,25171.7534165795,43325.8036084995,134234.520157361,-0.0358238361700358,2.00251707014703
30580,2795,299020.997086941,301883.584909178,262939.725264309,39060.1733080096,206487.742314689,370151.860866391,-0.124655284574909,2.14140438954055
30637,2359,2154.19394882805,2172.96972387072,1591.39355605147,253.254943920806,1591.39355605147,2757.15365753265,-0.150382864768249,2.12340506238893
30806,2092,6443.59253897552,6132.35485590224,3481.78934586688,1500.309978958,3481.78934586688,10358.5309459637,0.620767602655717,2.67350826537762
30807,3570,17633.7901951217,18128.1776951218,7852.30374164496,4956.79025686018,7852.30374164496,28548.8859893798,-0.0913416153856397,1.95319318961652
30821,2009,60187.6929443926,60098.9244991447,49126.4375812266,13377.6956805726,18614.4464333749,111812.383413013,0.243464297303131,4.85633527661475
30874,3162,43939.9864537615,43281.7899014566,21039.4204729519,15240.8887544418,21039.4204729519,65701.7979449449,-0.0143083948443326,1.19186255415197
30923,903,14229.2592952923,14194.8320975726,10123.1062721165,2018.033719009,10123.1062721165,17926.357857886,-0.197872102609282,1.87834491489412
30990,1743,43301.7444218294,36058.2812598078,16954.3210812514,22620.1456872178,16954.3210812514,101362.038964131,1.13254769340539,3.03183656488975
31137,895,68534.5589142457,67212.1329970761,48184.8643116621,10223.7779986481,48184.8643116621,93769.569776857,0.325851487703654,2.12332215108152
31142,4837,7281.26553507226,6668.05134535818,3245.04578765532,3254.65852469706,3245.04578765532,20189.1886446496,1.29753392903848,4.43959466110073
31673,1789,12172.8282464384,11843.6161672703,8548.07938923549,1637.37426143776,8548.07938923549,17110.8965664398,0.694199085828013,2.83359796493436
31846,3041,4259.42848242915,4198.13900493781,1797.1386577869,1125.11394956742,1797.1386577869,6329.31378288006,-0.19912647817619,1.85784975048797
60800,447,1289.52669092176,1264.73654245185,968.702502815845,163.660417880084,968.702502815845,1617.75712749656,0.100132872419065,2.15455826681507
60894,1064,3708.2604557562,3921.52143357959,1820.97244757528,956.412333641407,1820.97244757528,5757.59603044549,-0.238749154211649,1.81547632691622
60900,407,7071.66718056857,7133.86664806175,4526.74279166339,1294.65339161177,4526.74279166339,9396.27267083127,-0.215657445243913,1.80828600413973
61067,2261,59040.3928375731,60276.1091666964,38965.0579390205,7335.00755583645,38965.0579390205,71479.4199576579,-0.776365030248708,2.79581428812399
63120,3662,487894.188360993,492470.471079174,363005.959338537,48093.7749207721,363005.959338537,619485.31013292,-0.265525728454334,3.42835903499487
63477,4856,63724.0131088672,67229.340713645,14045.5665992016,18163.6755637319,14045.5665992016,114955.734643949,-0.456641351781534,3.506371249976
63501,573,42864.5382946707,41003.6644433332,38403.5660274954,3501.03933286156,38403.5660274954,49247.2242468131,0.450762118657481,1.41347769016434
63546,3054,109363.454249821,113482.628956274,83729.0650508481,14866.4409966667,83729.0650508481,151950.413342922,0.163068832766856,2.30721956503837
63605,1800,11209.9933193594,10927.8358476706,11827.7656708436,1542.59316942556,7073.10035592295,16395.2061507697,0.543691990577933,3.98701984120401
63892,1394,6766.46288838465,6332.6639463071,2610.38363973568,2990.93010869365,2610.38363973568,15660.4279067566,0.683853488655889,2.923299567025
63914,669,10482.5369181505,9683.33766822934,8077.11105803753,2326.70614898184,8077.11105803753,18002.7240302199,1.51791668261631,4.46356632872272
64030,1334,1417.51005441636,1348.32085599142,662.136304516036,521.105836469318,662.136304516036,3608.49309897894,0.553069056048889,2.51283278753492
64166,1759,8446.3238829875,8455.2312060417,7034.05060405074,513.03565861917,7034.05060405074,9721.14277275355,-0.162319674539759,2.77317254256642
64690,326,4171.89680324182,4204.82358775452,3375.80505925999,263.153988868076,3375.80505925999,4844.34543659949,-0.566060504506239,3.99137862969664
64891,1909,1925.15818875319,1969.02797735188,737.781992014515,702.954705273669,737.781992014515,3568.2082095954,0.0353230959335255,1.86346155581054
64910,3943,88550.0409659439,85929.3162085053,50366.7495947292,18907.5119857727,50366.7495947292,161724.644925311,0.849923747942168,4.12380175146042
64925,1157,5625.09048122997,5787.97449125114,3199.65825419387,1037.14214130807,3199.65825419387,7988.11846049457,-0.536665125781323,2.81189038111129
65248,1348,18473.5355032224,8479.79535489767,2723.24538976865,26424.6956160214,2228.21092378091,101738.801946519,1.74988863604433,4.69989312504921
65350,1552,2353.45311143196,2175.57836538751,1604.26001668546,502.407587264294,1604.26001668546,4376.29405572672,1.03808999868178,3.8143517840015
65399,2367,2159.20098143831,2160.45271980864,1602.53231054269,260.369107516561,1602.53231054269,3208.4785875442,0.574602539245955,3.82495711925386
65417,3456,13352.1378542839,11912.0391963202,5813.20599711347,5130.30720796684,5813.20599711347,25397.3255590371,0.473567976669732,1.79020417746586
65459,249,1992.08421872233,2006.29068953538,1769.46517474589,69.668436190251,1769.46517474589,2107.62418128053,-0.709449966079711,2.74655387635467
65590,1102,202.995419990831,201.640479319143,109.064632397046,46.995209464008,109.064632397046,332.015357407286,0.234462906686837,2.92891450236956
65662,3553,544959.248832963,539510.855069443,228505.165461468,110802.590727239,228505.165461468,974354.882889665,0.326947375834028,4.03424305897023
66016,1359,1624.9211847207,1636.19865768728,947.091320178589,328.956562781585,947.091320178589,2490.12863978937,0.0665363168512662,2.59202169787492
66065,888,2798.68621590508,2786.05386103306,1889.07213801984,416.545085758354,1889.07213801984,3968.76878365855,0.570202786146841,3.08396574925356
66290,861,1179.75188641945,1253.43524735261,717.441316209512,285.259033287342,717.441316209512,1673.98526485038,-0.345096902813436,1.54031097973688
100075,1131,9366.28000697532,9114.58669856723,6432.94324800292,1442.71407850855,6432.94324800292,13080.7431607001,0.564562765068011,2.51043612739575
100080,4815,52494.0348439734,52265.5754968502,18257.8932154591,22163.1523014887,18257.8932154591,102503.691598367,0.328586368638945,2.10548251472732
100103,4556,21806.7576725091,23043.2529892414,9353.38881335644,5779.32878006685,9353.38881335644,32177.5440827745,-0.573806976381101,2.38247926028455
100135,271,12351.6077019917,12416.422897652,8800.06793646574,1885.09828066039,8800.06793646574,16465.9311823407,0.0637019383162107,2.55175690416183
100165,1339,9013.07278570626,7117.52537326367,3932.5459028743,4146.7140684341,3932.5459028743,19799.0098953969,1.00368629996717,2.6376697346159
100245,1412,1444.64800929936,1336.99990792137,726.758480673219,547.592068368273,726.758480673219,3139.97532423367,1.04154454390443,3.44982848742022
100424,1898,17042.135676227,13040.4587258783,11124.1858823673,9341.18857760552,6829.24741257407,35587.3728901879,0.685701216598751,1.85813831387133
100572,4872,9342.29318050319,8965.4807434529,4282.10864151206,2368.51960979627,4282.10864151206,16685.6737422659,0.267733931972289,2.18408298434803
100581,2106,14418.1630019641,15165.0104748442,4676.97006650553,2696.35397992257,4676.97006650553,19993.162696467,-0.115696463006107,1.6975798464155
100590,1965,73867.103523078,73326.7018842032,43597.5211248552,20455.4122295203,43597.5211248552,109927.204372181,0.0862811262994451,1.71042200806384
100609,3837,18119.6128874427,16951.1236465569,7826.068334634,5554.7403160566,7826.068334634,39644.1670896118,0.984668690990638,4.23559721434508
100699,4248,16828.9732058582,18273.2658998813,7721.94618959477,4538.28720808681,7721.94618959477,26524.9392633956,-0.580557615403564,2.15789637713373
100737,1342,135863.726254947,134533.861958757,76041.1464368387,48646.1084592765,76041.1464368387,451921.30571805,0.86532026032892,3.9546514718576
100760,2542,13482.2039485578,13626.1562949458,8518.94558111592,1784.24223642565,8518.94558111592,18987.2057751724,0.20020495555426,3.10035958922699
100781,572,8939.33933970883,8784.33263735091,7644.99891572812,650.819475849545,7644.99891572812,11040.4966207968,0.603273582915405,3.23513565530897
100953,3320,77796.0561012306,77162.1847644458,44755.0877182979,18504.975078994,44755.0877182979,116807.320101819,-0.0980388441264011,2.22219630051892
101020,4789,9086.95187701793,8817.61441848732,6537.6179600081,1543.1679079939,6537.6179600081,13290.4241654477,0.381533103525488,2.08277393764791
101202,1824,14026.0723307034,14682.2580465142,8816.88352947348,2100.47300868356,8816.88352947348,16842.1406310531,-1.091019992106,3.02582425221566
101204,1462,65333.9512741407,65727.7267675976,51748.6396602028,4490.11322732526,51748.6396602028,74898.2312622197,-0.587433426255331,3.33114865604063
101292,2044,11510.195693662,12040.9653967168,4704.40906144598,2474.70264506361,4704.40906144598,15336.3445201773,-1.11509521473139,3.96405750971069
101310,2681,130811.186417947,124260.560165609,90200.6337658342,35925.4516252401,67500.8886073427,212242.724925682,0.452355054455626,2.10993791580549
101352,1691,20013.5363569627,20145.5280388499,15477.9575845274,2448.17017283891,15477.9575845274,26932.2010393919,0.166947081796203,2.22335879173533
101361,4837,8635.61593856253,7700.49453159887,2888.34138873628,3288.80495420657,2888.34138873628,18996.1961832042,1.0646058594076,3.59479465770545
101475,475,18777.7061029736,20628.4760157759,8517.41636970669,4042.00751233454,8517.41636970669,22477.9387970974,-1.32301148550603,3.16174213159428
101718,4854,9778.77896154064,9630.80471397478,6903.57897588152,1514.68437355409,6903.57897588152,18350.4937139339,0.94864013537052,5.42959129702431
102089,1238,7787.80536127017,6868.67353100179,5143.95845898808,2147.578259821,5143.95845898808,12388.2155698287,0.825734788339029,2.15074501650984
102345,4330,4291.11039866269,3856.28201914056,1214.98709068806,2244.81956296452,1214.98709068806,8548.03535567193,0.220887340073394,1.54857996127225
102422,3736,3352.21309613062,3351.50412497975,2526.27625001925,569.911533234417,1807.71185883253,4621.03482166012,-0.223466953558394,2.08717862914764
102523,4331,8449.08600802512,7169.99381101393,4365.79329378317,3143.56171910298,4365.79329378317,16094.0667948624,0.662926923292601,2.07369967410838
102704,1280,14532.0179233334,12202.9730009181,8649.17887357237,4758.05109184,8649.17887357237,26772.5724225858,1.04296041511172,2.67936192331162
103124,2774,47696.9148881462,39987.3561600279,105884.261408601,36807.0768735465,8378.53624412203,168875.118544835,1.59072554413985,4.98175623162245
103342,572,32001.024986746,31930.4681229473,29110.9163121515,1833.55598860265,29110.9163121515,36470.8257874608,0.497944363833795,2.38019111461761
103487,925,32544.5203783686,32755.1259177378,7831.12511870824,5818.63021503842,7831.12511870824,42185.6985976285,-2.1299744171,10.4989294229448
104598,4801,15487.48664071,16657.0365141073,4131.84491002796,7190.00523899648,4131.84491002796,26666.2353910993,-0.27000987744622,1.65508331620114
104833,487,19449.9063324567,19964.9019594516,16266.9020992764,1380.22212704764,16266.9020992764,22154.9808549239,-0.572666287400942,2.4354118147904
105089,3517,54742.5743281085,52617.362017501,14967.3833495227,19410.3872034049,14967.3833495227,122755.708135736,0.519459089229146,2.88885328683921
105222,774,5191.70253027748,5275.2334086138,3408.85788634654,933.974507946797,3408.85788634654,7086.90945025522,-0.169652122212723,2.28306529218032
105365,1354,7347.07292640965,8172.91508702853,2341.37636882591,2647.84592662743,2341.37636882591,11438.3152241074,-0.611985209735214,1.97630265480158
105448,300,5572.66867503752,5567.8394472309,3837.76017961952,992.165791308421,3837.76017961952,7765.63008594473,0.274098629497716,1.93390571103062
