gvkey,GroupCount,mean_mcap,median_mcap,mode_mcap,std_mcap,min_mcap,max_mcap,skewness_mcap,kurtosis_mcap
1045,2662,3063.56138237979,2443.109095,1134.31233,1825.04334384453,265.12894,9078.02808,1.00045969744524,3.19439236575688
1075,742,3980.8677930593,3900.7674,4075.55467,494.538799217701,3007.73184,5152.1568,0.535338314219135,2.62237759181308
1078,2466,76214.0610395174,74701.14131,66052.55267,12052.4582248549,48379.034,113196.06142,0.376573925158843,2.79750957710454
1161,799,6248.56743655194,6120.94002,2368.9576,3456.2819731801,1095.2766,16919.46975,0.700942466481699,3.2943479008696
1177,4266,23269.586831744,20620.905,12900.96,14692.123019555,3354.58564,67274.657,1.04842323432664,3.45330252519167
1209,4836,22447.0659581803,18247.506025,10320.05824,12214.7644040129,7635.84675,69066.92698,1.31472016198358,4.44866105179514
1300,3189,39924.7205198755,33322.35456,29538.7565,16855.5108047855,15730.368,83525.39295,1.08997017059654,3.1421055599336
1356,3866,19858.9522965787,19097.603905,9145.92114,8391.96957062343,4185.2655,41171.9614,0.184039638341007,1.73969817439788
1380,2400,21384.4499291958,19944.459175,19208.87983,5737.13337503776,9836.01486,43212.1818,0.780730978320071,3.57398285262781
1408,2389,9197.93714398348,9399.667435,5608.4459,2565.96806519204,2712.53677,14090.13002,-0.125251211562189,1.76011315024146
1440,3542,17459.5168858498,16725.02572,14228.86856,5168.56196678824,6160.49115,31590.2268,0.632824820564632,2.7417891341267
1447,2147,55394.9769216441,58129.70238,64430.8637,13867.0351812656,12015.0243,77475.05265,-0.935160680013474,3.42021906388161
1449,452,24318.8585120133,23856.55125,23767.5275,3081.42209282434,17916.2235,31976.27325,0.278179467051174,2.80284006993782
1468,1855,1061.82498458221,1191.18096,1763.2175,409.686897199265,135.81108,1789.50547,-0.284657387292097,2.15724200087798
1487,3179,104677.458134951,107956.0236,55327.39176,66587.0882744962,1229.75425,217227.62885,-0.158455556189535,1.52874980015496
1602,3022,72974.365299166,70822.06514,54424.03936,18942.0668516336,32281.38823,130561.3988,0.792400677535366,3.35929572862359
1632,754,12063.6988787533,11755.05115,10454.97513,3240.98499166683,4688.2073,19198.99566,-0.0341015310520853,3.16197316559214
1661,3143,6637.89054006523,6029.36054,3890.1138,2303.53711850446,2418.879,14011.15086,0.742262295705829,2.77313225985685
1678,2902,24096.855895403,23826.35612,6409.00425,10837.4328330557,4842.975,48970.8652,-0.126873315011948,1.91730100181779
1690,298,113525.647958575,111035.76288,80714.59375,29352.2752508403,71768.33125,174959.1582,0.366310566163194,2.10756916019513
1704,3123,23714.0711353781,24557.69328,16356.59972,6251.2603681681,10921.1124,44782.99262,0.251344870079166,2.71432601867257
1722,4755,20410.1391882287,21624.91865,9163.994,6558.5322147,6804.90858,34577.85348,-0.474813165482221,2.42752692516347
1773,4040,3917.39729697525,3853.609055,1316.72154,1392.27081445722,917.96676,7449.48555,0.152777972781026,2.25092174632774
1891,1524,23517.0208992192,24450.268545,22084.6068,3015.95574406884,15813.1983,28207.76288,-0.523600835533155,2.04785698352099
1913,1788,5489.63472425056,5882.15522,5964.948,1375.02247060346,1834.49636,7647.74557,-0.705767172345136,2.43487098611284
1919,4758,4146.35002511454,4386.955045,1385.2372,1362.19457475735,711.73724,6625.96077,-0.341726150784919,2.10010350194917
1920,4617,9732.00800914447,10761.894,893.5369,5821.24340556319,627.1856,21771.89724,-0.0947572009748053,1.87895003787217
1932,626,150307.719341717,151898.506237129,89642.0521784,30245.2185681656,89642.0521784,209981.401253804,0.035239114395863,2.13236617403
1976,3478,18998.0058133586,19748.936495,9663.68442,6668.1123953042,8001.95662,34744.7219,0.120564527068746,1.80740579229553
1988,1822,4367.61242640505,4370.98025,5318.30709,685.415470030923,2426.03808,5902.86004,-0.299463023725926,2.80974490172206
1995,2585,8475.76050749323,7347.17075,4241.97775,3687.3240974296,3333.444,19353.46302,1.07488605155934,3.2513087920103
2002,2507,3674.68585378831,3092.30272,1364.4819,1902.32949478138,474.76453,7884.333835,0.444868211657087,1.98059745160171
2019,695,39878.2944214244,36171.31184,49428.24744,8765.29894428086,20704.76376,56729.13724,0.326042485128358,1.74531560425424
2025,334,2679.23350703593,2927.13244,971.62331,805.653976302094,971.62331,3809.51063,-0.691664848118431,2.10844962861752
2055,930,19644.1206003272,15513.1889986433,9148.0098117019,8368.98644059549,9148.0098117019,44529.6807137955,0.491801372651264,2.1690567944954
2085,1139,3179.02564231343,3239.1842,2587.7012,696.166320866254,1593.4527,4668.2125,-0.10944316127794,2.20493320628592
2086,4390,30526.4216463206,31796.53548,13443.885,7505.57288086765,11080.70976,45837.71768,-0.448773126068292,2.20545885568728
2111,263,19079.8400177947,18943.57295,18246.55728,958.541289321013,17141.0503,22267.00609,0.592322778833273,3.4810883843228
2136,1353,99450.6012972136,98484.5916,94275.66396,13811.7063379645,71421.11856,133487.8146,0.411943463730697,2.40874124099627
2137,2217,23222.4229655344,22610.7654209514,12490.7668867445,5147.30579326961,12490.7668867445,38457.5953980371,0.658721138369138,3.01970007433837
2150,1245,2407.34540729943,2466.23854,1932.8685,470.459524402106,1537.07476,3325.97552,0.00849765885236258,2.02530016681172
2154,1575,2864.58738438025,2853.15128,3318.0594,409.322983212752,1706.81248,3798.20828,0.0355120937914564,2.37710990981947
2176,483,176807.93042029,182950.60555,110802.5,29505.0459740327,110802.5,231103.36,-0.343432908256321,1.92799680235689
2184,2855,15411.9004214956,15903.45902,6255.27286,5821.03153288856,3800.97043,28916.31168,0.0887131992002949,2.22002783217831
2259,1358,1187.31929379234,1174.37659,912.42249,224.155944129583,564.61841,1695.3791,0.036262702616536,2.73773454642513
2269,2150,6521.26146905581,6259.52183,4759.625,1763.26935302014,3276.41868,10335.864,0.221946934313797,1.81205755149581
2285,4872,78346.753963248,58612.252515,35955.765,51037.9565638583,20049.0024,248943.6907,1.4608840075253,4.29108508898834
2290,1428,1936.64394113971,1948.348465,1034.53308,1043.88386849662,148.7616,4061.92104,0.17086822553179,1.93401257633832
2338,2632,25722.2686633238,25537.780535,15577.916,5673.89700851277,9895.840032,37311.1228,-0.405512776298773,2.44802767229805
2369,1227,17104.0300700234,17027.2866600702,7434.46552692308,4349.35432671626,7434.46552692308,26882.022754491,-0.0725265566992874,2.41573683192492
2393,1229,1302.53001774613,1349.61006,750.66684,460.316147932849,564.36996,2137.3214,0.0900854532127604,1.64142198789176
2403,3404,57702.4843353291,49833.75028,43511.95968,19266.068552778,34168.17216,117964.50306,1.57739786997375,4.41490504601746
2408,3558,14313.458685706,14711.0813767842,20581.4727022481,5918.26252917932,1129.79981090451,24231.0746740419,-0.389850290758038,2.06912119867612
2410,4872,952794.113983383,879711.42621,1113309.6,276655.671036155,301972.8019,1646366.4865,0.470913493569426,2.46811412398576
2411,4499,345217.180565943,315598.046034862,277467.2,141989.285256679,0,717937.9545,0.578433356798752,2.37868675368779
2444,2800,2399.83062996071,2258.92958,3858.48,1142.05021221613,176.23881,4796.6985,0.113201046098975,2.20685636256207
2504,1576,2002.95383781726,2058.63314,210.11486,1051.11864864275,122.06304,4910.46675,0.387558419929486,2.93929742505969
2547,3299,14450.5763168384,12477.69021,8078.175,7939.91160116275,2396.60568,43693.19559,1.41491517823816,4.54562409566014
2558,4791,8658.74323991025,8162.2748,6171.2772,2674.8745607805,1745.96576,14936.42916,0.228219318525678,2.35246446970901
2574,3315,16666.6049941478,16558.13862,6649.66036,8543.35812693429,5443.49502,37735.50027,0.410540800504188,2.10227219360868
2593,1890,2102.73460039683,2139.273795,708.11955,548.599251783354,525.6954,3278.35695,-0.512714012882033,3.351976319389
2663,4870,12877.2176141993,12439.9319,8979.4426,2339.10533522563,8110.87213,20849.10485,0.771848979957374,3.4590880632648
2696,3145,25780.1241660862,24274.6754536029,25235.3665868582,12354.531510047,7285.73206030151,61376.3858943906,0.582733346368245,2.76439832661349
2697,1688,11362.6067081338,11840.6619951548,3429.31330278675,4396.29525521162,3429.31330278675,22412.5365010799,-0.121350784848039,2.06342179166375
2698,492,4769.26902364162,4490.85862239768,3419.59913743531,905.119819911074,3419.59913743531,6824.67805647982,0.37261030061346,1.85021158776192
2710,1602,4611.67142078576,4665.26562,3517.90095,1115.58772547389,2361.69034,6783.55784,-0.0831797199590132,1.87356874664364
2721,4636,47267.2072233671,44641.04761,38879.19145,11937.195849989,20673.3265,79873.4154,0.531372302468722,2.79126551312072
2751,4838,21304.7591440966,22511.882,24839.022,6428.45639471966,8981.30948,34427.4104,-0.0617944188650028,1.60470927663467
2783,2068,10932.5718052998,10920.84185,10825.64336,882.485671840001,7344.85266,13550.59555,0.152437156847827,3.74317484301924
2787,1730,1772.89291541318,1510.22007,2641.93392,923.739430863838,394.04813,3902.3512,0.506020062702921,1.99276670436852
2812,560,1355.10874926786,1474.1858,1066.585,383.323607745024,762.28128,1894.07675,-0.0817989012798482,1.35350683380368
2817,2411,38042.559756686,39077.9496,14655.26956,13185.7809306962,11653.02058,69539.6676,0.16829422606286,2.44448391822194
2884,2052,4881.0354748538,4455.763295,4740.58145,1907.33639727731,2184.00978,10954.8705,2.06850518706485,6.45256817031777
2968,900,143832.068691443,145722.062405,129243.46125,21683.4813399988,60918.340525,181838.51,-0.728416002102374,3.76237968341109
2991,2799,181340.076173409,182507.09532,157656.37056,35389.1308940289,105981.0922,256707.2025,0.0311279961578811,1.87300747759809
3062,557,4005.50502398564,4009.7801,4482.0018,447.761854426745,2773.1385,5125.1613,-0.19018028139936,2.47678983604898
3121,2399,9123.072515297,9068.75199,8549.94495,1116.85235916609,6381.1098,12678.80192,0.595479417336924,3.59593803509177
3138,1785,781.770156285714,538.21717,458.88066,407.435165129336,368.33278,1742.68964,0.790181660299512,2.13300359628521
3144,3400,134576.456781786,125513.26867,102593.82705,28956.7179380944,87609.8053,196360.46579,0.425859329278238,1.78701380320725
3170,3457,38231.394204663,34573.29876,29733.8772,10646.7474780302,22867.35748,64820.07972,0.959275046757453,2.79739716148606
3221,4798,19648.4120419612,14568.89843,9165.135,12047.5665580165,3971.3314,55193.11501,0.885261757015258,2.66077723605233
3226,4800,100494.787992285,76701.76756,91381.65183,53859.3480005486,16016.07359,239750.06686,0.520033351405297,1.93283069713828
3231,1075,8697.95023257935,9313.66865,9423.2786,1619.49477408833,3143.77788,10823.7376,-1.41791066829317,4.04562729679485
3243,586,209116.09664529,214816.43687,152920.8138,34485.8986550373,135187.97676,272130.80549,-0.297974498305876,1.91543316990751
3246,2153,1976.67277930794,1695.35448,1708.75636,1028.02228188482,362.5984,4497.27215,0.583420629081865,2.35315199957017
3278,3488,2532.26178661109,2307.8819,70.987,1522.88625107206,36.56556,7232.5132,0.970405042669985,3.69449171285323
3310,3136,12638.5591734655,12709.54575,18424.39396,1836.91850302526,7447.30998,18583.29704,0.247170277425898,4.25981415046642
3336,2189,7898.17322042028,8049.14894,5913.6181,1509.21653220273,3697.70003,11152.4608,-0.254901035552848,2.56698110333036
3362,968,15021.0720196488,14639.512765,11213.47378,1796.46704551859,10125.6357,18938.3696,-0.254398988393382,3.13724105319461
3413,3339,13340.1587493621,12472.28983,17421.21616,3145.08350761313,7470.7543,20912.2032,0.369334636002005,1.7987195265897
3416,1706,1931.77594616061,1923.56031,2235.24739,442.388413216328,609.3252,3158.81698,-0.141438739023619,3.30544434601597
3439,1652,3018.65488661017,3148.753335,2015.4141,772.769857017103,968.21088,4556.45088,-0.743947910694477,2.8484847215892
3497,1395,7500.71297924731,7494.78298,6705.04432,1660.6448482751,3176.74209,10951.28,-0.127965352051285,2.27048651983569
3502,2397,1112.32265773884,1133.12754,980.8266,367.198038672644,176.796,1877.2471,-0.3982306477024,2.5254366695476
3505,1250,6276.21727733544,6684.084885,5886.7586,1487.97360315082,3301.95816,9089.13,-0.340980390058964,1.91278160674817
3532,3665,23051.0995640862,22967.13573,1525.312,9740.56714013359,1048.652,45014.30235,-0.143448388363123,2.49311147441708
3580,1678,1959.1586985876,1893.30129,1314.8775,491.503521948417,659.88078,2961.65376,-0.220572331500594,2.39182792431407
3607,911,2119.71376125137,2217.85128,140.64362,887.413585027857,24.2651,4230.30762,-0.557578678413482,3.44413571762257
3650,4818,14824.3574455708,16947.37866,1147.06,9693.40789918617,813.197,35011.05585,-0.0799306105804664,1.51223679089413
3734,1359,2060.67907208315,2276.71965,2296.03995,922.349640309434,1.49824,3930.63295,-0.737958668739498,2.93028670592371
3735,3529,27680.5687229895,23298.68768,8273.265,15586.7393330139,6522.6278,66712.49475,0.837941310533763,2.62943772738138
3813,4867,41067.3814004963,39989.65653,32111.45445,9043.73257985155,19095.999,90045.7641,1.21184496512953,6.76077155883154
3814,1792,3094.29179685268,3168.924185,3258.5048,344.126287087861,2177.08221,3612.43537,-0.683961053725647,2.53088637056235
3835,3697,23218.9444918636,23803.80912,10452.19615,9181.49141113531,8121.1736,41784.10884,-0.014242955600869,1.62013132453919
3851,2352,2991.49710209468,1897.55232,132.21512,2790.94998421575,0,11726.97752,1.05963761663671,3.49698223041664
3863,664,1371.59278308735,1229.61542,1287.20991,418.244975603154,696.16814,2318.32833,0.615687151192775,2.10173578765392
3897,1334,7302.57098245127,7383.303135,4623.84399,1058.4131099674,3854.49777,9542.723,-0.782192173445364,3.43606222871824
3964,2325,1527.97229959355,1464.8164,231.94296,588.614556874099,193.05432,3021.92475,0.0411057633970742,2.70572693926231
3980,390,233654.298907026,238685.516525,220689.70206,25921.6542867071,154834.44864,279068.1579,-0.778882670886718,2.99941004026929
4029,3681,26755.0714283211,25588.91709,25939.43793,8278.07501544576,10148.67178,48224.70953,0.664707385438264,2.66207277678835
4040,2690,4766.32150241785,3847.94356,96.39,2441.25457209966,58.6867712,9919.907,-0.0316317665305397,2.0802425778086
4058,1994,8090.60341083751,8160.030505,8053.22615,1540.52982646768,4103.46884,11128.3526,-0.406111358969294,2.36470664501445
4060,4866,50059.9996139432,40364.85982,28976.9676,32588.646096626,5851.11018,180226.0298,2.4063181251252,8.43727619110672
4066,4711,15148.5370620739,15438.42544,8031.072,2882.0557110707,6859.15992,20868.39207,-0.395849706550754,2.5569060985903
4087,3965,46073.002250714,44505.34588,29091.0687,10677.6181820758,14566.8342,74122.56568,0.178001571125642,3.17843850585772
4093,3468,42967.3102940773,48899.54368,18903.41766,16908.5131527315,15130.40512,76196.79,-0.130828526801129,1.5027839125137
4094,785,4934.76652921019,4925.7906,4710.57184,542.008745455418,3824.4544,6334.24852,0.342633074141546,2.53911920621771
4145,2397,2467.68727524405,2614.42584,687.544,698.961085393076,546.28496,4866.89578,-0.589519879012429,3.39132706869304
4194,2687,6089.2884423642,7173.89836,1611.864,3641.66224502222,176.9015115,14273.26208,-0.119217435633829,2.12220873609019
4199,4278,17717.4262877601,13227.810495,4953.91,10959.6190419612,3988.418,38711.116,0.55390638102448,1.69268643085657
4213,1616,9736.23753159035,9956.0259,7333.563,1417.97832589072,6755.63544,12866.7414,-0.158410249442113,1.81271549948684
4242,2466,10205.6736925193,8122.30611,4410.02496,6344.17343055112,2066.42925,35653.04358,1.58848483553875,5.04560363878965
4245,1412,6398.03291723796,6130.6107,6257.85696,3249.71916772251,1265.07096,17454.00552,0.747998985053755,2.95823074994288
4321,3068,33415.3996436734,34306.69552,32150.55515,7865.83927022673,17858.56548,49541.45016,-0.00445787189558159,1.96017360388177
4367,2668,11597.4307271983,10760.55036,9266.7418,5887.42094942818,4095.52596,33700.57056,0.991240848415068,3.73549591993594
4423,2013,4058.63099758569,3967.728,3343.41108,790.10653968375,2502.99962,6741.65484,0.548653163443879,3.03907894714136
4439,4871,138317.779243295,33669.64328,27037.0848,188714.007072774,5514.4944,642746.04944,1.34767208400822,3.09108944809069
4503,2534,354668.911172452,361063.549775,234480.3641,76705.2569257565,205291.77567,527172.2031,0.00987383096997426,2.01256964280212
4510,2572,3646.74670218118,2837.72402,1066.614,2705.96203433835,506.9927,11042.8266,1.18676403281673,3.33335669870123
4598,3646,27675.4614034805,27610.46785,25617.6295,9430.37900419835,10250.01185,52489.36986,0.411859640847231,2.78434554780985
4605,1682,3593.9370772176,3661.20493,1861.5234,984.102149118318,1523.24241,5369.66768,-0.259866362368262,1.98488027982462
4611,2042,13577.7281856072,13511.91707,5585.11648,5660.38074050578,2389.008,24490.648,0.017990853521843,1.90137706542984
4622,1505,733.994282710963,803.28051,724.9219,250.888956644432,37.7454,1129.0554,-1.24312404026523,3.79906853443024
4669,1495,3189.87370834556,2929.7052763594,1331.09442307692,1114.7220795739,1331.09442307692,6142.08376963351,0.727008421789495,2.54426144870129
4674,280,23172.2951172143,24153.79815,16181.8116,3635.24661189793,13554.3525,27752.73702,-0.742666528364817,2.43419752084119
4723,3092,56388.345763824,54847.68768,42917.82215,13629.2618526172,16113.96126,85970.76126,0.282415787492922,2.63857905500979
4818,355,9055.124096,8443.61472,3750.2684,2729.53598206511,3566.718,14849.57487,0.0807109462868675,2.51143241275647
4839,4836,40199.0986313039,39515.5734,39970.6788,15553.366701498,5320.68378,79675.87837,0.130098440190893,2.20881722771979
4844,1678,2618.38732715733,2254.59746,1347.53836,1143.44953385809,1025.65995,6781.61673,1.23344121499416,4.19848154987478
4864,275,306.206079727273,64.01204,47.70324,390.144908228654,17.93968,1277.81478,1.12437407178053,2.66972518642529
4885,2237,18938.3576891551,19316.99483,11276.04854,7336.66821648578,7324.4047,35934.38245,0.208783855835996,1.89897472303497
4941,4407,1997.4960198164,2009.232,1168.9757,583.45042785826,671.8296,3345.498,-0.0839913179219738,2.22907262949942
4990,4839,13604.9828076927,13582.11353,13081.72,4213.12548396268,2042.161,29819.5721,0.097464481185327,3.11396464640194
5046,2021,23961.2292880505,23077.29058,19482.204,6497.18182179776,10522.86121,37822.592,0.249652856441251,2.13497347410299
5047,3274,245966.22150118,265243.004075,98601.76821,115304.55470104,48021.53508,526353.43229,-0.00485070853039538,1.91579017917581
5048,155,1345.11866542122,1040,1014.8,415.751926033818,146.1,1828.7,-0.162051245946778,2.1551257799673
5071,3584,22125.5809504163,20044.13333,19221.40935,5891.05620270923,11096.1641,35654.8479,0.66772485231269,2.36186602402731
5073,1211,15534.9732531345,9839.75652,366.3372,18759.79485092,110.511722,66182.106,1.28676059264358,3.43744776508965
5087,1683,3591.5427045514,3230.09664,2789.54145,1140.64468790313,1432.43968,7462.16576,1.25938730621006,3.97175217233625
5135,653,494.231798162328,489.8605,484.52,26.1129504845446,429.846,630.5902,0.905494873680103,7.86353725079252
5179,1711,586.229506458212,606.30528,571.50408,105.692269024352,210.26624,870.94777,-0.607853635113017,3.78216625435636
5180,4599,340438.166951429,326302.19326,230597.3,63478.3420884461,197238.84,513981.303,0.59617813136244,2.83561642346982
5229,2701,6115.20013769715,5186.90775,3745.16868,3437.50877064896,1468.28428,15905.02043,1.10956550774584,3.8466587881201
5234,4850,4306.52242024161,3718.54768,1227.17,2258.55186871747,625.84599,9411.78,0.510066261711862,2.1385924953969
5301,759,825.321738603426,701.29488,407.7707,461.146587478115,145.82592,1726.51875,0.156720058044692,1.51603801867032
5439,3472,29345.0146229606,31405.23145,8029.76,12028.5048567166,3964.2876,62511.3704,-0.10698979421229,2.63384561325
5492,1375,5565.53081306182,5774.47328,2856.77685,1477.17189720411,2834.817,8989.82724,0.0904353642398183,2.13077845483665
5518,3365,4678.21978496535,4310.6462,2090.12569,1823.94581623813,1741.7884,10350.42885,0.889247910165137,3.33241303739133
5543,335,3447.18412813373,3483.02963,1873.6801,407.334858077441,1873.6801,4391.57872,-1.49111652431304,7.63389176799651
5568,291,100370.337160928,104681.45647,107250.70008,9521.53417380838,83928.0436,117649.1455,-0.31030697574496,1.48096850013464
5597,1702,10956.1996046969,9243.3047569519,8516.9454,4362.60589439684,5680.35692,22080.2784878161,1.28449194046944,3.3616665071156
5600,3405,4978.64632800412,4396.49418,206.3263,3323.10319161144,78.968175,14129.19108,0.668847315298481,2.55147190037441
5606,1234,63484.6358217408,55079.69196,109184.37792,28319.3560420094,15574.45516,127854.47036,0.61011345424928,2.37273849900579
5643,689,23770.433811016,23437.89568,21179.06865,2765.38280034857,16964.42536,30709.5706,0.318267797325629,2.80520397534215
5650,4869,225011.59356742,230984.9636,215054.8451,85520.4256814136,44593.54256,411748.212581,-0.281593128077953,2.52212535095139
5680,4787,114462.510887621,90320.68958,96332.9125,64296.5231249804,30518.244,314249.80008,0.990231757944319,3.07092780337631
5691,733,58093.5964941883,60549.324,51375.184,8548.29957942595,33375.52132,74824.28584,-0.878406079849522,3.22725645687568
5723,263,13082.789325019,13394.46381,14885.1276,1961.24404869481,7677.0012,16152.08427,-0.778505394008988,2.97394622515376
5742,4492,7776.49734810107,7869.068655,4031.378,3661.02601046554,1369.5075,16790.9469,0.448646494908033,2.33654787518362
5750,1722,934.074833147967,563.755635,159.5678,1020.97859511075,46.51308,4487.91444,1.80135543030344,5.17572792359866
5783,1413,3625.83163796879,3583.95584,2845.46367,526.006632507306,2344.05028,5018.39915,0.223157094783852,2.26458233134118
5860,266,11555.6271166541,11572.46087,11473.2968,668.149883139745,9790.89399,13229.4344,-0.0280508498306983,2.74149837692454
5862,1703,2896.9917771697,3074.93604,2703.32403,647.525189492989,1261.05088,4072.94125,-0.702042089489953,2.60786505643901
5878,1389,24890.5689895608,25423.0636,23330.37855,4171.35344417337,13073.13135,33122.1,-0.711029561870472,3.07302844990615
5959,434,12534.6775107604,13699.621225,4441.77552,3557.71740299253,3775.34976,16888.09573,-1.40136899561274,3.56942819414925
6008,2699,128801.091623829,123350.92,119703.88,26889.4369499772,67188.96,223655.68,0.894706360297144,4.43144471249807
6034,459,802.530391895425,827.74986,881.8003,167.755341253355,482.7093,1165.6512,-0.142840287631934,1.90441410301844
6066,4872,157806.932658647,152325.498,216192.65412,33112.3459199479,84194.42616,242739.689,0.622221036843238,2.63322626424945
6078,1516,3434.80903545514,3387.827,3153.89536,599.67491997703,1958.2605,4842.4448,0.146330328016591,2.86335764044205
6081,1874,2836.29472705576,2722.779205,1389.8906,930.635593542611,1125.06492,5551.92086,0.528241084186513,2.57811278588219
6097,1738,9868.95797920023,10664.97282,2714.726,3657.72308971993,2103.248,16237.55056,-0.410498148244661,1.93838943524381
6104,4872,16800.6756355357,17311.401075,9557.73675,4358.8609345707,1749.56294,26873.35424,-0.754695113909884,3.49536214702397
6135,1743,12286.0873348195,11978.5550348675,6180.90002193945,3665.84531099855,6180.90002193945,21710.4697326417,0.311257158928472,2.48718482999187
6136,4683,6356.86685454794,5824.22544,5142.3424,2261.00187654975,1243.7694,13175.82471,0.261294607561397,2.39053097788907
6266,3031,195670.467978402,181081.9668,163388.0668,41930.4254266754,126018.92925,306395.97968,1.20384908174342,3.24729313277374
6268,937,33220.6495534472,33396.16867,38414.8388,4517.39468707145,17949.9345,41584.853,-0.802780699005225,3.88937071004413
6307,402,6546.80414536567,4579.15723,598.1004,6140.16855669688,343.90773,24151.8975,1.54779708992982,4.79365020157819
6334,517,2315.51955753965,2415.1948,1621.63329,301.677127570259,1351.21632,2747.89684,-1.29794216294008,3.97419093732133
6335,343,1928.25930376093,1917.93056,1784.90606,215.820640706603,1269.0568,2619.30636,0.318646901725704,4.35373815721637
6338,1661,2146.23366518964,2135.18565,1741.4761,327.416915121322,1285.6406,3108.63418,0.225948610691945,3.32971611102004
6375,3506,18683.0500959783,18834.62985,18291.913,3648.57000495848,10215.45046,30447.17504,0.128753596522211,3.24374368820246
6435,2163,27900.6657632131,27592.18234,24045.72225,3406.55585355391,17971.60977,34484.63188,-0.31256520228233,2.50853998739492
6494,4470,37333.1034807082,24379.62058,15967.490304,28024.0103187628,10993.756638,137751.7662,1.73314880331193,5.00243696663834
6502,3700,17449.568762398,14967.71215,14262.4848,6416.2139196356,8822.57712,41562.18872,1.89197109436189,6.17670639044423
6506,3505,64704.6502520954,58676.48397,50613.77184,25418.4383731023,16424.27485,130869.479224,0.279765700663459,1.95703952117241
6512,737,16218.1307222316,16483.18344,14510.78765,1977.95223059001,11076.7911,20992.33657,-0.307827372988688,2.72928380800985
6529,399,3169.50207203008,3344.32395,3559.4559,685.838650997993,1587.9332,4365.98435,-0.600929758793417,2.45522004171397
6649,1772,3809.20930103838,3943.30888,4723.59418,964.632860653135,1601.50997,5833.87344,-0.0293221330400929,2.07920610948577
6653,1984,7602.10007479839,6110.267175,3024.61236,3860.83511045798,1811.52951,16893.4128,0.539120083221794,2.0523861085002
6669,4535,8014.8079212935,7387.3815,2951.3275,5038.09818428036,547.5221,25882.138,0.946084921658163,3.56656406307715
6730,2722,60652.2578325882,61831.03416,37779.84336,14802.1438885804,31563.46952,99014.0923,0.222877201320849,2.46403923470445
6733,2537,8896.37286287663,9021.51402,7203.8898,2796.76912735262,2016.49624,15164.3338,-0.11924804048743,2.76230113617046
6742,2063,10025.1138455841,8271.342,7947.65544,4678.20820839009,1340.74042,20922.95782,0.746687448486449,2.39784812716012
6768,2448,2594.88625036356,3185.90973,208.3532,1564.63747751348,156.2649,4780.08696,-0.345347581137706,1.46103777764004
6771,1290,11012.7736094309,10838.052110071,12831.3058828821,2887.5576537732,5721.4301933488,16830.3872761226,0.467958530795621,2.13798579304209
6774,3702,33530.2185858887,29096.19053,15608.34,12559.66882448,13667.88788,69580.80685,1.1044240788524,3.45220155649641
6781,4827,15133.6676510981,15392.28712,7937.1316,4210.93442586908,7053.3037,28467.80127,0.599796332810924,3.66945636090146
6821,3641,1766.61152032409,1972.6695,836.648,796.907290917173,123.43156,3142.01315,-0.170241611295533,1.73913484696288
6829,3603,40480.4513555576,38317.19556,33959.9232,10748.6365750294,19683.3,73561.64949,0.858484535273923,3.49101434388615
6865,871,1870.03123779564,1744.46571,1210.9827,432.313728515751,1058.52426,3055.0341,0.418572241203939,2.10976331253564
6946,3231,10828.0033958467,8473.93031769779,2231.55574615385,5589.67671363195,2231.55574615385,24477.7512601961,0.876141947047751,2.60209861500626
6972,1609,3973.96600002822,4118.78592,2030.65604,1383.03154424396,1292.10111,8312.614348,0.207935835428313,2.65903200371342
7017,3256,22048.788074336,22355.61598,7163.82448,8914.12649623397,5886.504,45448.01478,0.179264611347437,2.60076645278954
7063,1148,8744.68375788328,8903.496105,3736.22535,3097.79992820042,1786.5572,15497.42832,-0.194702383544461,2.42265729351762
7065,4164,25714.2696382099,20669.2473,15603.6132,13079.820945268,9135.81616,60202.8,0.878036189648156,2.67466145238575
7085,3647,8697.30623601865,8771.1212,3943.5,3518.32991013215,1319.365,17037.44,0.0573969023141454,1.98872888686861
7114,2977,26964.7675425198,27248.512724,17882.75637,6188.66461820156,11357.63539,43031.455726,-0.0491299896353448,2.17009579596154
7116,4846,8257.76022944368,8035.839955,9880.2,2725.69553758144,2507.87733,16261.33784,0.548865494159488,3.28882564827252
7154,4849,80015.2549994235,79942.42718,26820.37912,37954.7791254448,15697.84,170875.81292,0.344571540914663,2.24029162883569
7163,1304,15071.7940953298,15203.09,7862.5,5316.48646567898,5467.62468,24701.908,0.0848079246871987,1.77595194698176
7171,4872,21893.7337308888,18725.396685,7874.87715,11738.5860945209,6689.10143,56175.0004,0.916292155754987,3.06619278130335
7186,1713,20696.0059797957,21261.6565,11390.3328,5270.49295989306,8340.1102,31714.34128,-0.237801274318191,2.4622843960938
7228,4567,73608.7805877578,60002.4936,35949.40494,33081.2097101897,27288.14392,162587.8514,0.809014913085771,2.30227479302704
7257,2011,98421.4749222625,97499.74473,68390.49195,31521.4836777457,44240.87488,186186.231,0.528348465451776,2.4906049443254
7267,1956,54355.7216621953,55441.413475,19052.80812,14322.2750453783,12733.86672,86131.27121,-0.0393379424259872,2.57712599296122
7343,487,7839.89503098563,8584.10804,8598.05456,2398.91454819485,1412.95415,10945.65016,-1.45007655218131,4.05680034626966
7366,1665,16675.819363039,15388.197,12660.35456,3429.571495991,11467.4085,25248.48232,0.868373461358272,2.50826181567335
7435,2546,56208.6180245404,57418.34864,48279.152,7798.17160982421,29021.31936,73435.12084,-0.706925909828753,3.36297494930138
7471,4863,485193.354535319,525096.981739073,186873.65,176756.729310281,140947.075,1018514.26982992,-0.284634139456468,2.67186126374686
7647,3653,189377.683522712,178929.38243,23330.64832,68833.0944837742,23330.64832,345624.57706,0.180625633279739,2.46309964391123
7652,824,9141.42163714623,9641.22225,10492.79935,1716.39947298615,4816.556409,11893.18644,-0.461951663474342,1.98278052263997
7733,1396,3335.19268651863,3440.293485,2282.225,702.21285688003,1996.87224,5031.44092,-0.0143764780973416,1.92902707566402
7750,2850,6038.91006679299,3667.47658,548.74665,5998.11040374131,429.6654,25497.2988,1.90559354916078,5.46446438983258
7769,532,26.0626257518797,2.494,2.5,49.4517734041835,2.065,176.05,1.86908335927187,5.0533060705984
7824,1198,2417.39575935726,2652.522845,1112.2884,1090.04213657441,744.0676,4268.00895,-0.0792822883106311,1.5466356976132
7866,2672,2018.95072268563,1920.43309,946.22844,929.355029481289,515.71699,5715.9602,1.01712316089888,3.84532539305253
7875,3747,6857.0467475854,6647.412,4196.047,2206.6929846318,1258.488,20494.77633,0.64670200119243,5.67699314772438
7881,937,20570.2636708218,20107.3705,16749.02284,3471.85424749345,9460.99266,29940.55394,0.185467409183326,3.73616321544764
7906,4696,45402.9598444506,32306.701195,9950.79096,35303.9495479232,6580.87425,174104.74875,0.989887650559499,3.19442265539193
7908,4857,36028.610877726,31597.94436,325.05165,37162.2031953548,226.69675,110272.420794,0.620740804846931,1.87420310620643
7912,907,11371.4466653252,11191.71625,12166.08,2157.91278568571,5724.90555,17880.77196,0.508391757784191,3.47500490489208
7922,3702,8292.24920268098,8983.260995,2460.61878,3822.49272573783,1682.274,15674.22192,-0.14862443344235,1.87053563634571
7923,4872,23979.8417204182,22485.24805,7447.4471,12493.4466752829,5514.01506,62675.87845,0.725765272972028,2.99322065176906
7974,1900,5126.23693051,5343.39789,4145.80496,1081.57016638595,2156.04516,6950.31376,-0.561281091049126,2.5251876707947
7980,2002,11806.2783943423,11218.9601118963,11516.1447739426,8351.57688289518,35.1508275158836,52893.0264223659,1.46929337615511,7.02385298501457
7985,2299,36614.2119503871,34922.69684,15210.97272,15234.7584795347,13697.08782,64863.29571,0.0623769479083678,1.69632975410428
7991,1305,4048.25651247509,3299.92,1117.24,2390.31588350094,718.393,9720.42858,0.56811177215477,2.06615593891822
8007,496,98500.8106585484,100122.82763,119258.90144,19870.233432246,34410.74924,126750.85563,-0.483568246523543,2.55005829544684
8030,2558,12281.6062193901,13090.65678,3049.137,4861.26454333313,2812.70052,25254.1224,-0.287255068884823,2.46487846847116
8068,3584,48236.2724255578,53665.33348,9250.31124,23847.4894719544,8175.6642,94081.68954,-0.322154095860737,1.75632403578185
8099,981,14323.5496760347,14189.54472,12863.604,2595.17527653898,7455.7818,20420.89665,-0.247340271417217,2.47025325482199
8123,2793,1392.35518684927,1374.05436,842.094,342.649043110902,610.34605,2309.9171,0.192981982589624,2.53989863114406
8133,1581,3905.39577893738,3415.86546,2983.425,1265.52516161024,1898.42548,7407.12497,0.933419461903069,2.87668639884726
8151,2258,3253.08936230292,3264.002725,1009.69455,1401.38105744502,858.98498,6091.54468,-0.128692723118094,1.82026516462846
8210,1125,1929.98158406222,2129.40304,645.42177,624.696859796699,564.57618,3002.69474,-0.734269857016243,2.13352984386602
8214,1612,3584.68688284119,3721.2047,3161.82832,991.447187126692,677.07523,5442.7416,-0.493836087816741,2.61951502645559
8215,374,4623.39580235294,4143.8964,3557.80775,1518.44164870504,1626.35977,7850.94144,0.346161760944164,2.06306685164227
8240,1678,1198.23193564362,1228.16581,1531.54125,303.147749506064,268.5672,1680.1198,-0.675339490257537,3.01131446500776
8245,628,18309.855035621,17072.739165,11781.29205,4644.5620583976,10194.552,26256.5394,0.186920389216716,1.83351180197237
8247,4754,17374.1449976588,12966.04323,9500.34475,8341.0174438213,4677.35584,35220.37844,0.378274309218892,1.46715772504309
8253,1619,14082.3112522813,13277.50116,16356.37731,3516.15564787433,4934.42588,24242.23431,0.507309310220999,2.74313848796408
8264,735,14674.9430778503,14214.0296,14897.91053,1374.42621398046,10649.1132,18158.43834,0.384231287609616,2.46276613446707
8272,3406,14012.4039594502,12790.995785,6800.65416,6128.47662361152,3285.28,28524.3553,0.545085589745968,2.58497358304492
8290,340,2.55192982941176,2.590497,2.594058,0.0901472396317356,2.312448,2.747262,-0.539856024276468,3.05526467670672
8304,1504,3847.68228863032,3725.27221,3778.8905,740.501031988649,2216.62805,5991.36426,0.455524681478938,2.44769814125141
8357,388,805.10728121134,885.85237,918.24798,330.316013255095,145.03808,1338.40773,-0.474432507748076,2.16653995461963
8358,1996,8337.57089289078,8162.0529,4620.07825,2337.21863017367,4089.56625,14492.3253,0.331347399965913,2.40539974489119
8431,3331,3608.47655442534,3459.423,1356.59372,1254.78821791118,1260.58225,6566.02433,0.385775746009187,2.51201171983273
8455,1791,12061.0618458794,11497.7225,11404.17,3625.29441106288,5348.30072,20530.33136,0.506898773007826,2.50587103303504
8463,2610,7334.99806920306,4253.86752,2898.18518,4369.61007971806,1719.99138,16343.05036,0.259524957273642,1.38118085430649
8475,1875,722.815037749333,746.86284,160.55116,292.494384056014,141.26417,1737.10979,0.530367345063475,3.65918380830475
8479,2780,93596.6579406188,94490.09813,85082.75622,14122.46124173,60346.66928,128083.98814,-0.236618036384772,2.32829839984864
8530,3848,190695.262473761,194529.491345,139253.31754,40563.2916456399,78649.8482,296484.66855,-0.263841648600981,3.10582554612057
8539,1500,37922.3677217933,35434.3189,28131.83054,9330.03662241933,21739.50064,60116.11492,0.676821204599029,2.31239308745194
8543,487,73004.2831045277,42317.74112,34405.62944,50700.8569137837,33431.76606,184437.528,0.896807502200741,1.92143734631406
8544,3163,11043.4041168717,10757.21655,13726.03768,2682.50110966963,4631.59293,16999.28608,-0.264911131129084,2.49457167112186
8546,3028,32023.1091586748,31844.692455,31268.56509,8801.5234157796,13594.31976,52747.244,0.0839973372817635,2.15036117490683
8549,1071,71878.9184422708,71217.312,35905.346,37836.085362318,17509.9581,147735.57366,0.451816484157063,2.11338596639552
8606,263,9884.1966326616,10169.5172,10159.49808,830.480479759952,7794.95472,10767.8364,-1.2829204090578,3.20442153165955
8692,1127,1456.92335755989,1479.02976,1254.8066,266.615982016094,774.9495,2041.56672,-0.160650909129608,2.02861352037086
8694,1950,4026.53056084103,3913.4694,3167.9648,836.567338422962,2261.2668,5908.37248,0.329796264527076,2.00314722941801
8717,1602,10585.7443625094,9660.509725,7041.056,5137.59781694443,1855.80216,21191.0706,0.14693323238963,1.80022599613396
8762,4864,190117.974914699,194544.98968,202166.5052,53194.3807219898,73846.0992,359476.37619,0.273499853348675,3.3320033162022
8789,633,1956.80585824645,1922.8754,250.83036,921.528480394184,250.83036,3301.8638,-0.134553796334969,1.6629870135352
8810,3267,18295.3080193388,16484.47002,9558.8016,5748.53308574886,8148.81717,32011.81516,0.577880558760211,2.54667301896882
8818,764,2941.51735157068,2922.719805,3280.956,454.334346200358,2076.0237,3887.74644,-0.0129964944012991,1.81549303008042
8823,711,5386.01942864979,5990.41555,2415.34811,2051.23012888674,1355.28546,9397.1175,-0.159044020664486,1.67740253935121
8870,1529,1457.16862699564,1428.80167867815,500.587533739251,564.491171352143,500.587533739251,2970.48278529981,0.361854217321259,2.38510958226154
8902,903,2333.55755090808,2371.98951,1710.67551,375.243363457026,1186.51764,2977.56996,-0.618724068871244,2.79028940026194
8972,4676,26284.8428042371,20420.86763,17636.697,14020.1258908655,6915.6612,65532.39567,1.07908991921424,3.07818061836135
9063,1185,3791.35835053316,4027.13552,3631.09008,1302.38579255752,743.73018,5995.58865,-0.221119044189879,1.99605182867675
9135,4596,40308.5463993682,43156.849176,6576.083136,25589.1569497215,4501.503216,89624.08728,-0.143037490573494,1.62310759919482
9155,837,2298.75524706093,2348.5193,397.43858,1120.69424723914,171.8256,5036.39114,0.01873439998124,2.5310597894317
9203,2322,7302.03144560723,7224.0503,3936.0556,2828.35434677156,2239.6882,13921.49505,0.0675738568335233,1.88002034950097
9215,814,20274.8962126204,19506.0275484295,4744.65970218706,6503.67086067927,4744.65970218706,34758.186870229,-0.314932928757302,3.23178579747528
9299,4868,2847.00219426232,2774.38152,1147.4925,974.296250321724,1046.7516,5308.51022,0.277626452412672,2.42865860859779
9302,1537,1756.19776207547,1577.22048,828.14732,932.719112109603,488.33532,3915.83865,0.607453429542955,2.05858266247396
9359,3343,10704.4364755698,9235.75986,7899.29,4784.37520609732,3592.5,28079.016,1.48705724164722,5.1744443856053
9411,352,3900.59443403409,3994.01279,4017.57192,532.745582784637,3039.93846,10988.4265,6.45098166589136,90.0746396678966
9445,1654,4487.03093090085,4514.9355,3734.14962,406.13927805765,3195.56934,5445.1444,-0.222722367816819,2.85869448144942
9465,720,67616.2052003195,68858.069375,39416.34385,22153.5198279865,37367.51821,133618.34167,0.759187474695881,3.09678832818672
9466,568,1229.68008673239,1207.164275,1058.05665,140.830757813148,999.9298,1525.964,0.256791056090887,1.75616896072373
9555,4798,5182.72635262193,4331.80474,4144.3148,2207.36288837077,1103.79785,11403.6468,0.82564639666261,2.70534896548933
9611,2355,2437.48110876008,2396.528,2186.9203,891.137183577726,661.03425,4392.37381,0.21336958125385,2.37240868660513
9613,1330,3579.37396069925,3540.601025,4522.54472,445.145388180139,2710.5474,4670.62225,0.393007082810752,2.52062862380528
9667,4795,17160.6153996434,8837.88189,4241.4908,14739.5920524503,3189.5196,67903.49475,1.23541736605458,3.66333814371571
9774,1559,2977.67512008339,3074.57496,3001.97676,747.50759901222,804.0312,4691.02395,-0.618483719263958,3.35863900737144
9783,1168,10991.3234166524,13295.1324,13391.9595,4162.2933097275,2639.09753,15882.29787,-0.696865441004694,1.88145868258828
9815,2215,2819.13467249661,2759.47876,2078.534,535.059522521357,1691.4405,4489.13467,0.634481562461748,3.13404941784222
9818,4850,79041.0599694174,69913.1480726342,22594.30862,40357.0796686154,19449.79168,241454.96673,1.24699390074961,4.40552240410858
9846,292,16441.3536165753,17524.56684,18343.1593,2739.47012105777,7731.49503,19470.46536,-1.75923026662772,5.46532331605641
9850,676,26128.9334058876,26236.81983,24012.67328,1682.30284392788,20848.04582,30758.8995,-0.179369112954029,2.87356513080878
9882,3062,11241.0690781156,11243.25987,11329.88683,3877.29614903045,3708.13146,28975.58136,1.36297044605617,6.95477411643515
10002,1578,1208.1603070128,1290.2581,100.624,931.513669767103,67.41808,3339.40194,0.383949161327804,1.7657210565294
10016,1622,3678.90428122072,3780.78576,2511.5616,701.691754302873,1794.611,5329.71352,-0.327514379549993,2.79562171058451
10121,462,5694.57705751082,4616.00048,4103.51949,1850.21029050468,3047.01869,9258.64283,0.515705906344839,1.61992490076432
10156,836,5349.52067021531,4236.14084,2816.92425,2294.83438581174,2736.56976,10425.09632,0.712184357195887,1.93896873119901
10187,2066,20140.0360963262,19413.956075,19272.1385,6965.05253844613,2375.2505,32848.70064,-0.302501238057965,2.33695475201664
10190,2748,3809.46215825691,3444.72072,502.15975,2152.59940116808,369.67505,10435.667,0.869835989556978,3.39023908877254
10247,1911,19190.7534431606,19217.5392,17854.09566,2989.52030785999,11460.30955,26368.5981,-0.157794210374708,2.53418987828568
10277,2791,3282.72429059298,3465.16307,3744.5955,610.094125975476,1739.374,4628.20176,-0.64453458595622,2.38555580428052
10332,2444,3132.96278798691,2811.94345,1262.20435,1302.28637909392,815.54116,6258.24,0.318516836322776,1.93030276876462
10385,616,21941.711045674,21718.4924898172,4470.06166040203,6978.91759008577,4470.06166040203,38072.0881716078,-0.332685078979353,3.01085938607196
10405,1924,4212.25762968295,3211.318515,241.932,3263.83697161953,197.5582,12129.69482,0.753426060069157,2.4685853309876
10411,2084,3966.74525912188,3722.62099,3126.4226,1271.09400210276,1872.18548,7734.15388,1.01614462230286,3.44914261780362
10443,771,972.853046433204,1075.34774,96.7932,434.089460920293,59.3852,1720.1364,-0.744019951503422,2.66305268998965
10466,1483,3600.76972692009,3097.50272,1675.02338,1914.45735568554,941.5076,8823.05632,0.841735013802214,2.71874144760216
10507,865,22848.0611865318,24198.4512,14528.8495,6310.42404924474,8851.9137,31727.2576,-0.562678013650308,2.35033729900013
10519,4551,9441.18139451769,9979.89897,5185.05152,3501.91178830215,911.05875,18289.965,0.109628195844888,2.44083065113827
10540,1968,2018.15036692073,1929.386765,1817.8776,765.517273056169,714.73348,3770.49015,0.312396342625359,2.05480948988849
10567,936,755.550413456255,777.9664,21.394,292.815890329864,20.41625,1366.6126,-0.759420210132257,3.77985869146817
10581,1946,2829.28442340699,2702.25271,2212.72425,1087.95103033006,969.52264,6051.8822,1.23232124823846,4.2335048210394
10614,1586,5046.28433306431,5495.841,5426.9865,1145.70048715759,1441.7406,6804.04296,-0.852976530931756,2.77752455631965
10622,2919,81271.8992928133,99596.359806,12876.108,45576.7428613204,4139.59,166453.00656,-0.517401195919778,1.92978242832763
10639,1097,3637.55814559708,3509.108,2773.966,1117.63576229179,1672.375,5922.93674,0.309922616895403,2.17200887281126
10671,2582,21187.1524240229,19479.8849373548,6930.22167858487,9233.4665613779,6930.22167858487,41572.7778284256,0.38693162920136,1.88585938646756
10726,1703,11364.7734330696,12219.47496,7884.8248,3386.9805209041,3216.38106,17041.482,-0.791004703543337,2.95165172613408
10787,904,17543.5705555199,18640.27183,12184.6725,3996.52685066022,7401.3858,26351.79638,-0.659579065300762,2.5376712233855
10793,2900,4795.33789938965,4552.03738,3545.47125,1652.66666372092,1353.4796,11894.80275,1.27786350088416,5.70032836853438
10839,588,161.132245993367,159.958015,163.4634,34.1300795476766,89.79776,309.02116,1.7628534235394,7.81123053538692
10846,2162,116828.729624051,125607.40704,70886.69738,31962.3424208814,51089.10648,169232.03712,-0.21904561335529,1.63636461261891
10860,780,9749.47949619231,10027.013425,9588.975,1393.70254207849,4199.3952,11470.04443,-1.55939560754388,5.8598009832572
10867,3569,39968.0956475153,31776.49602,14926.0685,25758.7836852007,11118.45042,109634.79769,0.941985434033226,2.80494733709199
10884,448,676.972208102678,667.6177,549.06224,90.8034429885207,529.6625,893.62826,0.35179493017193,2.12427566337587
10894,846,2802.73652862955,3039.25126,4164.36384,784.947203601593,1126.38895,4315.7528,-0.313359522144242,2.16111570679774
10903,3172,53064.8023550883,55346.090995,27638.42275,22169.8746410746,19015.1808,117322.168,0.524158037166149,2.71929503162553
10920,3311,50033.3719394597,49189.336,32709.2493,12730.0973513726,22735.73225,81286.01875,0.193342890224017,2.49831670318288
10983,4586,72507.6750104131,70757.674805,57024.19494,25317.7185897563,21898.989,135706.41047,0.046144578184511,2.2024126105434
10984,1609,24731.7717399826,24602.1279,24735.99968,6552.35415513091,9726.1864,44702.56859,0.0800605334857808,2.31658342810814
11017,1755,1299.06350905928,1193.79654275323,947.34216,314.487726477202,796.914542595324,2169.480714,0.867946929235187,2.84719875235034
11032,2053,4872.58868777155,3498.12625,1811.63425,3000.85411179162,1409.8124,13427.84656,1.20515296933221,3.29992001287444
11060,4731,16020.4948473116,10513.2336,4646.666,10646.0207691318,3204.06251,40029.25602,0.471423756892863,1.71195000173848
11096,1513,5450.29005453074,6067.3831,2546.12856,2165.6513101694,1816.64413,8999.08855,-0.198024628379041,1.7220253081392
11217,1589,13407.9093655832,12590.21596,9920.499,5618.61812317082,4113.59928,35690.131,1.20805681265016,4.78805239872254
11220,2162,13381.4980384839,14011.340005,6863.0677,3514.80251901692,4592.59595,20774.8275,-0.457228956971959,2.24027279054546
11259,4199,221668.91803605,221126.10465,201357.28775,26368.8813938298,168106.6296,324528.83855,0.448404062417724,2.7300507357652
11264,296,35448.7264516216,35086.46394,35086.46394,5327.09736966082,25652.97208,49051.548,0.480576960544803,2.95951498964126
11340,729,3256.57584576132,3367.1172,2506.00755,868.551051831676,875.41276,4752.46112,-0.598624398865946,2.80744845679092
11446,3243,5278.42224369719,5222.1888,5210.114,1232.55547180126,1337.47362,9184.98556,-0.321854764133745,4.08286005678956
11456,4845,15651.3308832219,15333.62494,8829.3909,5306.03716366961,3258.8402,29039.05704,0.324380002535074,2.67304980288897
11465,4846,7603.94715064383,6580.187075,4813.959,3448.8895932208,1426.15389,16792.145,0.607055500864515,2.21801950460808
11506,4819,18422.4008429923,17937.44284,6237.13362,9542.19948895149,454.36336,45584.99204,0.3861846782828,2.77883891737695
11535,756,886.077177743519,937.6587,0,432.73413667636,0,1732.37814,-0.38418708707075,2.66467217889917
11550,1630,4984.05304398773,5034.977325,3935.89425,748.704400559669,2651.2398,7071.09953,-0.0512773982439704,3.08819919816832
11554,1305,3609.85303393103,3531.7113,3034.3228,746.072433442508,1765.58437,5309.43208,0.0848242951676982,2.23899569919798
11600,1648,1451.28121129854,1507.03718,1443.91769,319.310555942368,563.8204,2099.7027,-0.488589027173841,2.3240100122798
11636,707,9612.62490773692,10723.2696,10747.27692,3240.03840052688,3606.15762,15649.57295,-0.110460093664864,1.50581305989818
11672,3449,20875.9025591969,13668.4992,11065.1005,12765.2511871724,7725.55062,52239.9603,0.987190169484917,2.42690788382987
11729,1346,4816.1623226523,5412.7777,2763.696,1669.33997475993,1328.1,7559.6025,-0.503081082426238,1.82141775759528
11749,2887,6699.21929117783,6799.48059,2817.144,2927.18999098744,1421.42781,13228.88048,0.0179022089159707,1.91648033379953
11923,3674,26889.2948901034,24298.16664,10355.6195,11996.5240182589,9436.122,57016.97047,0.389985409939124,2.03903891622056
12124,4872,58834.5488182081,58780.08254,27550.41968,18728.4209375835,9784.5411,117597.87,0.080593369504068,2.52435018255765
12141,3818,445331.391360319,292450.76907,251098.29843,329632.769321017,134692.02945,1732311.44823,1.94956098910996,6.18549433595458
12142,3610,148539.037207575,158840.981565,170062.6125,37221.0051357185,63028.32525,219274.71794,-0.45473888310404,2.08573048833839
12338,1243,3745.90730195495,4624.676,397.76727,1862.47043766896,290.39451,6560.56245,-0.250037505017152,1.53051927408328
12368,3146,8503.91526246167,8050.4039905,10274.164545,2979.15984181742,3415.955211,19042.857497,1.20659853060094,4.76750913644646
12383,1619,16856.6957271285,18174.078432,18563.050056,6558.65281004278,4351.275732,33209.486898,-0.0250140349420059,2.4332035465989
12384,1802,412279.393034023,425117.836525,237342.8847,71495.6456625453,237342.8847,559221.52125,-0.179522191826354,2.22937754062949
12389,820,14496.8066934756,15159.15367,14090.8185,3173.82416916594,7822.90692,19564.617,-0.539734746465535,2.07483857262035
12395,914,3437.92523666302,3310.86314,3144.02935,606.810853874097,2296.0026,5460.0196,1.05603403722352,3.71840883369278
12459,754,3543.38794172414,3406.248225,4248.045,960.162570604317,1823.40936,5713.265,0.291853998181385,2.04981256851217
12589,1140,1859.4542346193,1824.299275,1949.2396,746.990528492096,40,5697.93792,1.68970128077941,10.8108865960818
12689,2569,2500.53738842335,1595.13484,556.90026,1853.86972162862,405.81635,8097.8424,1.1624235127641,3.36236694785317
12726,3371,7645.642744601,7849.85565,3796.33805,1862.75686930802,2106.83898,13146.95151,-0.114661993182711,3.51427275141193
12785,831,1422.35671257858,1616.64524,359.1716,736.300891537574,66.6504,2701.50804,-0.367851303201298,1.91104438454515
12884,423,4598.04443671395,4528.9521,4221.9045,652.885301456174,3028.41432,5906.6262,0.0135881460705666,2.22454446659353
12886,1290,65547.74614371,67491.85406,47411.39221,12707.4051246623,44338.97151,91928.23137,0.204825518830803,1.90457327647162
13125,1658,13947.7434353335,16440.75373,6909.60285,5899.06705017326,3991.9174,25123.98608,-0.124602107899896,1.41437030716261
13145,4794,46507.8135474514,37504.190231,31774.57415,24827.9790855621,4663.787788,131183.676,0.963559984002259,3.38314277531581
13312,443,240624.3493307,246263.26504,142670.84895,27678.790465608,142670.84895,295635.3495,-1.38347734405674,4.90693100670591
13380,1797,1906.7905039655,2013.82842,340.9728,740.231257174893,220.2116,3413.6039,-0.441074655305155,2.32418047205914
13421,573,4614.30354183037,4087.78146,6026.08265,1044.35419765875,3114.81555,6741.41902,0.473246844812544,1.63165787493988
13440,716,4369.05023595866,3500.378565,2377.67375,2467.26107200971,1195.423275,9806.8055799,0.766056189010068,2.25528788240101
13498,4872,34953.1057167501,33476.07133,15018.7264,12496.2785174557,5574.46973,62511.9843082314,0.0197899494699758,2.2072650560248
13510,334,4661.52704018563,5092.33265,782.50582,1651.8406189857,782.50582,6763.83701,-0.973109088223898,2.72281742466617
13561,4666,3520.81076815296,1952.1,742.07277,3083.23660001847,314.40024,9882.99441,0.773211562552944,1.83565960388798
13683,4872,161753.835062772,121603.745805,69903.744,119017.558752067,17690.41416,492195.17256,0.675792131323902,2.2776641808215
13709,175,4377.01432593829,3619.39032,3599.18832,1391.06925823738,2567.9283,7070.32235,0.573360882664756,1.65006882025789
13714,1077,14973.0626325967,15488.66012,2247.04135,7280.47525488689,2247.04135,25962.54343,-0.077577454124774,1.54920600366631
13971,1197,2094.47503888129,2271.74975437218,2473.78739118966,611.785083058331,543.757754800591,3120.16311738836,-0.864050476953412,2.78150924579744
13988,2239,18958.0149817162,18893.25225,20909.8062,4537.85303446173,8814.32432,29944.616,0.124629949883114,2.16707852115061
13994,1591,23204.3457020737,23648.2874160611,4861.62322598253,9555.21740755002,4861.62322598253,45712.4461600975,-0.119599085590097,2.23897370667397
14065,545,725.070609926682,732.580692922713,176.621456911601,203.926635777178,176.621456911601,1181.70934788693,-0.0228879719003169,2.80793748594816
14078,1643,5169.79169415691,4747.36586523737,1289.89041735508,1984.74650453891,1289.89041735508,9989.6589688997,0.287633422394301,2.08562962853429
14087,985,266323.48148303,248041.21608,134751.39183,70146.7156715184,133087.7944,458043.828249,0.658478051777886,2.89639256822932
14163,1084,759.804688173431,304.885075,31.33944,803.60186284877,23.4376,2466.78201,0.987485436776111,2.41894330022722
14313,3008,1098.98698314897,1131.6541202452,1132.40660478401,457.640368910363,59.2266944251677,2211.48329829479,-0.101647990959585,2.16904014310507
14316,2595,13738.8402489304,13450.0458312073,4374.72023099617,4930.65147920593,4374.72023099617,25541.6326283988,-0.164786895257556,2.01033232075162
14353,3114,7213.93849493139,7563.42378374839,1567.49890075377,3046.82085215424,1567.49890075377,12937.8958978873,-0.0631113395014503,1.6802290430761
14359,2974,10968.2056826417,7117.86817,3865.38425,8001.14849322499,1398.9536,33339.96429,1.07195273962357,2.91602741882364
14369,2510,2664.28137933466,2399.71927,1851.08716,821.480375825656,1646.67316,5706.69673,1.54050205075525,5.12879279053675
14370,366,5403.76318439891,5769.8993,4132.92351,1039.69804487285,3329.67264,6868.27998,-0.262810799141439,1.53272196956805
14372,1234,295.356625215223,224.866281914506,125.688428324698,216.955691692621,30.5428600550403,718.962680883473,0.489281256046631,1.7295534718468
14391,1478,4425.50314319183,4225.66812054031,4389.28723019958,1256.1955842061,2236.89109357384,7405.57938345051,0.63752379851556,2.68207212052288
14412,123,2048.66692056911,2051.1486,1774.98088,247.347405368818,1492.78037,2608.43184,0.0386868007371755,2.7553567685476
14418,2559,11316.379397193,11429.32077,5042.73384,4476.35833971415,3515.97876,21530.22814,0.112798738804472,1.90965050570141
14447,4835,94637.1710110044,89386.101036,5140.905,70493.1176711238,2790.777,366510.619541,1.10597980676912,3.96315481711946
14477,3804,17927.2208847029,17073.24933,13085.0454,3304.32320026135,10925.20026,30165.3898,1.16830448537696,4.46781602789467
14489,3555,38405.0248495517,26789.14806,24329.19663,27660.5674624854,7326.76158,105284.80352,0.939694344362024,2.52372442079137
14535,1141,3262.35454066608,5236.08835,87.75492,2804.01123295003,30.15864,6729.96591,-0.12684659718408,1.07141564288712
14538,4233,33820.1976629666,35826.59,19624.02863,14851.0545973985,6733.48984,69145.416,0.0427883956450854,2.06067996425749
14590,1219,31257.6675303138,33005.1816,30309.02952,8845.38585251248,6344.5704,49574.14112,-0.968702354223358,3.70398603174427
14605,3686,92793.2266826894,81356.82051,85795.72586,34574.6424111492,27348.73872,160674.3054,0.355074359734632,1.91179650797435
14611,971,2648.02007323399,2661.7713,2679.608,1328.95490591348,1010.20115,10445.9304,2.924750299812,14.9598040097766
14620,4797,13455.29718946,13767.334441,11142.541452,3276.15470129501,3735.538968,21890.291848,-0.28690153143673,3.23692928807822
14624,2194,5120.70560036007,4804.937285,1269.4114,3247.21230724028,162.15088,12791.63106,0.513758192260953,2.27470702447614
14790,846,764.821483309693,666.505885,401.6097,360.976823754082,205.26718,1762.575,0.788419654288096,2.76196753357054
14793,1193,4690.16309782062,4484.2824,4222.69926,1784.44617436671,1494.34698,10873.31808,0.88413065737077,4.09272322404945
14822,1664,4755.13033429087,4287.36365,3970.4756,1245.8157648138,2651.6112,7843.6776,0.570147942763657,2.12688691021705
14894,2489,1439161.92015211,1416111.70015,1804660.1275,300147.234369993,786257.13624,2342681.1024,0.139724862420443,2.75363932582845
14934,1800,28839.2064992444,27269.396,23704.70508,7571.98859009963,9313.26,55484.70632,1.22956659681866,4.90614237584682
14960,1460,7456.64910530137,7600.3335,8050.88,1158.45541934548,5005.53306,10079.652,-0.0820885810937129,2.0268822573911
15055,2115,28917.7182401134,31172.2508894663,4463.52298569934,11313.7730938571,4463.52298569934,58231.6807382682,-0.46592053540258,2.55764058174719
15070,2871,37284.9221206294,42578.218442623,6504.16314170352,17505.7366102622,6504.16314170352,74817.6047971999,-0.333063603187771,1.88640535085134
15142,2568,2372.56951735981,1509.85003,147.90964,1984.33525403185,147.90964,7068.0058,0.800463107779988,2.09757334329566
15172,1496,20340.7673693449,20797.694345,27056.3744,6653.55773496591,8747.23592,38140.26414,0.250212660919679,2.59758395233057
15247,2564,22836.6932774668,23137.36113,11502.40236,10185.2687382009,7250.0248,44482.15128,0.172856135015769,1.66584554073668
15261,349,957.263823151862,1063.85865,283.40567,351.615716825179,283.40567,1907.48475,-0.512991129588577,2.48158003391723
15319,2069,24799.4857696462,25681.379833,26394.833148,5987.76199970287,9907.900868,37677.182136,-0.380849509969582,2.47583164758541
15334,4853,10134.3177319106,9099.4459853,12003.86665,4904.90500801177,3417.996032,26065.988671,1.02123148900042,3.57488697882173
15362,1049,78953.2645689895,78515.17128,77430.30438,7644.75042913438,56815.97008,97287.11886,-0.0348719203891156,2.679179380794
15406,477,4853.18448371887,4620.67655,3322.5297,1153.86031023416,3204.51635,6859.263575,0.149080986631415,1.51804769652136
15508,4502,23138.2468707359,20841.3965295,18416.33435,10900.9348878307,2198.119616,59156.6976,0.499175176248486,2.62688325374974
15509,3897,856430.748041632,891925.3665,873265.0994,163492.334073456,286090.94335,1150898.05856,-0.949847904483241,3.50956885171133
15521,3187,13013.3122717701,13507.11995,7242.1328,3690.07470513025,5596.28504,19908.5116,-0.0784899598538118,1.63701246634675
15545,2718,42320.651680579,41845.165715,34465.46549,10753.3988007933,19018.418068,69177.6396,0.193924871368537,2.14710827252798
15580,321,26372.182969051,30521.9018750607,11544.2006633632,8008.67798082851,11544.2006633632,34155.2275175771,-0.820510996234216,1.8078050979316
15581,2323,21230.880263156,21540.2922596654,8004.99409955433,7039.60359334906,8004.99409955433,38484.3012763656,0.0791726435216562,1.99195156234874
15582,2685,42927.4212519139,42998.6135753311,12140.2419590643,19398.7464218225,12140.2419590643,83540.6451810018,0.19969375175242,1.98845714909507
15598,4814,17937.774226451,15419.76058,17076.5856,8245.28970562721,3923.8221,45850.75488,0.944059408339952,3.13378435479897
15613,1512,19160.729935787,18271.592815,22897.15237,4070.83429225025,10655.36715,27904.7099,-0.0292086773007464,1.90723629948421
15617,1777,60592.2550833808,62084.9152,42759.11876,25864.5566059445,6710.53844,104992.4372,-0.0327829909118709,1.8276616622436
15620,509,8626.12867414555,8928.11774401236,6738.65028691506,936.459071878984,6738.65028691506,10223.8062319246,-0.513290514559691,1.97761274544214
15633,1145,43302.4743183831,38566.7916148818,27057.4600880815,15914.8752272559,20579.2516959799,76819.4197705022,0.505910316304059,1.79635319962634
15634,1861,233432.238302246,23138.8792,1970.12,312810.073201606,1914.48,985234.30587,0.882637831903198,2.08684674996538
15659,3955,24307.9088758406,25504.318032,115.0182,10586.4020504771,111.5642,40756.84,-1.2020365809084,3.75668625761911
15668,4668,43154.4546663694,9538.074675,3244.7415,46114.0315379532,896.34924,132468.32858,0.458688206845475,1.30780583139835
15679,1512,55821.2523569372,56477.556392,42866.77876,8905.43900469467,38291.49351,76099.928418,0.0124059275071672,1.91683737522419
15704,1002,24280.7435642366,24146.3377663738,16847.2458024607,2290.62267540985,16847.2458024607,30246.752668702,0.0859687978838619,2.31701302345889
15706,797,27123.8511148747,18184.9305047024,10159.3158010287,15307.3078319595,10159.3158010287,56148.4268250931,0.684782437521858,1.67143580871252
15708,2207,13544.1337278024,12454.56032,10753.8255,4043.20623301638,6404.98165,28166.6727,0.149196433278439,1.75159323821103
15724,3453,79773.3384571269,82637.308,71006.832,19653.9427264436,12078.7329,123460.188,-0.162794938161196,2.33904549871947
15743,1512,159431.321769916,155105.0107365,114887.769985,32979.6365615102,93713.313965,238879.353184,0.107972445271784,2.04241486391308
15782,864,53366.3931872927,51568.41865,28098.238,14448.4092167524,21797.77986,81252.75348,0.00364688071803453,1.80827756338134
15889,299,48486.6017500602,50464.292949,50786.218975,7971.86090610157,28627.22303,61432.744464,-1.00486076058493,3.31834384555539
15929,1190,200752.862478577,199352.445715,265553.93065,41053.4125059065,42885.09172,273124.53196,-0.967580606042028,5.27706349298143
16428,1605,5611.08836847603,4745.30156833458,2524.43650920737,1932.80948056645,2524.43650920737,11175.5051487414,0.731804929987192,2.49178746071895
16477,1652,2356.06349001211,2400.58455,77.163,1173.4154317735,17.82983,4661.1096,-0.268614931278701,2.48668328734545
16478,419,16681.899940716,16999.21504,15903.30132,3057.50427618808,8804.19375,22921.44138,-0.409531995974012,2.81003417416341
16560,1733,19101.075821781,20298.18928,13274.66624,6392.49732099726,3299.27682,35518.90914,-0.443906802060086,2.79222425876194
16590,1356,18060.7530458717,18685.46381,14762.690254,2281.70132638604,11516.477752,22292.36659,-0.479901355005312,2.13675400703025
16603,1635,67283.4859381708,35925.9824,26032.769984,56539.984391554,21791.411616,187746.875,1.0283770746342,2.25771789114772
17420,1868,13375.1270177818,13750.0953325,3859.68165,5340.12642297365,3859.68165,24496.194338,-0.00500900091260634,1.6582464555877
17436,2570,138073.413756704,144536.447835,69398.436282,39454.0807687675,48614.032626755,217944.963431,-0.33033953904575,2.12292467041293
17452,2835,9093.87877528678,9002.981676,8146.289892,1256.98657277472,4868.787752,12410.194888,0.0472864622925987,3.32506415579789
17828,2707,83278.3867802085,77017.56563,70036.56,35658.5739383697,20014.17678,193084.18176,0.906129399474313,3.31246982363273
18466,885,10598.2370945085,10277.729712,11099.20968,2115.18017464224,6078.797928,14801.253768,0.115911328294764,1.79260272720469
18467,4832,55988.2567565448,60776.6615985,66213.665766,24383.4627646355,2436.620542,165946.108713,-0.350764467207865,4.50101701806323
18636,1019,180569.209548155,176227.8606,115354.3248,33319.6225136566,102830.41736,261658.56612,-0.111349459062303,2.11028106578037
18729,3285,15430.2208139251,14223.187076,11573.245,3634.45435040402,8844.819872,27223.49,0.974420702112058,3.09129346607294
19113,4857,78427.7617616007,82987.69833,95387.0865,19682.0326391678,24543.457725,124319.6625,-0.850309259447751,3.1216833714768
19151,575,516833.829503405,519052.35764,426836.6576,39282.2332186695,426836.6576,604040.05271,-0.255886263772655,2.50333731783927
19349,4837,78196.3246174844,77613.5035,58215.8672,25045.6390132827,27377.43145,148188.57527,0.262071386648175,2.21738053454955
19398,1370,331.027815898467,346.94744,211.398,96.5503032221308,113.89847,555.01056,-0.0888574626086263,2.0202844244231
19439,977,50.50388426305,49.2525,44.775,10.762172024464,18.183924,72.48552,-0.448552035314609,4.51064543846283
19565,4536,136332.691611906,81433.674165,67149.9659,101847.778135189,31190.8215,553817.92028,1.52718552583733,4.7477903103653
19625,1005,222738.578663102,174004.165668,172499.8389,95026.3173379919,135212.56676,487289.350121,1.24695716649941,3.02735602911842
19661,4467,341545.163422085,360855.30012,245049.14679,83619.1860849061,151475.47412,497349.28669,-0.251632420185747,1.87485279792052
19824,3921,9392.53549557001,9260.755,5510.6664,4355.75060196571,2299.53096,19512.0342,0.254448194289909,1.96867235914257
20067,3728,7631.24031596649,7760.08638,7667.60994,2634.71745648027,1724.91528,13090.311,-0.0809802726409218,2.2405605001787
20779,3553,146365.435723125,142056.77583,111065.01842,38451.4413928263,75517.54005,250695.4946,0.519877231518393,2.60687259041731
21487,1032,1626.06043697684,1126.319325,235.161,1239.71155958571,212.47975,4973.29016,0.905070831644879,2.7686451016758
22260,2588,20539.865097473,20046.51144,15699.104,5834.07217607642,8827.18254,39281.77401,0.651626345367751,3.70036580661985
23220,317,2877.41450990536,2697.35175,2411.456,529.306086429333,2043.39633,3918.97515,0.445427150376381,1.89976395092425
23667,852,56657.5317842937,56807.37920025,50369.758276,4852.09617289784,44766.48575,68686.340725,-0.226488424844364,2.84097016104458
23671,4871,53995.0616730061,36943.60809,9886.68384,34889.0295930494,6328.97564,203593.488,1.03111102250776,3.58061216244438
23714,754,2858.19308107427,3072.66058,3513.07803,708.9859842621,1058.58045,3963.1376,-0.999746826295349,2.93259944061953
23809,3151,10052.4242807236,8037.226,6422.565,4129.14999360251,4310.34114,22280.01459,1.19328414410758,3.21824763023458
23877,1083,6613.00119357341,8055.39525,2772.72844,2783.53043372023,1189.31788,9949.29536,-0.58528630127844,1.69854821289469
23978,4493,5005.31156297755,4004.96384,1136.54898,3496.78657418246,834.2103,22596.37944,1.90086064802633,7.53884723429556
23988,722,1109.84412987535,1047.85353,889.5825,286.369611836583,614.84651,1802.03625,0.313608860566638,1.77985620204873
24032,812,1036.92630296798,1032.06987,1181.93617,177.916164102528,718.19664,1752.59284,0.41146754607327,3.1522738790258
24216,1886,9876.53075889714,9937.44613,14623.26545,3310.16959955927,1313.38482,20734.96275,-0.0753968390384852,3.02234565316858
24287,1970,5960.28318563411,7603.6542,188.55365,3468.80718857263,188.55365,10153.38224,-0.662295709550595,1.74814480720327
24318,332,7330.74084253012,7446.94292,5811.20958,802.85788547574,5468.67288,8741.7009,-0.519319783524152,2.2632817588687
24370,1793,9259.91060730991,10001.3763556926,1200.08526011561,4541.70207785293,1200.08526011561,19704.7065830134,-0.178970478843374,2.00407057970446
24625,4225,125463.000034924,126010.62573,118209.39732,34808.1102921748,48378.2464,215892.15588,-0.228997215213254,2.77160906479542
24678,1251,658.972429848121,699.1914,726.988,185.47507847789,205.46612,975.72987,-0.457068842441921,2.18889904227783
24731,2336,7611.16074163138,7753.083,3267.59375,2500.59792899749,2093.49884,13465.38599,-0.113914891420112,2.1186034899277
25021,337,881.691278694362,796.68992,440.5144,423.36373166536,402.68762,1837.70769,1.08260059642534,2.90137722098309
25056,788,75288.3327901515,77025.436335,65576.181,7901.08503842879,51749.37934,91210.27608,-0.789681351660273,3.08429221786523
25119,2016,4549.27618023313,4799.5744,3307.0455,1173.32858774867,1171.05973,7040.53476,-0.398261906777606,2.3351656083835
25124,2743,19131.6717613489,18309.52989,13647.27,8131.89555167105,6024.9571,34788.30783,0.185758307534817,1.78176422881359
25157,2202,20569.3701840327,24478.06313,4537.96353,11981.3526668501,1559.49891,40971.4083,-0.135888851606452,1.49699378560767
25180,1080,3003.2171380463,2467.95684,1479.8058,1431.66125375696,1225.25,6482.3863,0.861008663237283,2.47599539362136
25279,3763,17963.1479589184,17443.3435,9264.73964,7564.2498788775,6008.45797,38165.13558,0.412546523654336,2.22110369647041
25283,2786,16296.4926310889,16209.70613,8859.56313,3872.07522754576,7607.83386,26132.00825,0.313586267444348,2.37200291044932
25340,1622,6297.79004157213,6286.641945,4056.88888,2851.11896932509,1374.08306,13149.73181,0.426018311705354,2.087129757304
25356,1105,16164.7050935898,14815.37033,9043.12849,5329.18403469219,8081.52579,29286.56752,0.849692471094665,2.81311348360317
25389,1345,835.409959048327,824.76603,703.39446,290.872793464164,198.66218,1642.24833,0.178840213325488,2.58163710900289
25495,897,2502.13821140468,2075.47728,2696.24328,1075.16917952452,1016.99622,4830.2224,0.612939463538266,2.02373893086486
25627,2854,10853.7548157169,8400.4267,7186.8054,6289.88403628719,3637.424,26831.9748,1.07831948077998,2.91197716435044
25648,4751,77543.3554949171,66126.023355,11280,39529.131245188,112,187351.8902016,1.19447006248978,4.24808161541511
25714,1512,17762.6186482407,17917.647,18185.57,2773.57705748355,8379.84384,23875.97,-0.595419157622716,3.34216988008926
25751,1348,709.066842767062,727.86928,455.23336,136.3913188036,431.85952,993.64052,-0.373271570340627,1.97600061176734
25895,1987,2552.5068459235,2118.4152,261.21928,1981.22013072421,61.93033,5359.84137,-0.00722944155761325,1.13665661350086
26061,611,8226.54977502772,8285.37641,9245.85856,1473.57463619045,4856.99291,11232.89994,-0.290371097922986,2.61644834237877
27780,1826,4037.2227941869,4157.01309,577.3392,1987.19794175346,184.92188,8606.78626,0.0227953022640038,2.41269918782697
27786,2229,13989.6806058064,14780.83286,4596.60136,7111.33986866174,47.5256655,38552.3685,0.0199313984041529,3.22382329320508
27914,3304,9421.88059003631,8514.205895,2176.1913,5796.45708734842,1434.40472,32190.93252,0.980884107621532,4.14256738175892
28139,698,2367.47216868825,1896.93511,178.9081,1753.13036991193,102.2332,7920.21513,0.870702313195963,2.96639276275538
28169,2651,5967.49254683664,4170.06909808633,1207.73922048578,4598.97079589274,1027.21620525816,17723.7642428417,0.624033753245202,1.94146890258082
28191,4861,10979.74810705,8647.10869,5793.61056,7102.07590899668,1175.218,28796.36324,0.912839175381379,2.62344100368883
28194,574,611.123408031359,649.96923,646.0902,165.575896165492,123.75704,875.84896,-1.44020000306781,4.56930999732515
28195,2698,4134.53642118884,4067.80731,4914.4672,1410.88076149871,675.7344,8895.65745,0.434599859368006,4.07076529448964
28216,571,2529.0110574606,2749.33629,1332.36135,992.87877816684,1184.9193,3987.31498,-0.089320145250358,1.23588674106591
28272,2989,69469.846010164,67208.21562,49582.04675,11148.6790895991,43776.7848,141568.28625,0.721200291194289,3.4959904892954
28298,793,127.760648466447,102.188647997591,14.1854147948488,74.6979725086042,14.1854147948488,360.604732900649,0.706225679385138,2.52912062306872
28322,1530,1524.03630460784,1559.84027,1254.19228,299.89052628049,757.7901,2104.86032,-0.3314825327889,2.17650635071448
28349,3520,25623.8388217358,26179.51965,15756.38823,7867.9818988117,7568.91304,41651.77318,-0.029457115592915,2.02195660720539
28520,1439,8656.93384987817,7369.71114,5989.36503,4628.49559406701,1010.68077,21460.69226,0.993934892786389,3.11576825730627
28629,384,3336.82233859375,3590.50816,1801.6934,934.108262478088,1765.348,4558.72725,-0.555077732771208,1.81885117607698
28733,3031,12185.3526936261,11004.84385,7574.7798,4938.00061034875,4563.42274,26173.47949,0.775306044112422,2.5903830181943
28742,3866,5685.53153146081,4507.32173,2447.92744,3809.0969506405,960.19786,15404.55036,0.760081063059208,2.52773408917647
28838,2256,51597.94354377,49922.00504,41834.60907,16946.115344651,21377.42936,96052.045253,0.450482428691173,2.62768751090069
28883,2173,4707.8514035665,4393.7605,2874.60276,1798.62497274886,1567.30854,8017.1082,0.0772529664676525,1.60110054466374
28919,340,2906.57967881,2957.80643015,2957.80875,288.998848215247,1861.91346,3360.07074,-1.14559404971588,4.51682366314685
28930,4871,18590.0149439902,13851.33743,8866.12578,11907.9558473657,4360.28398,53954.34219,1.3776645310821,3.6343571229546
29011,3423,2102.7939049518,1683.03356,577.54863,1337.10085832474,265.19828,5046.085,0.453284254746508,1.81904217769411
29028,1976,26909.2254017818,25082.655155,19194.9618,7167.43178880993,12876.43475,46534.60344,1.04575466219172,3.27200542533395
29039,2648,606811.537815743,615474.4791,772229.31929,145861.542873133,210273.50904,924416.91559,-0.400330375498336,2.68102994784503
29099,1481,3930.76989235268,3875.36015,2617.45464,995.95296597482,1653.82474,6532.28022,0.269118550377361,2.31596957378915
29173,1568,5565.1900231824,5703.3375,4134.96688,1451.51122669091,2065.6669,9104.90676,-0.24614455934471,2.6562118951367
29353,1643,2470.44909900791,2396.59046,648.03575,1287.47476828117,589.35492,6214.6032,0.69273269182437,2.93778174713112
29389,4809,32214.8317272624,26610.70124,4715.05664,18930.1996767598,4252.6764,72617.0996203,0.143477960154839,1.56749431533016
29392,3546,6000.83431799774,4772.48939,3007.095,3249.86059061898,1305.846,13633.6398,0.891582996805154,2.45268889060846
29511,3303,2407.42130456176,2499.9923,1482.50068,916.637635948159,498.8999,5323.6176,0.369966646175772,3.31257668502913
29710,2415,3590.70880778054,3229.89179,2252.48997,1508.60954763895,806.7082,6594.805,0.220033250905667,1.71188386037417
29733,1718,3772.87228778813,3754.33521,2014.65411,1181.37928255526,1648.45271,7193.31494,0.394808255851315,2.78998226648578
29755,2162,880.692986864662,470.10281,39.64654,843.544646451464,9.8135,3376.43683,1.05940918492285,2.7954352813023
29804,391,8230.14123820972,8861.9289,4427.132,2467.25724833382,3598.75518,13620.864,-0.127079998586534,1.85608916827905
29830,1705,1012.34188814663,999.49544,577.3842,500.12097285247,352.59227,2163.3392,0.535005870263957,2.03599486290938
29850,1196,91297.8828224582,84687.91853,99659.9305,44872.7845610545,28625.46666,215954.43064,0.637031158017661,2.41231839724572
29875,2863,9500.63925336186,7928.4816,3359.0575,5579.48567776443,2418.60801,23885.204,0.834996906523137,2.67357542968011
29968,1481,2271.17867091749,1614.62421,657.6592,1779.30629255936,432.64192,8164.55468,1.54266565572116,4.60435981475057
29984,1047,18406.5411572541,19007.2456,19111.87264,2768.49851311134,10838.20143,23564.48157,-0.60616630118093,2.50950805308714
30024,340,9778.61270936867,9710.42821506414,7603.1901742831,1062.81343612038,7603.1901742831,12848.1354072934,0.522624932803869,3.27187146108828
30098,3918,2877.37502869576,2031.520315,313.1165,2803.52248200043,227.73354,16161.03625,1.94434600894754,7.86570109589128
30170,1002,6924.70033451597,6992.50125,5422.7472,1778.506875721,2963.47296,10363.33592,0.00818830134048203,1.72357163364645
30298,1411,1765.00153516655,1719.93249,1234.0263,352.813245948526,991.00953,2639.10645,0.153993504843011,1.96722854169918
30354,1558,3466.3131377086,3515.56576,1963.16,669.306631057378,1269.18294,4901.17374,-0.63959337758396,3.31975916660698
30384,1773,1315.09881996898,1479.24758,1700.256,660.205737475632,144.79443,2468.42536,-0.19611217810673,1.76547234327529
30452,3824,30380.1512426395,32064.021395,13476.7293,9882.2817566917,3382.26812,51569.1996,-0.475653959788577,2.57928575035401
30495,383,1077.26028308094,1303.7472,88.781,533.741174897123,46.23048,1753.1028,-0.946825742228775,2.53805055863945
30501,1512,15820.9205428571,15191.82816,13371.64272,4016.06107212966,8790.18112,26717.3568,0.587875111374197,2.5675682530537
30538,942,156993.457995186,160430.4286775,154192.994,42384.5752811226,76366.540805,238178.9652,-0.173437887745848,2.18842086812459
30580,2795,38338.0637591234,39009.05225,32978.9691,8917.47138495392,16672.44924,59916.129,-0.261462675430642,2.64483516039499
30637,2359,2344.49840265367,2394.00046,1704.05334,534.624684462483,938.77575,3738.36528,-0.00522384581343232,2.36953444041785
30806,2092,6587.74139516731,6414.5673,6093.285,1943.05130960988,3125.8058,12158.87325,0.489543635128476,2.69805113280144
30807,3570,4356.06441561568,4197.649872,2912.4704,1486.96150720047,1640.53695,8276.9348,0.485505031567984,2.47007124884265
30821,2009,159444.652062726,158670.8436,136826.45812,35200.6870214528,59338.55928,281532.12054,0.117535459933084,4.17078692807423
30874,3162,10455.9965100569,9921.55362,6971.72904,2897.77529733735,4426.8192,18174.00084,0.354262564250766,2.17119321746456
30923,903,10453.8668188372,11165.72996,10279.31814,3970.17735721174,2241.70947,16231.7292,-0.749086536751334,2.3527385263583
30990,1743,17855.2184227969,17229.00988,25757.946,7371.20103610402,5558.3136,36448.89992,0.423791463205086,2.32402268664958
31137,895,98307.4534269911,96428.258615,83618.143931,16734.6739518719,64368.591565,140484.945308,0.331452511780512,2.30769901608225
31142,4837,13927.7203953144,13877.81024,7548.5424,7167.34547508061,3450.06353,38234.4144,0.693453084055961,2.75646515831581
31673,1789,7610.54369044159,7527.66105,6666.3,1538.99769171286,4286.88,11805.06567,0.150405965734058,2.14931055990637
31846,3041,5470.23739078264,5729.87592,3181.1724,1475.90912418868,1878.3365,9488.77479,0.143417565089687,2.49466020824034
60800,447,511.371948941834,565.83603,52.08,216.874874609252,42.20307,872.655,-0.784730636083844,2.69754335273596
60894,1064,7921.28180153196,8159.508715,5551.702,2181.93561751382,3661.54356,12408.34728,-0.033754829764613,1.77629206403768
60900,407,4464.7183936855,4225.85344,2397.06678,1691.54436988885,1746.16614,7517.80554,0.0905762599334139,1.53795642977446
61067,2261,19087.9376854489,19056.9423,18026.10414,3337.04607884022,10869.01288,27139.20012,-0.103793166298477,2.6994845020801
63120,3662,113843.682350899,116951.7849965,82698.833682,30231.126804272,30397.2562,196120.642228361,0.182589488961566,2.86921196167141
63477,4856,97689.5558810771,99916.815359,13590.896,33162.2065422456,12247.542,186847.430525,-0.262749472432246,3.00601179134471
63501,573,2855.4899847637,1841.74656,642.41622,2743.75370685217,338.5940274,11497.264,1.77531644951249,5.12316298712996
63546,3054,16391.3029405344,14838.790329,0,9418.4521991444,0,36966.531333,0.579533362171878,1.9227735061426
63605,1800,3170.87240562756,1993.50864,119.57022,2529.03665512448,94.029,13066.025,1.16331880194052,3.58677190824415
63892,1394,16100.3832777303,14645.33646,7742.52,6573.01895735242,6697.66038,38009.1797,1.05272503667505,3.60898269753278
63914,669,5662.14168183857,5025.124,2390.346,3463.81758899937,2149.89281,14721.856,0.79889515377316,2.43209129789023
64030,1334,3236.71891901162,3078.88822,3053.64387,1461.37722865201,950.24916,7682.19697,0.801268073529812,3.19718426410154
64166,1759,9347.30244903184,9288.8,9063.20988,808.544422281246,7284.32172,11476.80507,-0.0281584840854008,2.88465172600214
64690,326,4468.66961361963,4561.51554,4527.19322,457.064772381829,3155.21136,5295.72564,-0.835132429480916,3.12629995314779
64891,1909,3161.37789829754,3279.67976,1388.352,1373.31468334713,738.49176,6207.2571,0.0605549546092166,2.04086175094618
64910,3943,133404.643509329,128117.778444,111890.0628,36259.6369753382,60260.104629,260491.76712,1.00327198894526,3.93349406352202
64925,1157,9882.11885710459,10567.56186,6598.84624,2690.48946060695,3818.66634,15363.648,-0.280379177107828,2.04337476405483
65248,1348,17102.1196343694,5904.288,131.37375,28318.6268118075,108.0545,113002.46496,1.8410372092505,5.11210627796522
65350,1552,353.92392685625,73.122,41.784,437.862976145941,0,1587.792,1.23880218080864,3.27781437141864
65399,2367,1238.987111673,1289.50522,424.71,515.763590317748,380.3085,2633.63305,0.11193268347326,2.01816445532641
65417,3456,19459.9686188976,16466.28002,13577.35185,9283.6959789639,5611.95016,41026.20688,0.450965012620334,1.88031841347405
65459,249,367.775775100402,345.18022,280.9636,116.927844009769,210.98776,639.65806,0.873707994625361,2.77698932014964
65590,1102,211.200152504537,202.771485,151.37846,90.4948684865633,37.24868,470.17208,0.368507706252612,2.95728354325139
65662,3553,1052119.09570858,1026582.58028,985473.4322,213943.990268628,487108.0606,2074123.72018,0.998663223913324,5.69094487588045
66016,1359,2362.63119653422,2268.99,1684.1664,561.666146379566,1341.6548,3771.99375,0.480318403869004,2.32811651382282
66065,888,1834.60343405405,1870.956505,1549.0757,727.666485228786,181.80606,2963.18347,-0.585784743223989,2.59685806680888
66290,861,985.114234134727,997.67381,532.39065,445.021566997862,298.44896,1686.42054,-0.113655571659545,1.49832671225023
100075,1131,20187.0580620855,20358.31917,15062.3412,4048.0948454854,13113.48565,30572.41989,0.456046205760926,2.53794032930446
100080,4815,51840.4393384804,44620.460184,15921.4556,33192.7942901624,8209.04408,128568.086404,0.65095880821035,2.18137287487841
100103,4556,8130.69298350066,7385.853033,9363.458286,2832.49850393146,2898.6336,17508.72278,0.812933853971733,3.14006301546642
100135,271,22218.8230657491,22287.331794,21720.015356,3988.7936483491,15314.263357,31486.133576,0.376244362321004,2.72124423525784
100165,1339,26368.5536514482,22434.77049,19370.585,9891.44562079794,7975.99285,50138.4898,0.589539669637933,2.39344650778962
100245,1412,4612.66051932146,4191.904835,2374.8473,2375.95988229976,1777.13523,11455.1458,1.16676216956323,3.43095299363072
100424,1898,21371.5231259115,17361.52066,11127.952,11052.588154866,9491.5135,46020.897,0.726895421450489,2.02475646864113
100572,4872,10951.16561704,10007.8739,9711.218,3347.42538166085,3927.5541,20737.418,0.369109364923741,2.15264789122861
100581,2106,11635.8685395071,11314.944179,14533.033797,2230.6286449814,1017.447323,17946.561984,0.379038554903985,2.48592535352454
100590,1965,26751.1610228407,25242.203332,22442.405404,7026.78702226397,12738.366,41694.837,0.128377701265859,2.02014558675031
100609,3837,12181.5700661577,10196.77225,8699.060964,7182.37819995402,1158.634758,44067.721992,1.070544387398,4.96860662791328
100699,4248,9869.40443039572,9509.25805,1457.757746,6716.61289352157,1127.126789,22769.35,0.198816876206162,1.50560313332603
100737,1342,64284.6584261388,47314.3074149479,16059.6107630753,43416.2919505806,16059.6107630753,403751.886336,1.1545429062128,5.76364809637088
100760,2542,19739.1934161444,20251.548935,8411.655105,4966.286218454,7106.11335,31336.160838,-0.28180661092271,2.81893035708602
100781,572,6646.65737970804,6540.58961,6440.11845,1049.33456844429,4036.88514,9362.39997,0.0480144575991971,2.73812181180646
100953,3320,32974.9873074063,28987.391185,6593.43174,18238.7589037211,5939.38542,82320.695745,0.484049303605166,2.36770034306431
101020,4789,7202.92918690367,7315.362463,8767.18404,2253.20227890127,2170.90837,13084.40223,0.0502292862149384,2.1248796062892
101202,1824,6490.30023791995,6610.4952585,4120.144872,1186.89337117899,3677.801112,8858.933714,-0.285109030781813,2.32716118267986
101204,1462,59001.6419851231,57919.29068,44754.45345,8087.47258586086,42473.6235,75817.64329,0.0555696159660775,1.83430442227233
101292,2044,6121.34175512446,6162.223275,6172.8388,1667.05041817327,2348.754,9814.4956,-0.119671646053474,2.2585467662896
101310,2681,170208.47412335,152269.97579,132144.9123,47809.0729609163,89777.43708,285503.3615,0.689324622492465,2.38173858502181
101352,1691,7404.756585666,7325.07276,2559.2204,3081.49649723297,2177.1985912,15162.24444,0.153591078037218,2.02580734479869
101361,4837,8846.33027549907,6971.022252,5746.609395,4892.67073195993,1384.23195,24607.726776,1.21543921140093,3.6732353108356
101475,475,8617.275196472,10297.5117,5026.70544,3932.61539084821,2414.361198,14543.79396,-0.21521320758141,1.41442624325529
101718,4854,10353.3408157146,9700.7169065,7801.4766,3714.0488973238,3003.34672,28422.509472,1.01142743281561,4.4029609182019
102089,1238,6627.0726705567,5377.46419,4500.3226,2645.15423088536,3212.2242,12820.67612,0.744861333424606,2.17854654197995
102345,4330,3687.322084773,3045.5825,1764.45045,2489.09672878111,721.6704,10065.030265,0.447854250498518,1.84150859469982
102422,3736,2458.76871140557,2376.66181,1516.0488,891.554067161583,565.940413,4692.98336,0.166552435361489,2.22814410004939
102523,4331,3185.13685205218,2099.0696,1359.83727,2228.03428742898,406.84842,9544.101968,1.03322589716644,2.92643882226493
102704,1280,14639.2591384019,11230.679925,10172.5765,5763.22795898784,8613.74241,28003.158848,0.948902856412603,2.31567668667541
103124,2774,91545.5448583469,65853.34483,44197.2,79282.4273661388,12404.9382,349176.40534,1.61421335622692,4.74716344677368
103342,572,22631.6320908444,22477.9855905,20699.781831,1619.8864213251,18916.12856,26700.172402,0.24731287957653,2.31909403246262
103487,925,56772.9796155243,58911.222,54411.6552,11102.3571156086,15720.10398,74587.9544,-1.6355437030985,6.64233372347295
104598,4801,5840.64737079254,5430.87823,4264.31617,2777.62720621795,1287.5528,17079.06143,0.820017423474978,3.58219300545974
104833,487,9983.01547054004,10461.9462,7170.29415,2158.35144908995,6111.94815,13729.031505,-0.192126830685776,1.69723533966367
105089,3517,116105.630742425,103412.0893,60247.0908,58435.7683150535,24674.0598,319890.54266,1.18579761109002,3.90312381648247
105222,774,5077.21709870522,6037.46205186871,650.008773322747,2268.01123950819,650.008773322747,8066.88192419825,-0.931531918731759,2.3460865974139
105365,1354,11853.6916000103,12910.562375,3363.99584,4962.74391306886,2483.48022,19037.25978,-0.655308858797556,2.03612009465077
105448,300,13742.8468769644,13656.1639500504,8606.47815452092,2611.03433968469,8606.47815452092,19569.444835046,0.130209106658185,2.16374362001934
