gvkey,GroupCount,mean_DD,median_DD,mode_DD,std_DD,min_DD,max_DD,skewness_DD,kurtosis_DD
1045,2662,1.67554512149432,1.64821395506112,2.34366693879733,0.46175870468622,0.493403269703319,2.94708637829457,-0.226014317151977,2.69877711370269
1075,742,2.92496629328677,3.0375713202561,2.45089960210692,0.356145262142034,2.15241116755434,3.65366618933537,-0.292829460542895,1.66326735554196
1078,2466,3.21848247375882,3.16950891579245,3.19978516871655,0.298206664977657,2.41791802624657,4.69471843955374,0.23884794658221,3.87198711389441
1161,799,2.14673447674186,2.18859140052886,3.44705260860061,0.566532763613845,0.64717395118062,4.17573956287279,-0.245909309191751,3.01348272724146
1177,4266,3.0955179749272,3.18916778346179,2.09074597084566,0.380210224677877,1.99060340231181,3.85206628672207,-1.17721789976682,3.88575015170457
1209,4836,3.22013485489371,3.26510415061087,3.34418229886212,0.224652675016786,2.26001656524117,4.5720137123923,-0.320214460755942,4.1074832334791
1300,3189,3.23531975518253,3.28422529979709,2.59124124877727,0.325019632750975,2.22572915555806,4.2133500602155,-0.530255198227504,2.61261997179684
1356,3866,2.91873901969668,2.93359559365264,4.04133895861707,0.398837631728814,1.40307793344863,5.70765243865505,-0.228873720155715,4.77434609755286
1380,2400,2.87842322766901,2.92559448367274,1.96811598679892,0.269362924805012,1.96811598679892,3.58783946214687,-0.725260567118743,3.47793901329857
1408,2389,2.97034045467026,3.00417219071266,3.70096620209154,0.368290770492314,2.17836953445579,4.62515217438064,0.207682608970308,3.09793031948314
1440,3542,3.0767821987373,3.13268947526317,2.91337450079843,0.375069278021741,1.67685219591091,3.89665379652929,-0.969590635850213,3.85960799904719
1447,2147,3.00234815120282,3.08757864128143,3.60181191175392,0.532920038368644,1.74470338465782,4.61495028281505,-0.305424345933425,2.48140389044806
1449,452,3.65324270967542,3.51032243748061,4.2432022987519,0.353506503777303,3.22914664128165,4.39549040883953,0.807717558719562,2.12410575922552
1468,1855,2.66485203253291,2.88100669392846,2.85925438987702,0.59041838416105,1.38296699522734,4.46340425864312,-0.445159823256013,2.24072833281372
1487,3179,2.4912608726014,2.43018488129311,2.42123312082418,0.636624790850307,0.981232761575717,4.29459344974884,-0.0146351837781988,1.90579487529176
1602,3022,3.18378567047111,3.27076240427065,2.97264669568072,0.343995791507995,2.16496416473057,4.59953770330409,-0.711166375502711,3.2171753807732
1632,754,3.33635667344494,3.45747467858204,3.89563458620845,0.627968408247271,2.07622867423076,4.16284179815394,-0.723334157256033,2.1271991387515
1661,3143,2.93895092434006,2.91975218603329,3.66447322161435,0.368586835909082,2.05412902683003,3.99216879742758,-0.0170677661243144,2.46746681292965
1678,2902,3.08388257840722,3.09019498645657,3.35984730171215,0.311255091340781,2.32129283946484,5.17834365866946,0.264439915971868,4.21546068515558
1690,298,2.80037649823532,2.79993310817933,2.80677325330279,0.00690544486493047,2.79226867729321,2.81139965530227,0.186462154656178,1.5516625280684
1704,3123,3.11086317175383,3.06424176084441,3.65264774601355,0.336339326361237,2.46497251323478,4.63833527466408,1.04560784208923,5.63209257710338
1722,4755,3.13393883501344,3.16618489082335,3.48045947804949,0.252154001016389,2.38487798153239,4.76724091932556,-0.220736796083283,4.04402428169649
1773,4040,2.89218420782659,2.97913694115633,1.9396922106821,0.423404557984724,1.55513075019876,3.90300596791702,-0.952857214299996,3.16692108021438
1891,1524,3.14135027016256,3.13187232673607,3.30474556629979,0.210444020206502,2.61290598242414,3.58311866405438,-0.14891371093824,1.94554264672323
1913,1788,3.12727587325672,3.21952265404711,3.73905329921241,0.321061864989327,2.37324154763409,3.76020569981244,-0.340849691960173,2.10792192612761
1919,4758,2.8671127900492,2.99360193119398,2.68801887007018,0.410318706345117,1.2626724577637,3.5739205655182,-1.10087337099688,3.53959836020289
1920,4617,2.93704457606174,2.95284626967943,4.02419231844942,0.445126576210433,1.62516175790749,4.27347874858448,-0.156115110904352,3.09945618484257
1932,626,3.2298096590129,3.31389856514779,2.90153269881536,0.212159908109637,2.73360715873493,3.54076297315958,-0.842652423786358,2.35793559064414
1976,3478,3.13999364084026,3.16408256199264,4.17743066591621,0.29037624338397,2.34633468521318,4.1870401510083,0.167563171785277,3.45225281448445
1988,1822,2.73374171583935,2.72642652859805,2.91446207492393,0.351480815869398,1.89169526802214,4.34834695790858,0.440286210763974,4.82063526054622
1995,2585,2.8534092880427,2.90275165215556,2.71876409204302,0.422784604629631,1.37850963909938,4.61529234406972,-0.368723468181281,2.60140909849915
2002,2507,2.66420954384238,2.58791451052428,2.21679001256242,0.446592262756741,1.70763070528288,3.63227506403948,0.0366856287014038,1.83762593767106
2019,695,2.66399025816022,2.62752347199832,2.33766679137513,0.230935757431358,2.33766679137513,3.32780727616781,0.821912863509388,3.07381836635302
2025,334,2.82329703512954,3.10517238854874,1.60790071488234,0.538307327506689,1.60790071488234,3.35640415570527,-0.995800527139759,2.37597469496609
2055,930,3.25084800748051,3.29871800814335,2.92110656944005,0.216960731737888,2.54276838792096,3.64767865135523,-0.524370860438126,2.33493526346131
2085,1139,2.90621290777504,3.03821812632783,3.61758109944665,0.364406076449107,1.78132700886019,3.89059670750404,-0.970849255547741,3.55063246790061
2086,4390,3.27766184838305,3.33918254363466,3.39180640606315,0.26955720013347,2.43618361665079,4.69332008629205,-0.748370064429881,3.98081382889384
2111,263,3.3480480838732,3.35701337897115,3.19553266853216,0.0506124899517183,3.19553266853216,3.45424232460566,-0.898792803315809,3.62095978969452
2136,1353,3.04456631250459,3.07360697417653,3.40693544759525,0.292102691633748,2.15597257663588,3.96230697381451,-0.753970690965702,4.43805625581009
2137,2217,2.92324738519587,2.99927735963285,3.32253990940541,0.464083334959029,1.67187813777592,4.30840225730424,-0.400019532032896,2.66342808977768
2150,1245,2.86250167730902,2.8854835349022,3.34989172032666,0.412096647506204,1.64645755162052,4.32966915198291,-0.799937002378265,4.28187543481912
2154,1575,3.14299441077176,3.12723801478891,4.78564045499937,0.349637223309548,2.44848546362257,4.78564045499937,0.312290785779023,3.89387628245435
2176,483,2.42130347965772,2.48276123583732,1.5729846325172,0.501250286898906,1.5729846325172,3.47321312908464,0.0652737034603303,1.83302288785857
2184,2855,2.72103026954719,2.74192481823369,3.27949340423422,0.474871970534514,1.58937246493955,4.0350096366607,-0.245121643287881,2.21700659453061
2259,1358,2.56454534720542,2.54257015349341,2.4235509065071,0.125593339377933,2.39576606565297,2.93067625619785,0.408205422493601,1.87467314033206
2269,2150,2.67805087077714,2.71525866480242,3.63965032038617,0.380337393230515,1.75459098086799,4.01690534630468,-0.209158738921814,2.11513178636051
2285,4872,3.14281465710238,3.20485147093959,3.47080748425593,0.340600209247953,1.92914773344924,4.169081293693,-0.821943678671247,3.4989489446149
2290,1428,2.58090585517512,2.56369546121549,2.54382729901571,0.332991435107351,1.80264344951302,3.68668887745654,-0.115224341039049,3.23467209161709
2338,2632,2.92515632825241,3.00766350312139,3.29059518327904,0.310051355376131,1.91255311570559,3.66455000760561,-1.15499373744586,4.29600197703557
2369,1227,2.7445926663708,2.60781082271581,2.83815808812909,0.564779536385433,1.40585598830152,3.9390049491688,-0.210954915248406,1.67163336793875
2393,1229,2.57124449503037,2.68391294188968,2.70630256610152,0.34236682930108,1.72665398815551,3.42319635527852,-0.481875876574479,2.19241331515305
2403,3404,3.2970675873194,3.2907853416012,3.35479195070831,0.263885091636496,2.36068175894421,4.27458424465672,-0.255754205930019,2.91799710918657
2408,3558,3.03892331288847,3.2230947103815,3.69062865150925,0.483623044284051,0.934124136560836,4.44665913314063,-2.04194333170605,7.04366364305083
2410,4872,3.19329678552791,3.17165360554064,3.5539540440455,0.328804793985899,1.72208495778847,5.08745545304212,-0.0581066902954995,5.3093430327886
2411,4499,2.97252611900533,3.05319329991095,3.41229780170141,0.273677843090136,2.20864781911595,3.64464537859156,-0.761208920145078,2.6738857882647
2444,2800,2.70682977713182,2.776021900765,2.97882325612371,0.496700253797376,0.933521426029709,3.76320333769722,-0.737718343860535,3.13526694010111
2504,1576,2.16100175983493,2.26483065677354,2.4677687581167,0.521961732896222,-0.630824538774557,3.97889358268365,-1.70459998004462,7.31022127293269
2547,3299,3.07668944585024,3.11157868885152,2.75740270940326,0.351755270845947,2.14727019864367,4.32362444958503,-0.490878129574719,2.40421400368732
2558,4791,2.82644594545955,3.03602576893189,2.13335622720824,0.476981611934958,1.60394031053327,3.79956364564172,-0.995296760688142,2.82406820373144
2574,3315,3.0643598944839,3.10606456272283,2.40181657070803,0.354974072832598,2.27979390541908,3.91363431466407,-0.354303021318853,2.08372194113193
2593,1890,3.03094478683999,3.06358807262861,3.65538534109919,0.377726423938344,2.26637433476268,4.45933769061882,0.122150105638273,2.5080999126752
2663,4870,3.21951662031616,3.22549432441553,3.062680713167,0.213034296662934,2.6379720676498,4.37728613764867,0.0493836093566921,3.77669559305937
2696,3145,3.23046451995907,3.24376090440782,3.17599164914485,0.274980560991423,2.47331841543971,4.43235779483921,-0.521396485440096,3.73973572541303
2697,1688,2.90856340482551,2.93200002834657,3.09146495065265,0.340661440908007,1.9944972604527,3.51105588538469,-0.590691211945834,2.59521283666016
2698,492,2.98936087660522,2.97270973144702,2.79649496414158,0.152028522324624,2.78340668270575,3.55049785811807,0.643836879753022,2.7870755446616
2710,1602,2.58507348530799,2.57289412452745,2.25471521716797,0.287820212429356,1.96354188018886,3.74855406229603,0.315497382572716,2.15858038436572
2721,4636,3.40163337081693,3.46112639166915,2.95155333846151,0.244294942887605,2.37338304572659,5.11267045944858,-0.544690531824355,4.79614670607615
2751,4838,3.16009652207279,3.15467325257957,4.64261450855364,0.259838482374286,2.46314194463192,4.64261450855364,-0.04516888299875,3.05693453579891
2783,2068,3.02795492648803,3.03292558552681,2.3788847668805,0.307004824556915,2.03241961661164,4.17210479017466,-0.32494777886441,3.12985152088059
2787,1730,2.77573397965733,2.88094391173157,3.20232458533493,0.284903544459343,1.92122591980811,3.89285045162973,-0.839555223904116,3.29325544407445
2812,560,2.07931099914988,2.07883792215937,1.95856220363243,0.291346376689248,1.53096284123697,2.9772498687552,0.38096459126274,2.87949469603057
2817,2411,3.09718202841353,3.19755797702854,2.44386488668778,0.40937288179432,1.97621619142587,3.93300216598462,-0.629472025701463,2.46584665301517
2884,2052,2.86070400012417,2.93966580996409,2.15051195169645,0.351662320155873,1.77098202929987,3.79884329529938,-0.877785602637105,3.43945193267915
2968,900,3.60317987527075,3.65095091920762,4.16832905947836,0.537237035219454,2.10762922240499,5.07313096064936,-0.462520033261296,2.87949127733869
2991,2799,3.30260249505469,3.30734565495081,3.69743624162406,0.299427667246182,2.44037775879484,4.32339991202471,-0.143846465973854,2.66145605390548
3062,557,2.45044815932296,2.40159242043959,2.40159242043959,0.127433180336748,2.39307455266957,2.86451833503972,2.43921196801642,7.23598719698365
3121,2399,3.10469223909378,3.08770125828913,2.75750196154313,0.310071772072859,2.46056857627341,4.11811729838331,0.184769842559715,2.0036276798378
3138,1785,3.39116828557715,3.38840873281565,3.09794489104993,0.0901203550992372,3.09794489104993,3.69488975265213,0.348965178430415,4.0324656787278
3144,3400,3.2944271150841,3.32755004421798,3.35953325663952,0.258020963537737,2.57665759448194,4.64561794035293,-0.070923876985583,3.82843771744608
3170,3457,3.28301306795831,3.28880655567015,3.84164743808145,0.259045090113925,2.63401829108804,4.6701023855351,0.238486099237367,3.14799885101508
3221,4798,3.0644453326496,3.17029619618457,3.72012317685863,0.288719257982104,1.68308699893068,3.86877344415096,-1.39335659102737,5.96215336467955
3226,4800,3.06143866671749,3.23212172500423,2.86087712414202,0.428361855656548,1.49704777907392,4.37799222606969,-1.30058186774277,4.55734667067624
3231,1075,3.08864957333007,3.17357928853799,2.31929756907187,0.314333333399366,2.31929756907187,3.8676283931108,-1.02951007671664,3.40975485307828
3243,586,3.1318401592906,3.05021322671444,4.0207735541322,0.306360917065946,2.71161285173592,4.81631261631514,1.98166826595737,8.71310205283675
3246,2153,2.81932505078847,2.97076815198958,1.83156082145911,0.44544167753288,1.8310063652481,4.0084747778512,-0.336568392597668,1.96872433335664
3278,3488,2.52755199793045,2.70919335757949,-0.112475172427918,0.514060487813495,-0.112475172427918,3.26876987889926,-1.68270947981086,5.98429562318632
3310,3136,2.97124580833972,3.00681187950574,3.15711736473522,0.238424613327317,1.96980998330732,4.41193625250418,-0.61664964767819,4.41293072301438
3336,2189,3.03631402041328,3.04948029941336,3.37851897645523,0.320893643292085,2.08570636067643,4.06748990169399,-0.146129654955211,3.32020662892642
3362,968,3.25930909009541,3.28147043774009,2.86690924148348,0.106786330194681,2.86690924148348,3.41422033941779,-0.878027614366245,3.43486861680931
3413,3339,3.15073522738652,3.17689203053821,3.22639568868978,0.271746580469643,2.34010616643899,4.49749737068314,-0.0610030836708735,2.86861448507335
3416,1706,2.68914905456005,2.62476632237445,1.85942698217169,0.321988376065267,1.85942698217169,3.49686830622989,0.177545450690841,2.39379932574704
3439,1652,2.54478865858665,2.57745136546494,2.88487801994692,0.33808715398186,1.51731540458711,3.53741913511353,-0.357856811835236,2.89722137772858
3497,1395,3.21461576006246,3.34136901408591,4.74358153068567,0.353729127462641,2.42965631175796,4.74358153068567,0.197279655512382,4.67793030593367
3502,2397,2.4440627745867,2.46157885632303,2.9951559744982,0.390198521455717,1.08362415564456,3.91272968773299,-0.452183300828537,3.07433513183709
3505,1250,3.0721239445856,3.13389196483901,3.51909738294803,0.298677995651871,2.4193748949791,4.34487645380496,-0.199601349506897,2.31131042906522
3532,3665,2.80065661257705,2.97832043039068,3.9340875071202,0.589337803726795,0.808548298966584,4.17788976741538,-1.33031191210009,4.0942765195081
3580,1678,3.06904204186884,3.02970443890318,4.46696720933281,0.390203816806215,2.49587519247984,4.56436655290855,1.53850989034742,6.39986144864521
3607,911,2.51129620736964,2.73097985107804,0.961240191457235,0.579821441496651,0.316156287687019,3.82560678570097,-1.63889632690431,5.52296016322392
3650,4818,2.94689143509647,3.09759422293153,3.11606511103399,0.455234068498076,1.56934214635335,4.47828611776697,-1.22031922781277,3.78567707355
3734,1359,1.96999258881138,1.86195112171553,0.467584457505715,0.505039211932823,0.467584457505715,3.32919878774262,-0.232440632637658,3.18029515400448
3735,3529,3.11613801502945,3.16469545273837,2.77251219114456,0.33071960408094,2.22223857584457,3.86209729961559,-0.712101413683089,2.71418242873253
3813,4867,3.22884751624161,3.28731394240457,2.68233991987799,0.283763787698157,2.22729244530496,4.15616924307244,-0.722426210500016,3.05328411145041
3814,1792,2.952497266813,2.97853978214378,2.51804898980888,0.272724952592153,2.17396263970197,3.70596625304075,-0.531806224529447,2.87203587784131
3835,3697,3.04822881148775,3.09722229284697,2.28171904703268,0.349560257151323,2.26181647578565,3.80742715218993,-0.383215825291836,2.09597714446839
3851,2352,1.37230089575561,1.53732435706558,0.721309801980297,0.692401060964942,-0.694226678172859,2.93490018384643,-1.02672799922266,3.81060005664092
3863,664,2.55600326365547,2.57656884200685,2.31370132293603,0.252521669958579,2.14424604063011,3.35304872475522,0.384090901732051,2.96970253795616
3897,1334,2.91156384363272,3.09113555232426,1.98140236333901,0.455277935365968,1.80491444832885,4.1181048019131,-0.727799867660479,2.58570785002789
3964,2325,2.20577778551089,2.16957272453423,2.59467393043576,0.414600771189783,1.27473075452836,3.64738678689772,0.219588022231987,2.22196268626648
3980,390,3.40219458069503,3.41099222492234,3.32988783647476,0.134978328604885,2.96006174863386,4.29403605332106,1.06105954842075,13.5289097047315
4029,3681,3.09132027275781,3.11791382430295,2.517028701954,0.288519852118808,2.10416334724272,3.94572719670754,-0.494354388763252,2.7091266288299
4040,2690,2.80928771462741,2.86238546269823,2.94784272465639,0.424938721221606,1.35207956821803,4.52852646276254,-0.70111676510844,4.23740691759874
4058,1994,3.09021269626178,3.16258489532293,3.51699309284688,0.303692302322355,2.32915102908102,4.17720532054248,-0.391660956377643,2.73889616860126
4060,4866,3.04276747887694,3.13920213232502,2.75420261852468,0.334072276009105,1.78632937481409,4.72135346693377,-0.885882319646421,4.14098006447496
4066,4711,3.14659671562383,3.26661162566917,2.72230026273287,0.356845836341474,1.8663616551814,4.38468375729664,-1.46694553021198,4.79135065364199
4087,3965,3.22010792686071,3.29614173859664,3.37102684606994,0.25933550157842,2.36758544553999,4.31262473952848,-0.750203521146259,3.28781427185614
4093,3468,3.32506662639207,3.42941116977115,2.88318402525724,0.260728312549174,2.57949204717136,3.73446932629193,-0.823142080870141,2.53972758724932
4094,785,3.120370383111,3.14124262018909,2.85547460193102,0.129770460542724,2.8289953543402,3.3419391992101,-1.04988540061646,3.2425983115411
4145,2397,2.69049888097942,2.76539389590422,2.24288593878498,0.375046585382334,1.06222188465555,3.80043166054953,-1.10597273564028,4.40692815592356
4194,2687,2.3708340993646,2.52127881762755,2.57407804042091,0.449593511171137,0.719453364874237,3.87443063854496,-0.901796731890834,3.20088301706882
4199,4278,3.10374210324826,3.16179717346274,2.53768153035295,0.279287736919086,2.13453749733431,4.41065725477246,-0.544869166183991,4.08201879417545
4213,1616,2.90456287838736,2.96613967595623,2.59286223451807,0.180111524166693,2.57474498152249,3.24895514408669,-0.834784810853106,2.25761985890329
4242,2466,2.28785998977979,2.40383307112655,1.98834480405453,0.408203573354173,0.913917221053588,3.13893788172366,-0.486834195218376,2.72143434624267
4245,1412,2.36116317384427,2.22704658767122,4.190779747616,0.554348677617607,1.41194795341949,4.190779747616,1.9156679497021,6.81025542289661
4321,3068,3.14945608541392,3.15631554284241,3.1849878733228,0.281407486497028,2.35557216678929,4.29634525942529,-0.200649602435426,3.20451000846657
4367,2668,2.91744600848471,2.91227513384204,2.14090806741677,0.364597176514657,2.05441252941369,4.34268601856887,-0.058824622645518,2.51085571293883
4423,2013,3.18228222045526,3.24985659449056,4.048708923025,0.339859463746635,2.51823662926235,4.54300366227923,-0.185381143743824,2.8585805712064
4439,4871,2.88590357407666,2.98707828959971,3.54794083315863,0.432001061692649,1.16703572103208,4.16731591919818,-1.3435510933234,5.36710889654748
4503,2534,3.33917297635922,3.21391012821589,4.39507529330016,0.417103888803628,2.5815590050788,4.95274933199431,1.44751227395946,4.5619846348746
4510,2572,2.71815282196611,2.9467845949339,3.28773806761546,0.545889796901626,1.3175727753882,4.10159449687768,-0.9985690111657,2.79292243308949
4598,3646,3.03619396135698,3.0368525321789,3.16523170143397,0.311576800849428,2.20083927057647,4.22386411305365,-0.225219185273766,2.49324247664905
4605,1682,2.84848381239194,2.91076666483653,3.22262090749291,0.496014134577787,1.43098623847634,3.95178334864836,-0.624732563377019,3.11310882690661
4611,2042,2.83369798906881,2.92395214259099,1.40109660677308,0.426853897215808,1.40109660677308,3.56760180382107,-0.789925473622672,2.88057216325623
4622,1505,2.38916332277541,2.48346227218122,2.60205266285052,0.407731531112629,1.5427004725993,4.3657923801234,-0.491710364761437,2.99694162403836
4669,1495,2.87506814945073,2.95616154412266,2.62601288247519,0.184057551796163,2.25040118874732,3.28617737875041,-1.10806902128089,3.329586196133
4674,280,3.56641251877414,3.72414486830954,4.06715474949289,0.455702885465221,2.82529518345787,4.42687934837376,-0.39065240040636,1.76085363355635
4723,3092,3.12423864228049,3.0746839089383,2.94172888528818,0.377007092086826,2.14167332380604,4.44188084225968,0.274975879377971,2.94429933308453
4818,355,3.05451856266347,3.237845154664,3.34277770109171,0.298324548326294,2.5072614868026,3.34500552662045,-0.975817644942279,2.10598971045526
4839,4836,2.46209275290333,2.53819924733346,1.22532234744191,0.535412328191882,0.200633316058064,3.53081199580329,-0.966524624164018,4.45088871044744
4844,1678,2.49540428060416,2.56628370528454,2.64709931170787,0.308708197530195,1.71858460653368,3.37235263648679,-0.424114245465686,2.5048526454726
4864,275,1.43965722370502,1.19069950247461,2.20055340109027,0.672397414729164,0.600729312016314,2.20055340109027,-0.00577327555986643,1.27909192094016
4885,2237,3.21927149920205,3.26689380180696,4.73328044421724,0.437683088649545,2.07457712407469,4.73328044421724,0.69496730306559,6.72445194454542
4941,4407,2.88648982819213,3.05963919261241,3.2118405659003,0.465084494796347,1.41245623087305,4.34035075770793,-1.45611955392221,4.66294024400724
4990,4839,2.87528002387097,2.93788099827225,3.8038248501189,0.373114031047883,1.43466508709849,3.8038248501189,-1.24383645669374,4.6057440411225
5046,2021,3.22911151191553,3.23429962064831,4.5099178904476,0.308591767332212,2.4433440006985,4.5099178904476,-0.22003560965317,3.2994182450918
5047,3274,3.07409232008795,3.04062573864149,4.48533837092597,0.600085408878423,1.56087764604812,4.65381690163757,0.579959011123763,3.37576445594296
5048,155,2.80679622487008,2.74755341552179,2.55423337731029,0.221302353578416,2.55423337731029,3.42014711562341,1.23718598689465,3.46383343246638
5071,3584,3.15681474367913,3.19944831970235,2.97879919744766,0.294798692729937,2.36596580108503,4.22192779402727,-0.37426019037421,2.28419654637657
5073,1211,1.57468738926039,1.60056026175879,0.313763332575031,0.662973600302238,-0.710282123694122,3.01283523582449,0.112985082783432,2.30910823262123
5087,1683,2.72206725477539,2.63288336276983,4.45934956052228,0.543583994594203,1.43060525514773,4.45934956052228,1.14656199646617,6.1897782798656
5135,653,3.26921222250745,3.29296755460309,3.07642885491156,0.0975553046892182,2.96817242219925,3.44483505515687,-0.987887920493242,3.51071193414384
5179,1711,3.13812376472304,3.03031201763887,3.68390065319534,0.442655044929967,2.39742996795891,4.68069668426161,0.258843694152255,1.43366443404531
5180,4599,3.28437301209817,3.28294653129993,3.85193523016355,0.269796520696457,2.46752855210789,4.53223942159638,0.342767830167068,4.97390038217397
5229,2701,2.94755980377592,3.02842117754636,3.18194219771714,0.397826499139947,2.03879463387037,3.88507642373555,-0.538274406400613,2.38236098012292
5234,4850,2.4370395233036,2.43885125918827,1.98083860173963,0.461210610149727,0.981559312839124,3.43070091277587,-0.5425556699971,2.78788949816498
5301,759,1.95985746654515,1.77535176391359,1.39879259093738,0.481166883818093,1.39879259093738,3.06185625946013,1.0352135786097,3.06219076558817
5439,3472,3.04092878519728,3.12410834260506,1.51884143442628,0.438676412134009,1.43917943799741,3.96616188937514,-1.57739999617182,5.83776419114131
5492,1375,2.68071215613857,2.65749380123605,3.35308472194645,0.254495979352486,1.96880104308029,3.69558647235549,0.494896965002067,3.93804546485705
5518,3365,2.80656128505129,2.95902008343315,3.61165150727411,0.511025945169515,1.44869944247174,4.36360880341477,-0.963542392237858,3.4179139802587
5543,335,2.75362435133086,2.90399039869446,1.61476841881638,0.450701118819171,1.61476841881638,3.20705131081164,-1.24310914795736,3.06566785496472
5568,291,3.28824094904117,3.27950346115656,3.19197874108385,0.0435040846491433,3.19197874108385,3.419233328184,1.16632437779338,4.47747600184814
5597,1702,3.21859589084439,3.29315336431454,3.2297300670449,0.282064937365329,2.53625521978859,3.88909531742211,-0.478541953080018,2.15019324264671
5600,3405,2.4223424502667,2.50901963149352,0.745906280695086,0.462633167479339,-0.039700901175541,3.47242245125601,-1.51995175508917,6.20487477444305
5606,1234,3.05006405932093,3.06470592849969,3.16767997683889,0.185108231392332,2.77310132810654,4.1372648354711,0.502512898658708,3.12019744929375
5643,689,2.80056045197702,2.81325225214913,2.64492577331807,0.0724587236417575,2.64492577331807,2.94346006188616,-0.265065365825856,2.03937423315078
5650,4869,3.26223683388895,3.35156199763273,3.17273353024808,0.27744190824157,2.16536157119482,4.31563730289335,-0.6834385385659,3.1601767717671
5680,4787,3.23897513980345,3.39342591475544,2.94182252288782,0.345836012977689,2.0908024432718,3.85317293476756,-1.05356742713173,3.37031183121387
5691,733,3.05194815728257,3.16523882147312,2.64755173280229,0.473183701459646,2.17677660909868,3.60319918994434,-0.424848343991236,1.75464331825455
5723,263,2.89793245453507,2.93696172388608,2.79743948307964,0.0886040481902829,2.72730614951481,3.02943795311775,-0.484091279461944,1.67300401415894
5742,4492,2.9428188853576,3.12039065595819,2.21202066158591,0.469401998343102,0.781922194559847,3.70541626170083,-2.0278341653782,7.362347126026
5750,1722,1.99033898705289,1.91850097253268,3.07285744304103,0.597490860149406,0.886287281212362,3.98486225358276,0.254225304006659,1.98601213794725
5783,1413,2.70597923571705,2.71706062006389,2.30032719347175,0.297793248377457,2.28438394694029,3.1453041005349,0.0899025469165732,1.71082385032342
5860,266,3.12513052903214,3.07914727137377,3.01074339609776,0.140122106415811,3.00320688665966,3.73286276045736,2.86899204508508,12.3603820201313
5862,1703,2.79159763375446,2.80757409133748,3.01941645636625,0.182906606740049,2.38958654873135,3.23735591582777,-0.57209834002498,3.17061455068088
5878,1389,3.21023427057979,3.18385332915287,2.94439036655357,0.338289076910449,2.4302334565792,4.67385683236963,0.748880579785233,4.6956533844877
5959,434,3.02606470349175,3.20713318235262,1.69677239333895,0.456398029329747,1.69677239333895,3.46755292562849,-1.68554231938043,4.43683908710261
6008,2699,3.24515242922052,3.26049426479584,3.04513860063976,0.239688091247646,2.63723806149917,3.9116667817523,-0.231182768554039,2.53618623301407
6034,459,1.67265215171186,1.67958296634269,1.67958296634269,0.0262320487579875,1.57356287945875,1.67959255955651,-3.51709085931285,13.3699288629928
6066,4872,3.25833835876608,3.30696550961215,3.32546849447711,0.228541501001688,2.48544566642381,4.59542513085545,-0.88045095064601,4.21349372890453
6078,1516,3.04414641270884,3.15862749828732,4.19482778048832,0.408360060299428,2.4755885439839,4.19482778048832,0.610977662913647,3.6116371207975
6081,1874,2.23128840979234,2.30704783990111,1.37849308060757,0.356293394354962,1.06587920602165,3.20394635945831,-0.88958799522148,3.36829336703056
6097,1738,2.94985398262202,2.99027865725158,3.13048537194354,0.341379109730173,2.11781049358171,4.27071400710969,0.299187384974606,3.70323074085483
6104,4872,2.99297586791336,3.12767477040509,2.41184367234493,0.361194381062915,1.6462453054474,3.86327087683021,-1.00683693188987,3.58268582167574
6135,1743,2.96156210660454,2.99061164200229,2.76328502593307,0.341339839693582,1.95614399274207,3.70284672141945,-0.933291205702911,3.52068891224578
6136,4683,2.77061071004866,2.82165485290748,3.93816207510827,0.45537497047231,1.00126140004262,3.93816207510827,-0.677790547809343,2.99924659016033
6266,3031,3.40774220885586,3.4359849197601,3.69839450756681,0.273244993334792,2.69473356344758,5.06020480570904,-0.372793227061105,2.97472165788217
6268,937,3.39280297589138,3.38396754801432,3.11381543789502,0.0748780645566523,3.11381543789502,3.67511512065786,0.460628382544154,3.26623062338268
6307,402,0.652732789663114,0.903792139805024,0.904124056430904,0.588867729579501,-0.295247889431896,1.70783803322919,-0.172196655985857,1.875675450615
6334,517,2.44201068270111,2.45264603819116,2.43877992155204,0.151060886359009,2.06737614026295,3.08602396682371,0.2027326182972,3.55148746618719
6335,343,2.31567852592405,2.47277800735201,2.00715448696692,0.247632597314694,1.99577336089768,2.56238639178444,-0.386012225270416,1.20506063558186
6338,1661,3.03607245048152,3.08158081021437,3.08158081021437,0.408943701657523,1.70010340736959,4.48082296292817,0.322220787452469,4.59957901292096
6375,3506,3.15083295728453,3.15018929460937,3.81708794443566,0.297392604243363,2.31501007679452,4.34204681676892,-0.0407448654383429,3.12036822311284
6435,2163,3.26471216344464,3.26840382832711,2.92336940562889,0.290513530138986,2.47236613833115,4.59246970538553,0.0968792819231677,3.30722254648962
6494,4470,3.33658561517995,3.36827234068036,2.8503632047259,0.235057286993849,2.57823359362594,4.54398905347025,-0.419886158982388,3.59938128934589
6502,3700,3.00172390392074,3.03742530719889,2.26723059578064,0.312235169700934,2.17905470787754,4.16677706116063,-0.373192627995289,2.27977432027807
6506,3505,3.38974476901441,3.43678149505132,3.42169271042449,0.228890877820854,2.55055468641836,4.13557479204507,-0.503744560543612,3.49980902110916
6512,737,3.63450313053734,3.66677737797173,3.86822700796127,0.334570917257063,2.74386306610722,4.41799386691391,-0.140736492456204,2.5437537929348
6529,399,2.36404029114266,2.42350326982892,2.01906252083336,0.184277317371908,1.98270612090975,2.55004260523123,-0.963014491079405,2.62683774535952
6649,1772,2.92285663752539,2.98177491836007,3.00164430446284,0.378948553809994,2.17173774374603,3.70570410492878,-0.417034455102236,2.13135208345695
6653,1984,3.01899256633018,3.09642863095009,2.94325184202215,0.396200407141185,2.08732381240348,4.02685664742233,-0.464013865959859,2.27430055437203
6669,4535,2.71058256656148,2.86279111363848,2.95760431592571,0.449372065586693,1.52807677813246,3.85978750323784,-0.717782681781719,2.59434429901945
6730,2722,3.22759867208178,3.18138841481974,2.96968030030453,0.302644982140796,2.61424364024424,4.27658046197767,0.208262974499081,1.94663333644642
6733,2537,2.78164651874467,2.78703352039599,3.34345561554926,0.392914364305651,1.68202177814003,4.01697071842507,-0.304396245272572,2.48726215718786
6742,2063,2.87114602492564,3.08787853490524,3.4425167655949,0.566716681737239,0.709834923419723,5.14127929701876,-0.796447845546087,3.33264057417407
6768,2448,2.58153409558089,2.7002411366363,3.33106405548616,0.6084116766306,0.920369719913075,3.8009297967183,-0.321614883300838,1.84864518085321
6771,1290,2.87079045472788,2.87167295938892,4.78588068257745,0.427853840914076,2.41573762232575,4.78588068257745,2.07322887162364,9.90085833182327
6774,3702,3.17971925652093,3.19661934134909,3.48245274243661,0.343961487697326,2.41416195713208,4.20334327872058,-0.500517447526094,2.63420320162364
6781,4827,3.12665736644712,3.2099357892829,4.27375679325925,0.312821206398936,2.28293932420984,4.27375679325925,-0.574159517731562,2.85671308745434
6821,3641,2.58019123204778,2.79012898626378,2.84585247121205,0.501066463294209,0.684997831185818,4.12250938033511,-0.874182068863851,2.87867760057919
6829,3603,3.18310330166737,3.18587376038514,2.98622416972127,0.339404352764245,2.37478357844921,4.24811616393214,-0.336100552288456,2.4566175509527
6865,871,2.77030441918064,2.77237452131333,3.8391035002972,0.279628275536141,2.18253193335659,3.8391035002972,0.63437888173913,4.25926102966573
6946,3231,2.69500199381848,2.78389968876355,3.32475216576497,0.534084183624416,1.50776520646031,4.82136384458957,0.225364253636572,2.51087153541622
6972,1609,3.33585919277112,3.29590811023667,3.72247758897697,0.407726863013996,2.54728301300277,4.53072077707769,0.455764818610324,2.47078653633724
7017,3256,2.99072805227899,3.01599051538374,2.44176825806348,0.308804349151711,2.07157558205607,4.66824371940782,-0.444322137402614,3.23647262053112
7063,1148,2.42935455790141,2.42064533655368,2.17505065494852,0.422147782054326,1.38483459422662,3.67675441470734,-0.152516343980621,2.32810686723053
7065,4164,3.18493561443842,3.20998947566556,2.71936862211684,0.291192584818575,2.26620046969331,4.43855320810862,-0.181822822791051,2.31068266622763
7085,3647,2.7920155021495,2.86678020226843,2.53340184923002,0.40696221320286,1.81705441787826,4.44441220512752,-0.20155476986809,2.18719863685384
7114,2977,3.20884421643578,3.29894800691522,3.27081163772162,0.271476843133046,2.210667939676,3.79605231554856,-1.14597096941356,3.67420609363106
7116,4846,2.9388559724159,2.9629616160782,3.47427241799634,0.269516660301305,2.02079034457509,4.16196115717478,-0.451299930042638,3.17602262897808
7154,4849,3.30293809547884,3.34750816048534,2.87887211029049,0.21582019784559,2.71793547660478,5.32633219136305,-0.218210436029929,4.39581366944738
7163,1304,3.15758649642398,3.20441235523881,3.30368417567119,0.54985795396155,1.98814811484112,5.12184951281394,0.133229309438566,2.7985195485039
7171,4872,3.16003004113223,3.20659333786389,3.29030557803225,0.316613066494595,2.14051221710114,3.81857885455915,-0.977536259321714,3.78076987873392
7186,1713,2.95780989057034,2.96755366438739,2.91876554637245,0.24415876400159,2.35678534870214,3.61401623303336,-0.311271428484479,2.45901794533932
7228,4567,3.19617109853178,3.26747668941672,2.92041118210296,0.28131999487889,2.38001831667914,4.09757581059751,-0.896188289922317,3.30212446494693
7257,2011,3.25445822769394,3.21608065053177,3.07204698358344,0.250333020587783,2.57729764523255,3.97733068630145,0.152461923262501,2.52876303288564
7267,1956,2.97902341743203,3.04986387678545,3.43954428975375,0.393151257790972,1.90785016067339,4.63506424102145,-0.541007328736904,2.80298196325843
7343,487,2.42211648276984,2.39584384319327,2.03042404318833,0.31503501611682,1.65997323979959,3.18490372642945,-0.35230822360595,2.21282383611104
7366,1665,2.81879255327493,2.89243123140853,2.52594759673869,0.367629571855821,1.92414636388193,4.18069124018629,-0.290250986027178,2.17219268169696
7435,2546,3.30835096785499,3.30540744336094,3.63053757233372,0.30397887803279,2.38872168345604,4.45928250686057,-0.157030031248521,2.59580726176659
7471,4863,3.23302730505855,3.29013340413335,4.18578825483723,0.274429666616177,2.25808096868166,4.18578825483723,-0.714005042746751,3.63502123368157
7647,3653,2.87724541325243,2.93854777382639,1.82771012689672,0.33881806487874,1.82771012689672,4.04722891569602,-0.133683353839165,3.53209993032499
7652,824,2.70419202668461,2.80282862946853,3.06941387113027,0.349841872781859,1.67853398246241,3.54643873744635,-0.591657072072881,2.66731425283219
7733,1396,2.86294155118172,2.9265146113462,2.87824093816863,0.215802127736977,2.18430280545594,3.1582596189897,-0.974238324305567,4.13909306216168
7750,2850,2.31924235659111,2.34142151088576,2.74117005468888,0.257870510729554,1.4750445121711,3.26585860379012,-0.206630130338696,2.60439038746661
7769,532,3.15434735720589,3.19809849726829,2.97393422499248,0.190952407359967,2.59052218495997,3.75940180407844,-0.397141648309785,2.84804027563767
7824,1198,2.54011396799548,2.5295676375485,3.16439420261613,0.483778920487737,1.54980054985767,4.50897688492663,0.808327768742922,4.17826949755864
7866,2672,2.856647798998,2.99196194086409,2.32561347361417,0.409173297205709,1.4313479879015,4.19946553857555,-0.943936485731342,3.59821603037197
7875,3747,2.9915574062736,3.00115720961355,2.48766781855691,0.301985443747321,2.2175566245904,3.7141109420603,-0.281601460732585,2.16750388298099
7881,937,3.02003364308,2.94810443202862,2.8077535848206,0.310792124725859,2.56788305310783,4.01574076432151,0.546740989216535,2.29914668641423
7906,4696,3.22045172040193,3.30243926074726,3.39156419905891,0.276557659890131,2.45560009863298,5.02454814439174,-0.147481880588632,4.0672307326819
7908,4857,3.39403225233657,3.42302635688665,4.4839775621429,0.293940183125583,2.57021741078408,5.08467256379049,0.52115850884564,6.17612214572887
7912,907,2.83624051607754,2.81053643381566,2.88041582919756,0.329054238143433,1.9426278504128,3.99814461009977,-0.144651519808056,2.81936123691154
7922,3702,3.0067936324117,3.07959990966913,2.30248450643533,0.395307941777053,1.82679734283127,3.98212675509921,-0.765202484891626,2.90170097909374
7923,4872,3.22013346632908,3.30630592776542,2.51522028791932,0.278500088045648,2.37269152782161,4.06236906715105,-0.742618536675862,2.92559984609805
7974,1900,2.71532716287024,2.75695671630652,3.12717776134247,0.461048085211252,1.60052948774994,3.61242912295666,-0.522401040352436,2.13940336812064
7980,2002,1.94613936751648,2.11217321991352,1.12694010954476,0.664982011661952,-0.717673533260725,3.55364111116373,-0.79272525439673,3.03606956512373
7985,2299,3.4022584940091,3.43731192922586,2.85359470605786,0.170701955136364,2.85359470605786,3.85890504012595,-0.780929866610713,3.56203654415926
7991,1305,2.28368943478688,2.42781433179888,3.29182864198513,0.403538839592383,1.76164155630126,4.1493667851218,0.624616815541314,4.08453019753386
8007,496,2.98263308777114,3.04423736197365,2.71194487434784,0.405527050842486,1.91876776478365,3.63528302335332,-0.570740706229132,2.69986659440666
8030,2558,3.10954602473019,3.0878758444079,3.13876053996577,0.283475993763152,2.30249499995408,4.65062449045207,0.139644051592623,2.96664017168876
8068,3584,3.11004997534973,3.14332792763788,3.96069298811809,0.28039023425083,2.35106107602577,4.2348778363674,-0.491175903431148,3.59778976275144
8099,981,2.67196576883602,2.71522808433302,2.05208898527018,0.457888018307131,2.05003415343498,3.25597761279824,-0.181503785287705,1.29364262072342
8123,2793,2.73876018466005,2.8177932154297,3.66362523622123,0.349004530748302,1.78196236331205,3.66362523622123,-0.900215954032259,3.15638837261551
8133,1581,2.54324725234464,2.5503575679847,3.03484074071429,0.288624630699797,1.93254282322945,3.79376803989983,0.658648796917649,4.6955480180202
8151,2258,2.87864976165678,2.96196760351021,3.53608386186831,0.311325029813193,2.06558786012665,3.89653226727063,-0.442976053558326,2.30988114571196
8210,1125,2.80695902239002,2.76932130067462,4.06919985876108,0.494519767806021,1.88564522901502,4.40077158137938,0.714896816642693,3.69672496079602
8214,1612,2.69636033352328,2.72966738197925,2.12391003449911,0.353598871553423,1.91679751465901,3.2296877276306,-0.42051266443099,2.0778770138445
8215,374,2.59701024084388,2.59365182386223,2.36823295671134,0.258731610898995,2.15790428169553,3.93666099482375,1.56109022044914,9.16646511994925
8240,1678,2.47846850495145,2.63749504387625,2.65528013452958,0.636462802474463,-0.569910437151309,3.84035273968864,-1.3309758553595,6.44252084008605
8245,628,2.63932466353719,2.67261202490668,1.95016482004203,0.310832427425669,1.75045094365027,3.44483762808884,-0.436638519734911,3.57544495842884
8247,4754,3.14007819711535,3.20026582391098,2.92386142899966,0.264266387059804,2.17955332347046,5.08436092991433,-1.0891312064616,5.10466854317915
8253,1619,3.36115132372205,3.3317143918531,4.19794260680518,0.464729653250482,2.15564872985462,4.46484563523769,0.381373118268734,3.48027387175766
8264,735,2.72095555046649,2.8782736842646,3.30706228787318,0.442561829093548,2.09826973406772,3.36629194695302,-0.0524139017566184,1.33398666335995
8272,3406,3.1058654934908,3.12612521330501,3.09206383654787,0.309945350290731,1.98361397803582,4.64258443620788,-0.660009140852168,3.52098772627227
8290,340,3.19719723253021,3.26315284099793,3.09311008385756,0.379096457385182,2.40894821700165,4.06264938061869,-0.168591215954017,2.49515385150868
8304,1504,3.20712060724573,3.13575967506466,4.44191961448143,0.217092009644534,3.04849276867823,4.44191961448143,4.35459607833916,24.1481241807116
8357,388,2.42295327723235,2.5750858477664,1.6089717582424,0.324372809395564,1.6089717582424,3.05074272086542,-0.816275864917751,2.27661149162578
8358,1996,3.0647849250183,3.07846648237671,3.29380845178262,0.293071474778772,2.35321607388318,4.00737455507539,-0.285846216195074,2.2081423179684
8431,3331,2.678318549237,2.54404099722217,2.86151601277943,0.389235473545379,1.68012712039475,3.88630804350593,0.370176057838101,2.78436280066787
8455,1791,2.94043933175751,2.86338008138529,4.00700937718391,0.750254379759599,1.83378542160715,4.4807019261025,0.582779754437837,2.26331603525799
8463,2610,3.01322847067559,3.02003246182522,2.66995608405771,0.154460646990384,2.25778473710369,3.95200896232951,-0.41592164889339,6.46848215231869
8475,1875,2.104100841809,2.18231855777555,1.93226638011885,0.260569830327282,1.3549654734137,2.43836648573502,-1.27528934150405,3.35531238902567
8479,2780,3.23467842499717,3.20524511225188,3.58232169902897,0.302534279909585,2.62838669025503,4.4947985932491,0.574979046115573,3.29315713263177
8530,3848,3.39247833358833,3.44353499213938,4.37292665528674,0.294308278874245,2.44690691015128,4.73627555477541,-0.370534794369226,4.00175245012324
8539,1500,2.72146591832628,2.80150533204997,3.59449099954218,0.395339915764554,1.68788112117361,3.61832085987352,-0.316309562065692,2.43721969501886
8543,487,2.84612197641314,2.79897784641688,3.32936427796485,0.276761609084331,2.05792311307396,3.63681308806002,0.301676819358281,2.86768438289603
8544,3163,2.82245361612636,2.92763609772697,2.6950232041255,0.353021837138465,1.62360538696943,4.03384578852817,-0.72956689234909,3.00754127933776
8546,3028,2.98581281993815,2.96951254152849,2.79094728677291,0.287533153468346,2.28002453575819,3.6297042651963,0.0448034451833819,2.48595941368946
8549,1071,2.80316283476216,2.83237194083304,3.27007804333972,0.288182775221517,2.2751263236969,4.38208089686787,1.36124146531593,7.71394658295231
8606,263,3.36102491756749,3.37534088939813,3.39748817210218,0.0640301532802623,3.0457946773566,3.49462419162704,-0.537134740515811,3.99562936227704
8692,1127,2.24422040964213,2.21349361131528,2.08157667251994,0.17957627706764,1.89215579761218,3.69838883880876,2.73405094203663,16.2320323308349
8694,1950,2.87870854506781,2.88997089325672,3.20479567483661,0.387896093923444,2.04040221875997,3.76234705935245,-0.428772259999508,2.06024895348397
8717,1602,2.93935687210514,3.01542057319418,3.17432243246433,0.327052790482602,2.31381272115457,4.33603586080719,0.511071444376793,3.20716270851594
8762,4864,3.28659191462726,3.34514291436543,3.34182297075229,0.254806692099307,2.36481323566514,4.08072990934894,-0.942465367074466,4.13268936392226
8789,633,2.73526366050829,2.74966006018454,2.54993267484495,0.16556533353014,2.53188003901488,2.98736765750117,-0.014657981436994,1.21706678127949
8810,3267,2.96239054637931,2.96281847578967,2.73192764323442,0.360871893453796,1.85209875472274,4.71742896017754,0.578084136268851,5.51227076832501
8818,764,2.86963480115803,2.99018666582524,2.9903725787272,0.238708941678022,2.33402257672328,3.38638106535832,-0.890796432671137,2.50133850955707
8823,711,2.61415193127465,2.69714418751156,2.01197144294273,0.279262060213549,2.01197144294273,3.06034416404316,-0.266014010484822,1.68034862436962
8870,1529,2.36795942393493,2.48322537644871,3.21283340153326,0.540014363580419,-0.148683875387695,3.69236565957352,-2.09530432629628,8.59102294255612
8902,903,2.89866076364762,3.00885452383846,3.87115821156175,0.38054847213993,1.99318858668374,4.00496136919163,-0.448331857943174,2.48670628407814
8972,4676,3.18644697802948,3.29181623702071,4.41620353856249,0.386254715031971,2.10266462977092,4.41620353856249,-0.888327268644711,3.20803658621133
9063,1185,2.48753809163098,2.68387487124079,2.7739272901859,0.480965745558404,1.33360143684355,3.24222343023875,-0.68621856753456,2.20993554498518
9135,4596,3.33375380770637,3.32438038801624,4.00173233058807,0.271697348466255,2.52552446819631,4.41834224589081,0.0655632619387156,3.39550960748371
9155,837,1.73423745981735,1.97907771613068,1.8635450770634,0.646708109746829,-0.392025146780009,2.89990734149427,-0.535705473878873,2.03062899350118
9203,2322,2.94817049246976,2.89139384011504,3.39975961031091,0.41079868936338,2.29312331844522,4.15283216923322,0.367636818988093,2.0889539229517
9215,814,2.64772485997279,2.62635584481657,4.65965675624058,0.307599102550305,1.7698483824773,4.65965675624058,1.37048977287386,9.6673464446804
9299,4868,2.95734058336045,3.04479915185571,2.2197112238984,0.329324290265438,1.93495888506369,3.96271095190641,-0.780076264145649,2.88161029445665
9302,1537,2.62641308821258,2.68431433762467,2.9224773655532,0.427540200650604,1.7297176689126,4.01946810734629,-0.161110626220565,1.87896857765395
9359,3343,2.91228987911032,2.88239225748407,2.61185050710092,0.226092469495941,2.38994912896751,3.81465800061886,0.53412882613964,2.79860945318871
9411,352,3.07216568692485,3.09163902767394,2.87641780075593,0.0986015354251115,2.87641780075593,3.29490479630247,-0.0237803431750575,1.81998217158664
9445,1654,3.0213722825514,3.0441788175363,2.38195852532514,0.270782940006849,2.35082662643995,4.16215471133554,-0.0625589986640537,2.97398210453423
9465,720,3.34653778248583,3.44479323336786,3.48584705783414,0.353778009466178,2.45172846207464,4.87410357100241,-0.816538266003694,6.01800337369623
9466,568,2.92845208963761,2.9606123315243,2.89978732610069,0.154199246566372,2.44399637568743,3.44883660703885,-0.135918440174929,3.56047098395395
9555,4798,2.87891714391659,3.00735369022017,2.00816338074161,0.412582680561809,1.15966348249935,3.95667014766904,-1.34449020585128,4.74421002763355
9611,2355,2.52552710553637,2.62141942890265,3.5354443922871,0.433100083421854,1.32660975639736,4.08200675346916,-0.559805801418556,3.45613646192142
9613,1330,2.93693477473596,3.03223981606664,3.84170290022406,0.492419844366173,1.98697430834945,4.24324969279668,-0.0214259412404584,1.79301537193636
9667,4795,3.16322307719914,3.18735424840803,3.82624388849413,0.284346614657867,2.27513927808643,4.51989834913408,-0.500734114605753,4.45832121821391
9774,1559,2.41561105854579,2.45710374507309,3.53636027308184,0.448366276176268,1.10378922822895,3.71738736045971,-0.471800656926234,2.84565877238323
9783,1168,3.00664109176912,3.14537970508615,2.53545558214328,0.257339201858692,2.52089694009938,3.38542445892779,-1.05164501302002,2.37518465676475
9815,2215,3.07421805261064,3.16184984451088,2.85302901684206,0.308280613548036,2.20976534807975,4.00852602106702,-0.287219522076392,2.61109113399828
9818,4850,3.13253467904383,3.18143048585168,2.8881956238366,0.290094761178016,2.2796383215623,4.29873137369724,-0.4452705719693,2.70421094209213
9846,292,3.19674871597314,3.30870464356298,3.32114726490963,0.289729336817787,2.26360405989833,3.50391744321514,-2.03752832712829,6.52484305712746
9850,676,3.10092556929628,3.11986922592761,2.23113868114205,0.351939100150992,2.21751690620809,3.54485208648819,-1.42542025791326,4.40443859415082
9882,3062,2.9275854592381,2.9553398795561,2.97501460860478,0.351847469479966,1.9255201779261,3.80544141819038,-0.30109923870195,2.28758542395331
10002,1578,2.18941496726339,2.25916374733017,3.08262162859318,0.51434641105582,0.489311621102965,3.81746649657231,-0.42582657835787,2.72240414069828
10016,1622,3.12679637314827,3.13416197465309,3.77744285160645,0.290288717774546,2.42766446278861,4.17487710893133,0.0251836814492934,2.30956944113489
10121,462,2.32916009888047,2.34860199574147,1.86262312895253,0.162251924154731,1.86262312895253,2.63702713481932,-0.267173831509769,2.05119642279377
10156,836,2.78558596474006,2.74141861826475,3.00162892860882,0.361295108195887,1.94817906838981,3.37399689353335,-0.0151683224165743,1.79582524742471
10187,2066,2.95788486349458,2.9785584043977,3.54059489825068,0.431245326822356,1.921835960759,4.73590435072775,-0.344740951009327,2.28841066677868
10190,2748,2.50678332502249,2.50803299485076,1.83507480464509,0.430603937874237,1.53134118961376,3.75186701719649,0.0849240866572208,1.88843350274221
10247,1911,3.18833558864063,3.1291113761697,3.618238286536,0.305438212875109,2.34983394788874,4.11385068500029,0.233698258002648,2.51188730045294
10277,2791,2.70858177029265,2.87826390310864,2.83092723337958,0.449656507525978,1.39019770607571,3.53021894336124,-1.08954837865549,3.48055771417711
10332,2444,2.71347087536116,2.68005072766089,2.40129255455423,0.344857495326883,1.81914607166306,4.5362812123657,0.287996688496101,3.00447919662404
10385,616,2.68015849174371,2.72307024109124,3.83873864195905,0.324912093668669,1.72595091499473,3.83873864195905,-0.0844589711019946,5.85881323147201
10405,1924,2.66342962504421,2.54962781737227,4.13112650673481,0.705092730452159,1.62954895515389,4.13112650673481,0.884679220309361,3.07120665172746
10411,2084,2.93113620411891,3.03933362973425,3.0406684067883,0.382186730061932,1.96401953942912,4.08096530241585,-0.882917323524767,3.13842131878853
10443,771,2.32193587440026,2.43411578513791,0.96560483286405,0.394381662852843,0.96560483286405,2.85747101722407,-1.08620647140362,4.19528031492396
10466,1483,2.58677717993105,2.58516348963671,2.61398882559452,0.373003903093457,1.78466597777708,4.23215764944536,0.291366364945037,2.84829160197558
10507,865,2.90064706344291,2.88098720893262,3.8778870564442,0.354801235437492,2.09071661798679,3.8778870564442,0.572711518277668,4.15645596113638
10519,4551,3.12820366253086,3.3320933501524,2.78481151243815,0.463287296827313,0.954011758557607,3.78036003233771,-1.6920804966151,5.9030740945346
10540,1968,2.76108850151461,2.88300293324917,1.54441840113007,0.47323213705274,1.48467138764079,3.93407944890926,-1.01300987879921,3.44053535405473
10567,936,1.97205175348731,2.00059758010526,2.62807325201029,0.548454380603381,-0.644966896341871,3.9758131856779,-1.30676390683086,7.78046592034385
10581,1946,2.93670890850843,2.95022659936289,4.03373038209682,0.347838032368557,2.06077408656044,4.03373038209682,0.419018142362581,5.26788070059654
10614,1586,2.93242716474895,3.14999986408052,3.25866837942493,0.46195632006208,1.94678114968604,3.42796083345688,-0.615860028697158,1.74590904840966
10622,2919,2.88709316453254,2.96750357120446,2.87751414813291,0.367868741142242,1.61233187238958,4.46741112843895,-0.971688777052706,4.32916903153522
10639,1097,2.31874575898402,2.38515689938888,2.27528608701354,0.272100061243893,1.58391114921767,2.97631807682067,-0.465029958324145,2.44994751107305
10671,2582,3.05571701265956,3.16914118120282,3.40630116258914,0.365819077087398,2.0484482153868,4.68594338861116,-0.056618864411334,3.99047948045813
10726,1703,2.9408010752806,3.00600117173709,3.34861502646993,0.417889968743413,1.60524424201519,4.41792506952358,-0.578600603304241,4.86035502922413
10787,904,2.7835147665066,2.82676089247048,3.82716946149625,0.301738562247483,1.85532756263693,3.82716946149625,-0.355100975053577,3.48798671063374
10793,2900,2.80151973928711,2.85460665379833,3.38582778006747,0.320557971016952,1.92113906247066,4.13301224603655,-0.500674750142358,2.53875187884312
10839,588,1.48561731043165,1.33331666713566,1.27071968207264,0.305283873274567,1.13385590078288,2.38315836681915,1.17569946332658,3.36209551152139
10846,2162,3.20200409071073,3.1452174789274,3.34772790587643,0.282934170108235,2.67371695791267,4.22673576990474,0.970943747379129,4.20011299874503
10860,780,2.94470678626874,3.04825756060711,3.96704131075842,0.342024040643899,1.78388831398578,4.67402166463773,-0.724940005078803,6.55282607700356
10867,3569,3.16003023852291,3.2211945932913,3.43546024424042,0.351988273486202,2.2436488495879,4.10630558050714,-0.482342183055348,2.51608647987963
10884,448,2.08116329272205,2.11025137462877,1.85843174606595,0.194810972383596,1.696184090945,2.44594282242127,0.0405019123501442,2.14502237554569
10894,846,2.52485549891221,2.43676351055056,3.20786154146376,0.429634283643608,1.71925485744254,4.34496270698387,0.519241660387979,2.82317080548791
10903,3172,3.06295110243332,3.1349891090469,2.98678063215822,0.380907495660171,2.1643929609083,3.8049032381882,-0.331999322464756,2.04480789684123
10920,3311,3.36618744446149,3.40086083574864,4.08492624821987,0.307811841937792,2.36387172917966,4.5306700542927,-0.10240871924537,3.0733869077881
10983,4586,3.2345157015195,3.30776140346556,3.74178998289073,0.258059436720337,2.43882946012794,4.44501001109039,-0.522485759655346,3.39460533896066
10984,1609,2.61295279324213,2.70247745431865,3.75675552329517,0.290382004569342,1.64856824501384,3.75675552329517,-0.874166186328695,5.11353635374205
11017,1755,2.83261188274338,2.85297977337407,3.13995568234764,0.232955958867397,2.36021287387469,4.34461474091636,0.6077266486783,6.46925719486561
11032,2053,2.89079209434997,2.94517051247088,4.10140571339473,0.24262486496842,2.11520218545229,4.10140571339473,0.267560249656222,6.37589559731606
11060,4731,3.17950985626935,3.18796443130514,3.57827736745757,0.252961936523598,2.26564214427225,5.18579844982294,0.269831901271387,7.36511499395538
11096,1513,3.01466068332768,3.03902974550897,2.53041573071602,0.133770362392844,2.5145321454677,3.21490638512633,-1.8954128404042,7.80106845791607
11217,1589,2.91118932692291,2.98388890067242,3.55098172565857,0.439253930011105,1.8031266853632,3.65208365172833,-0.573878735197448,2.37820521990659
11220,2162,2.85393845236704,2.95245023698239,3.01834530083005,0.404270605017318,1.70658576732302,4.09806135406518,-0.767181903235293,3.1541595504116
11259,4199,3.27476638996245,3.2990498864692,2.93103488877589,0.25694152779476,2.49006830087324,3.97676224193654,-0.217187052300925,2.3280604656417
11264,296,2.68495807489949,2.63135607839226,2.88714130672569,0.105185292220576,2.47460435351213,2.89954715537679,0.597630920553821,2.50845991504238
11340,729,2.91767405791781,3.14114207530035,3.55573902782202,0.554080789620799,1.22883799062977,3.58746125083254,-1.49161446569412,4.61242494707379
11446,3243,2.93816488842316,2.95178864221341,3.22561349042851,0.282307829122885,2.15796327684776,3.78727528695845,-0.268888538596664,2.52048005980124
11456,4845,3.01825470644533,3.11554869605938,2.65982033837251,0.342675199897712,2.20035579983305,4.31689227981728,-0.482142725538988,2.04906646157626
11465,4846,3.00725241174514,3.12121682916615,2.45017577537347,0.323686174982314,1.92052323146237,3.96949428172449,-0.870743062477103,3.15663343410637
11506,4819,2.72572061821241,2.82495849799211,3.17214080466383,0.460168259539942,-0.551268468044327,3.97994819607125,-1.76473852744059,7.47830962780202
11535,756,1.57427962086294,1.44606335341992,3.28877716892035,0.614049134179361,0.757831154553135,3.28877716892035,1.39652654627642,4.89305150807856
11550,1630,3.02308404655386,3.02838786177958,2.63586445478672,0.277735536011602,2.325966359188,4.0073813874707,-0.146335687583636,2.59155858651952
11554,1305,3.10271069483845,3.20119815960967,2.36395564209336,0.287257197669231,2.08525914150571,3.74127294243434,-1.0419923870393,3.51628201421773
11600,1648,3.04190815752304,2.99155265007612,2.84230751104804,0.425687600904762,2.27756420463508,4.2966369615245,0.692927225605984,3.12230657781545
11636,707,2.32911470572278,2.42033069805254,1.60916142094826,0.338310333908016,1.60916142094826,3.36800711700864,-0.415638855970167,2.25935221554569
11672,3449,3.1766184813202,3.19475027265961,2.85441617645612,0.309455093014379,2.26747763476767,3.94310527853396,-0.588639443737401,2.78702529899641
11729,1346,2.51691595845741,2.68830795169939,3.03382344850648,0.528777401010735,1.74161113622564,3.96654642769508,-0.115703699218687,1.78079613972468
11749,2887,3.00954615649599,3.02647258003867,3.340317027621,0.275053527218467,2.04849693489499,3.5814351777649,-0.781147700647259,4.24334313545158
11923,3674,2.90957215737669,2.95408493407402,3.22433895068878,0.325715820957343,1.39522447702123,4.16605236676227,-0.429751038585814,3.36849062800609
12124,4872,2.83010953231212,2.88785245083928,2.73262270956065,0.355364841664481,0.911615577640068,3.62088679217494,-0.815858710714516,3.83510987452623
12141,3818,3.45045147807636,3.3905805743722,4.90183690041936,0.416926198566763,2.64969637956534,4.90183690041936,2.26082717355975,8.5624984037631
12142,3610,3.39504797135501,3.29017510404851,3.92098907189415,0.419540431273596,2.33070646498145,5.13898323209934,1.48447138222527,5.63287830952109
12338,1243,2.70495138039987,2.76689872432193,2.76190465647886,0.477161179612754,1.40543849797701,3.90646575291672,-0.272794702905912,2.39624095096431
12368,3146,3.00047896468363,3.01732092553438,3.37452707466618,0.303246060876198,2.13677277104702,4.34710675966379,0.00664312168057506,3.68045180977177
12383,1619,2.68668862213285,2.53148039017502,3.7713263024552,0.439175225683038,1.91260788917848,4.01749023799597,0.676375117421642,2.56400125727083
12384,1802,3.14432691684777,3.17470524138476,3.63756664491569,0.305866061728964,2.28497100458362,4.30019224838994,-0.0854161586380658,3.11329920495266
12389,820,3.18773640411666,3.19747491750883,3.16087607131754,0.0762815460315253,2.71722292311722,3.3877343016643,-2.00752039391187,10.614336504987
12395,914,2.49382836597741,2.44848589358601,2.89812834611031,0.307916587367578,2.03177502265716,3.6671282972439,0.760929977471594,2.72951514005531
12459,754,3.09421837913233,2.97413694185161,4.00479050305412,0.458977226043199,2.40789430476599,4.00479050305412,0.797530261377244,2.50768822598271
12589,1140,2.03642679846953,2.05901935506983,2.31187315697632,0.544907204252172,0.175174373018041,3.97639142414275,0.154895533475195,3.14399426215883
12689,2569,2.46174522435431,2.47404632691805,2.21650633944095,0.351351319282674,1.70649429767736,4.07161897654481,0.0379815003679879,2.32599224889289
12726,3371,2.81398735071768,2.91691823160843,2.69235326741474,0.310939237063474,1.90105323885784,3.76027284341601,-0.726203871784755,2.45730306740318
12785,831,2.27693305465062,2.24719686401303,3.05834577780883,0.398340030801194,0.834450802026037,3.05834577780883,-0.556884697644176,3.07974059985632
12884,423,2.20740897144489,2.23304895775111,2.23304895775111,0.0435874984791316,2.09937358524263,2.27177442363635,-1.01107690404906,2.78075100585062
12886,1290,3.39166929976843,3.38430074816189,3.15422731525595,0.0826014094579299,3.15422731525595,3.68519035843716,0.548271301917134,3.61061604847203
13125,1658,2.69617433337227,2.87377252531389,3.50377020471724,0.407456261482925,1.4760008258381,3.52801446563992,-0.899564979573552,2.94244263585486
13145,4794,2.61338878787282,2.76171291406526,2.73262278012884,0.505456331620953,1.34190232818102,3.68265372889721,-0.459120666888716,2.33119674886939
13312,443,3.29027357083515,3.31369744340817,2.94204992030167,0.0960628142347737,2.94204992030167,3.41547929709744,-1.48520586647046,4.86268166161661
13380,1797,2.34451998883729,2.3809676654274,2.85674783451623,0.378684054788228,1.24453059512384,3.89825282683774,-0.458970120543273,3.63403871212922
13421,573,2.46452049700853,2.48230109534887,2.48230109246947,0.196644129781118,2.09421091110074,3.07343338321529,-0.195140537951162,2.66423492151246
13440,716,1.887265523528,1.86843074032299,1.64733582936108,0.209094819282354,1.44007207605687,2.31935770727022,0.178392401373895,2.43389758406693
13498,4872,2.99098090145699,3.15008672674051,2.63587517526934,0.438506746290326,0.772734641801727,4.04439158568364,-1.23809599013248,4.45876734420254
13510,334,2.87356665184233,3.16524961342358,2.65956123708187,0.673268939133425,0.941623262776694,3.66650928917712,-1.27651592336209,3.41326526815227
13561,4666,2.07665171176852,1.92658128642231,2.82793619789238,0.782311591096241,0.121376676503325,4.03501096234089,0.328505760899111,1.88618754275569
13683,4872,2.93475174651567,2.96439257152614,3.84753557843851,0.35643145942841,1.96041520769853,5.1253899252273,0.49580785880859,7.09401155707288
13709,175,1.83661832584925,1.75815988297096,2.40731962240687,0.240174035827157,1.63864569700132,2.40731962240687,1.74897466431239,4.44806322901067
13714,1077,2.83820301772308,2.80950068682886,2.80950068682886,0.0873812214710902,2.59296105479438,3.10489205692272,-0.0683525950029193,4.78086775147248
13971,1197,2.62649074766902,2.69987104411397,2.75416155203281,0.188773021008879,1.89587886605563,3.38903558637178,-0.562754290825547,3.99706895747282
13988,2239,3.05612951989294,3.07100147290325,3.10068289111777,0.351484132891871,2.34491601953239,4.14187311313874,-0.104578039313511,1.95300463926718
13994,1591,2.92388902315058,2.97003827575722,3.69306302865279,0.350889447489865,2.11377555836988,3.93606772693579,-0.377023565124876,2.34905395361951
14065,545,1.68515226348399,1.64543969470245,1.64719148102709,0.0974804241927432,1.45702813394487,2.11632060848314,1.22543204531931,5.10647046764708
14078,1643,2.54229892694532,2.59632264901239,3.28136855607963,0.336345005569268,1.60567645396214,3.49044353137643,-0.724855132302457,2.81335636976811
14087,985,2.87146063655498,2.78230948689639,2.7867260350041,0.344754974115689,2.29854036595183,4.35908372254038,0.602712203345553,2.71879000641419
14163,1084,2.09525322883346,2.05227576731999,-0.00965621714566531,0.776499238252111,-0.00965621714566531,3.477773830821,-0.208779251624196,2.27847882640406
14313,3008,2.63573573523233,2.82868226675402,3.42064956474672,0.448720111147923,1.0723603661401,4.5412377022465,-0.605160893239321,2.67228831714846
14316,2595,2.96463860782831,2.97357020581186,3.62599516231164,0.307710296315656,1.95941242808242,4.14945204421685,-0.0795933959172436,3.92452084513235
14353,3114,2.63821601403499,2.74852969602855,3.35460825744878,0.398525450920895,1.44239509588056,4.21381070477827,-0.67203151773358,4.47877430917634
14359,2974,2.787144467642,2.83969731915387,2.68824589575875,0.302712744085812,1.92519553484762,4.07126809574596,-0.503271737926369,3.05704951144903
14369,2510,2.89228707755926,2.86568030071698,2.51064605251466,0.238719386239563,2.11972982576071,3.95394757582476,0.0969137689219337,3.13946921673728
14370,366,2.70076704198493,2.67856468295097,2.61094406707927,0.0444137599222341,2.61094406707927,2.79232826204612,0.569567591620103,2.04603535944352
14372,1234,1.43137122461681,1.48265030907167,0.750284559363349,0.545564740918836,-0.0049138677997817,2.84523998696694,-0.122282973454141,2.30097102716933
14391,1478,2.83995387649194,2.94911197613637,3.314167650791,0.34044079134617,2.01373165305275,3.72597023379511,-0.447859575063158,2.31136510565399
14412,123,1.87292796113044,1.87219988451373,1.82421217928749,0.0243200550671437,1.82421217928749,1.91042347465541,-0.390153238914425,2.13431877089363
14418,2559,2.64177400684191,2.7393460868913,1.5664481637587,0.396528726938546,1.5664481637587,3.37263826037302,-0.562620511472252,2.39808076536181
14447,4835,3.12210708699387,3.18460486320921,2.27780507366049,0.298378950830923,2.27780507366049,3.66489752863456,-0.682575070684224,2.74909072168041
14477,3804,2.91780551701553,3.00802229102471,3.85878661732081,0.402279390683467,1.76480239107749,3.85878661732081,-1.06019944794532,3.37957737551362
14489,3555,3.02410669737629,2.96016394238704,2.72065006355954,0.291780233367973,2.2127320524685,4.19217161023691,0.279596212099501,2.68760617278868
14535,1141,2.78679664337895,2.86895980147987,2.1819898216798,0.39771715759079,1.82290973350338,4.49243550036706,-0.34742223599837,2.71920422891037
14538,4233,2.91433250282937,2.98262633732884,3.04116631772205,0.310084195969415,1.59315446086548,4.50536365717638,-0.339546534391918,4.79164972110746
14590,1219,3.01395317375499,3.1401635943206,2.59229975874495,0.351178688717484,1.65824803557716,3.50900300203247,-1.84032596521652,5.60000722461365
14605,3686,3.02702943566852,3.10367230852767,1.90019561633691,0.302593402498908,1.90019561633691,3.59033195143262,-1.23984226706217,4.53247530016343
14611,971,2.60897807378333,2.57621492006337,2.57089459628453,0.404432790927019,1.88358989251634,3.58504986870469,0.124672430172886,1.93931551678015
14620,4797,3.088299791249,3.13176666746523,3.12169034228123,0.238277071252845,2.23717851171467,3.83510672782398,-0.704947752460308,3.5488618465017
14624,2194,2.52129684781093,2.41136516745027,3.18152158334443,0.613450412350358,0.623595706437655,3.96280203464308,-0.36286903119539,2.49965381681361
14790,846,2.19345444132049,2.24759316497957,2.14765524876159,0.448291605671079,1.2476000254174,3.75149750545293,0.221465691083625,2.95661841303034
14793,1193,2.4052214717477,2.40567822369867,2.51312686230607,0.290566259857844,1.73991826111673,3.92698904508388,1.01551494844293,6.08075639093029
14822,1664,2.94338555860353,2.98312701171498,4.49647195060914,0.330451699338392,2.1791218283699,4.49647195060914,0.557414076371991,4.70529838433878
14894,2489,3.12668589820517,3.11885307802542,3.71022346560513,0.333690059124636,2.19150013514836,4.12490362725211,-0.139946684527389,2.72250634390046
14934,1800,2.96441484528942,3.02860447214325,2.24065449085904,0.248077498546872,2.24065449085904,3.83196988224531,-0.474286607479315,2.61099408805092
14960,1460,2.99269506374538,3.0427751141362,4.30593378821499,0.365929568769402,2.22980745695043,4.42377337370203,0.411124020489579,4.11723875571032
15055,2115,2.89475888286234,2.95081745040833,3.36391147528978,0.357651920481349,1.71542186905083,4.00673141298815,-0.83246606992522,3.85002258166867
15070,2871,2.99164912046021,3.01030963130728,3.4212766559137,0.374749762516584,1.84434663984766,4.37362005405798,-0.490870783545971,3.0903866236164
15142,2568,2.13397171887469,2.31757343129629,3.26428265318271,0.807304050700531,-0.66146930918644,4.24018117187435,-0.294692908297556,2.32173793702992
15172,1496,2.74531164034538,2.72412658142736,1.83133886484306,0.302632331909371,1.83133886484306,3.22727287583671,-0.343089936033282,2.1441396804261
15247,2564,2.92968159955907,3.03362088717548,2.06313981910937,0.320604911587135,2.06313981910937,3.72169363660279,-0.702914413373465,2.49411824106965
15261,349,1.4837733001059,1.46908266343899,1.46908266343899,0.0407407977802557,1.46908266338502,1.61239798492832,2.70629339909262,8.63412587162819
15319,2069,2.99659369776643,3.0305841404305,1.99964897049454,0.271865919393482,1.99964897049454,3.39473076149676,-1.1392421845008,4.44369310539978
15334,4853,3.13043393112994,3.18096440626766,4.87861331752611,0.263435974033042,2.26844727722427,4.87861331752611,0.274387890851714,7.3810963215065
15362,1049,3.19622711160316,3.20939794803717,2.76806944417235,0.1366947375735,2.76806944417235,3.52605274341778,-0.354149007255765,3.06422906923142
15406,477,2.30819045122921,2.33221207695328,2.04264680643554,0.152765941795702,2.04264668861249,2.57277083376417,-0.239471097934375,2.56353616915677
15508,4502,2.87566170340684,2.89691573278301,3.32237901174047,0.409877596580819,1.5978428375918,4.24340756072765,-0.367812380481014,3.29774346874445
15509,3897,3.02639126769182,3.20621673818868,3.38828186487899,0.431895056415477,1.12534641666233,3.90082138177654,-1.3225418039295,4.03564681193278
15521,3187,2.91297454838577,2.9266993654995,3.26641310804345,0.340189113654363,1.91113634729108,4.04770311698439,-0.260292730164075,2.75800203426414
15545,2718,2.92223258602125,2.92727309856622,2.41021252236587,0.20694344079459,2.41021252236587,3.44393182555134,-0.307379713242371,2.12792412191417
15580,321,2.90121112748829,2.98637906953623,2.33267779402594,0.379542103033886,1.94615865159255,3.39891579537347,-0.532081212213186,2.13643083674397
15581,2323,3.0792187476825,3.04797163624192,2.21400603094132,0.45077604784058,2.2047371797461,4.44417205973302,-0.0460471205560388,2.82535841664007
15582,2685,2.9121650170772,2.871481479967,4.13388877981284,0.438172159753427,2.19703429773974,4.13388877981284,0.392261163688993,2.52804637615236
15598,4814,2.92263950119446,2.95358936457774,3.33651654329754,0.36035824443704,1.84597985053304,4.72815032725976,-0.135114123345901,3.04771301870798
15613,1512,3.14344810645144,3.1570518364761,2.83799553797758,0.0880967689715271,2.83799553797758,3.63331606970775,-0.104637450844376,5.005393650578
15617,1777,3.14858235694387,3.26988052492765,4.13569521720221,0.487093450783053,2.11232629313819,4.5588321517283,-0.156325559373384,2.32721490609509
15620,509,3.16300609273039,3.17362540976494,3.1212841751667,0.066371738033239,2.97691315546962,3.31417018676305,-0.835520302767867,3.73434052043072
15633,1145,3.26240298583157,3.29464004205209,3.77564851981154,0.260637141311207,2.66400100647087,4.47863563751432,-0.181922359484171,2.31998055859931
15634,1861,3.10949385922806,3.31479906856178,3.27732177367609,0.421705507485621,2.11430057520679,3.80895885689326,-0.649983241837137,1.86229815076758
15659,3955,3.30859177713014,3.38983008290258,4.28187979859001,0.273298877553035,2.18971884426975,4.28187979859001,-1.00344396346536,4.40531836134746
15668,4668,2.87911870494867,3.01380508268944,1.48587485626763,0.399034212216564,1.01848572279241,3.77335256053672,-1.00085158251532,3.9607833738201
15679,1512,3.244970033997,3.25095960460885,2.9222550771568,0.119610356442058,2.9222550771568,3.67150280119701,0.185208076703397,4.30922326288889
15704,1002,3.35599833510359,3.31579832273975,4.65194145327906,0.412476913088753,2.37927692351567,4.77650406608942,1.46398089836365,6.64594618398526
15706,797,3.05679061699028,3.0647015619668,3.17470181281082,0.242002299733148,2.37701402656835,3.59062703302846,-0.16478263502933,2.4716054062261
15708,2207,3.12612423793762,3.14340469577504,3.10378994526214,0.348726463247688,2.31010911367981,4.36984851408913,-0.344211883525816,2.54328761519744
15724,3453,3.11396497338147,3.15788515856008,3.63245971117913,0.256418673894037,2.31064684656002,3.85785989404913,-0.39752787247354,2.87521654308866
15743,1512,3.27668388966693,3.26770653536283,3.680478427787,0.158108471977185,2.88118016412611,3.94784084217052,0.732303431671992,4.12406476473689
15782,864,2.88014852727958,2.9630215457752,2.32388482930172,0.245024299202091,2.30999125171313,3.15368797256556,-1.42559073398625,3.93036689140697
15889,299,2.57398181958985,2.58021394568676,2.36360357299814,0.0809353588131765,2.36360357299814,2.80547728984451,0.00231390897121392,3.00056497856161
15929,1190,3.30435538167742,3.32094792235417,2.29818124324794,0.362093993796799,2.29140913392483,3.91043070039723,-0.710026998927392,2.94180539969448
16428,1605,2.18410086786501,2.22515876570597,3.33671457315155,0.291523518661758,1.2755513699463,3.33671457315155,-0.552341506482281,3.86041326413687
16477,1652,2.09869392323699,2.11643647478834,1.88499950479652,0.642445127652195,-1.09651407914585,3.82664091408086,-1.19801747882933,5.87693396749214
16478,419,3.13002334872642,3.14102629096358,3.91336669037811,0.39273789386349,2.24379905903751,4.09298677514765,-0.35788529888452,3.21347416198991
16560,1733,2.88128746194804,2.91643284539558,4.49805633947852,0.553506442164573,1.68217679645198,4.49805633947852,0.504728920580341,3.12652518043654
16590,1356,2.74336173598005,2.65072789044345,2.99390896574965,0.186522192548864,2.24588368544071,3.30393916279716,0.815413826628368,3.04619449768193
16603,1635,3.24505046309179,3.36376243641722,3.5042699596,0.327326595988034,2.37183409777056,3.75986822746652,-0.786692218130344,2.72712965602819
17420,1868,3.09700651487477,3.10702905040247,2.83228056663069,0.30703413033142,2.19950191335268,3.77775535014695,-0.514893025046909,2.76087173822245
17436,2570,3.2835570535565,3.28556160630249,3.06236938548976,0.064139512131114,3.06236938548976,3.56778156304691,0.885142380284928,5.67159257008375
17452,2835,3.21743334244162,3.23350374068282,4.25858872270826,0.208537770330174,2.65436583912957,4.25858872270826,0.273470378715569,5.10957623796225
17828,2707,2.83901484912412,2.71874150574684,2.64213811494482,0.358561847531696,1.59763977830555,4.15185684653468,0.736218793005014,5.43634521205738
18466,885,3.37357938829544,3.37771764121821,3.25176613495039,0.0485686681428181,3.25176613495039,3.52214201560001,0.0429859923608542,2.85780468092529
18467,4832,3.15100649493366,3.25129006546277,2.92651506890461,0.313047428239745,2.16321066554357,4.69194716940711,-0.976829641188093,3.83272981572834
18636,1019,3.00848279670685,3.10356800844454,3.14340322469121,0.268664268147625,2.19082750270032,3.4748153466183,-0.273985471171968,2.13577675513385
18729,3285,3.36671609454666,3.33715268184906,4.96063489077648,0.326028838024597,2.64278570634804,5.1529176152065,2.68148707564678,15.0892253344012
19113,4857,3.08708298291896,3.20962274353789,2.45272876935212,0.375365697853895,1.85977578110592,4.00001132240488,-0.804402723074715,3.05483421665978
19151,575,3.12625782251783,3.14346949218122,3.16923292179851,0.101324278505863,2.6171603599695,3.35198072135136,-3.13736294828504,16.0938857277369
19349,4837,3.21422597196842,3.29318082032972,3.62152770553898,0.277115721579993,2.25441252986794,4.19340731112876,-0.627328842846333,2.96798438983901
19398,1370,2.07533315339014,1.9686926550016,1.94530664748494,0.186845358169176,1.85240085713373,2.58841325773278,1.30925403541808,3.62737130226962
19439,977,2.87022419197704,2.86425768864043,2.64784916238023,0.342907240289024,2.22962292207766,3.30424784705932,-0.245691255454585,1.69827239690024
19565,4536,2.98067463483348,3.02445747951678,4.13215218473463,0.320545763891335,1.6115391770208,4.13215218473463,-1.10353958496845,6.63043868665663
19625,1005,2.70716529415793,2.7691287955744,2.04401243284168,0.235083134849713,2.04401243284168,3.13740187614372,-0.857921774237828,2.93558648006091
19661,4467,3.22624345288041,3.23010105844512,3.80436386752045,0.384906078103191,1.97038636847696,4.75280170193091,-0.14093327682454,4.59570234382458
19824,3921,2.61478115845632,2.61348356384421,3.50915119102973,0.342540163593045,1.4477755370526,3.77129444042516,-0.0236348032395977,3.28805757159985
20067,3728,2.91341830940363,2.93751929413749,3.63790885896926,0.520349292680682,2.08460530873721,4.87654833222437,0.207378108676335,1.97201383361003
20779,3553,3.27986740746942,3.37411514521108,3.80646152204589,0.283902402140349,2.44121194518557,4.60024120888173,-0.250555606499315,3.05235116198747
21487,1032,2.3420762310167,2.38487414697674,2.58221600869485,0.396448268576932,1.48885654707531,2.95781273417245,-0.802118586386758,2.8742583371831
22260,2588,2.54837361885603,2.68830942436365,2.89783439291184,0.303210119070624,1.94636095323081,3.2852103443318,-0.483225221093314,1.77528665611643
23220,317,2.71041042290271,2.65716629469005,4.18033435988313,0.527776913470096,2.10140471311436,4.18033435988313,1.80100988688813,5.64928597522143
23667,852,3.32895555740988,3.30980425081881,3.15981379044425,0.0776924773907999,3.15981379044425,3.55221874421793,0.686673099563101,2.74582135737417
23671,4871,2.98553835076682,2.98863608653353,3.97221861484822,0.36814330096784,1.78150073411428,4.64092045308403,-0.343871091143405,3.27935831430191
23714,754,3.05170911351717,3.05230537853742,2.85617602866456,0.19508961898138,2.72825586584663,4.66696364550501,2.59976412612198,20.8268619971688
23809,3151,3.02280250614361,3.05097852703227,3.81615974321417,0.313848723129215,2.20334964283866,4.12703953601097,-0.470907679306643,2.75316696573038
23877,1083,2.7736906646061,3.0004157572042,2.86408472708518,0.457895908471658,1.91395725970264,4.12910994044139,-0.415035548675827,1.7755170097866
23978,4493,2.49638605224901,2.55603235078745,2.89461494611221,0.434257639286251,1.37543108455768,3.88230055484259,-0.455041479627879,2.85518513931585
23988,722,2.58196995983291,2.67382991801251,2.73850578510986,0.255153083467849,2.00853051505097,3.09861606404524,-0.993203188924061,2.72809124585365
24032,812,2.56974440757728,2.58230925959538,2.2112439984242,0.152030682652485,2.2112439984242,2.8979863087369,-0.0835244727387792,2.27134074343746
24216,1886,2.33287261860164,2.42906113949955,0.356418660349543,0.420015328019416,-0.00572397725047148,3.31877338136613,-2.12253337473609,10.0395978726861
24287,1970,2.5636640248457,3.02197723655951,1.06757053241187,0.926255153421533,0.113174629160933,3.82894376349741,-0.797023364673825,2.1866403953426
24318,332,2.7409547385271,2.78031357400796,2.21402708442503,0.158177154172092,2.21402708442503,3.01511189861407,-1.18820327294069,4.33924765393842
24370,1793,2.87004967876453,2.96446449721799,3.82645554470995,0.483064140342329,1.6594062797736,4.04454292067296,-0.51922520891432,2.98860881781448
24625,4225,3.2365077163892,3.25485021189066,3.03699198531671,0.255261659346545,2.27967647329472,4.33634476841045,-0.417827450087894,3.03988741307964
24678,1251,2.84340791030209,2.83404007663848,3.4845055121334,0.250560107564061,2.20724121162484,3.74026863160844,0.404736219314356,3.23024260936629
24731,2336,2.83562415867051,2.94014052411829,3.53261326051885,0.463170895810684,1.48331677488634,3.78214320879643,-0.561142393863882,2.47902283125968
25021,337,2.44951915207157,2.59467910024655,1.99681638821645,0.356400217838347,1.85209627743144,4.49600785842345,0.351202525768987,5.61772675647582
25056,788,2.15072390445923,2.17653305193704,2.15216891084139,0.333913698553305,1.28774536767257,2.58119342160201,-0.692810068116651,2.39248920899943
25119,2016,2.77535250945299,2.89624975711701,2.99720773847808,0.387140379654177,1.90315450569451,3.89238433119846,-0.114265736006438,2.06639589380939
25124,2743,3.16345411664759,3.16452920038919,3.54552670303954,0.333296683928598,2.4285949025578,5.26442992892302,0.243140037919896,3.4820149279076
25157,2202,3.03852152063656,3.07225513436247,3.72459795036818,0.346035196379774,1.96207582059065,4.55914361437057,0.00220350665260131,3.69852888899862
25180,1080,2.93723927585826,3.13087225358585,3.67702863788785,0.53270747910586,1.97571240598498,3.75640609503081,-0.16355071924382,1.84495385869283
25279,3763,2.97810871360881,3.06226779562971,4.09695686126697,0.3839344572342,1.74763146239787,4.25906466628236,-0.628874658218602,3.27007531703419
25283,2786,2.99154190331718,2.93963507622493,3.78380804236369,0.360175955429388,2.11040925696057,4.15483781095035,0.249557970434869,2.59052237163152
25340,1622,2.57445817875374,2.59697435467131,3.19832289108865,0.431927721128889,1.69741977831919,3.5099149876582,-0.243462626609556,1.75149415581901
25356,1105,2.84909182830483,2.79770758799465,2.52810917149405,0.248998935814138,2.44409392527847,3.26131955803776,-0.0544382151367336,1.63022777399097
25389,1345,2.32425925828477,2.31936572526392,2.04568604701851,0.331356062601317,1.21136684018449,3.65184704820434,0.263867386309552,4.56329031241053
25495,897,2.4033353438765,2.29449043513309,2.58815961243296,0.323856275051768,1.92753066955561,4.15122079600466,2.35903800342768,11.2826529012452
25627,2854,2.99901765997841,2.97928023202001,4.18943247488064,0.455213792531136,2.06456385880999,4.72557396448478,0.99524781021299,4.22709087387207
25648,4751,3.21397696629178,3.27253118249758,3.48551218442618,0.330285806186298,2.17005601975157,4.15708046091364,-0.891458148642588,4.04252399468622
25714,1512,3.1852081835339,3.16969894942717,4.06268476365399,0.167745537028294,2.84042486148622,4.61807171127077,2.56686074205548,18.6131005037695
25751,1348,2.49871985741612,2.44894944469362,2.29712805681345,0.119523071263096,2.29712805681345,2.74175840207778,0.447888512101666,1.68327665434771
25895,1987,2.28162384350142,2.54316186064273,3.78664688419417,0.911321111623128,0.625696380837167,4.50063152783902,0.00824324589023501,1.58273906898423
26061,611,2.98240240793667,2.9757130062097,3.23164064271453,0.214951763886673,2.34958152960427,4.48106432150296,0.977492696133462,10.3160418018751
27780,1826,2.58661043301662,2.66448900052563,2.75255060144311,0.592902991238423,0.374218457757302,4.06964971072726,-0.693100831383802,3.18250062065187
27786,2229,2.44583570723886,2.60243829892168,0.793138256020626,0.53449482983436,-2.49139281168244,3.14778526239183,-2.48221413957475,11.2784761116103
27914,3304,2.85992167178422,2.90538583773523,2.24947773714135,0.362541188066152,1.94020950576981,4.45318888619998,-0.367804611042851,2.28580689991259
28139,698,2.40269257295594,2.37998535844078,2.37998535844078,0.394711712673395,0.727915396422099,3.68641854435161,0.295854610958386,2.8923918422993
28169,2651,2.91555959101855,2.90869891134764,3.94331840504593,0.329438471972765,2.105869381471,4.36722492187649,-0.167962771294062,2.6767097605791
28191,4861,2.54767076950488,2.7571563210231,2.82152855768129,0.610694141358237,0.775718480330078,4.89754964773663,-0.703064151551844,2.43016511131676
28194,574,2.01841491329118,2.15336102849889,0.615830166412464,0.487532145013314,0.615830166412464,3.35330182967057,-0.605013814617511,3.0719506386279
28195,2698,2.40681433346811,2.40983160256896,2.23509436178854,0.327267820706186,1.67003155627508,3.03571784293754,-0.220185393456176,2.77885823793261
28216,571,2.68427444647967,2.58003568954831,2.08144569834121,0.446147328134467,2.08144569834019,3.29898622382845,-0.0363667910030278,1.19277952550303
28272,2989,3.25083167706948,3.22182580054573,3.51652159803594,0.33228749974394,2.28417196488998,4.32013732743726,-0.111715504108444,3.2045645975282
28298,793,1.3168680506547,1.41630231879367,0.732001649448415,0.275271250187257,0.732001649448415,2.37746438388469,0.707542000323516,4.47145409676897
28322,1530,2.78908139016451,2.9847786597154,4.1093488578683,0.514210879697482,1.62646919535822,4.69950468098416,-0.126497510360964,2.89386953322161
28349,3520,3.06405820908548,3.11633753887275,2.53901282222451,0.350956651824517,2.04851860673305,3.78839518260205,-0.564303076267889,2.7150480646946
28520,1439,2.14281409390222,2.18446130260447,1.81769535327394,0.194610414190287,1.66554906274084,2.81502990668171,-0.559832376351411,3.10541363760761
28629,384,3.12115117474381,3.10965491362941,2.99380142105563,0.178919793488156,2.0306096729999,3.45116945353886,-0.986251980928926,6.68126346183624
28733,3031,2.86665406204373,2.91624663893922,3.50200928713684,0.386407817789156,1.63685393867483,3.90323025706131,-0.344385458991004,2.1645111166261
28742,3866,2.98425065710701,3.04845395237077,3.09277754425354,0.333534532111588,1.8475329268991,4.01830129142575,-1.0282187719795,3.81857310662514
28838,2256,3.07313489123543,2.99901685197701,4.11868788375092,0.32521960634525,2.43424175069296,5.18889035074198,1.32028542552193,6.36808256237159
28883,2173,2.28722159586951,2.33439705716558,1.71186962092101,0.18073833793999,1.71186962092101,2.56084873074656,-0.898725587086107,3.31098588437719
28919,340,3.04551608823959,3.21161613827435,3.15916479979186,0.416227483676507,2.00333374832834,3.64511054920352,-1.28189662515215,3.01776771301858
28930,4871,3.02408902391691,3.15214195795881,2.6435755987533,0.366194289902788,1.87085454486693,3.77445297153346,-0.856037714363755,2.82680243886737
29011,3423,2.48750816349094,2.60941829740201,2.78266354576543,0.5113303234358,0.384131931749646,4.43633830344577,-0.652696161913987,3.87105795423161
29028,1976,3.24836593171822,3.23734236957477,5.09144841737231,0.323034809029051,2.41713442417741,5.13999481326531,1.08648063305011,9.74589126972102
29039,2648,2.54292056325043,2.5557874285584,2.24056644775992,0.164724983747439,1.731000699251,3.11621075259397,-0.823912596120715,5.71309198130409
29099,1481,2.99451124676194,2.9619920435341,4.48211521701944,0.686401779355657,1.69699214489407,4.48211521701944,0.258048845491291,2.8881652529845
29173,1568,2.70751422320889,2.72781140827318,3.11072250401166,0.310260721152092,1.94935802172336,3.93479882446355,-0.109849547228872,3.36797425707714
29353,1643,2.50927088390525,2.5780977600782,2.99825559347889,0.372208860441148,1.47137189916133,3.57834152099023,-1.06311339352806,3.86139310715749
29389,4809,2.99725023086811,3.14983770645261,3.13102904853688,0.416917263480057,1.69694890670278,4.05138740831757,-0.741146117323328,2.56289334691989
29392,3546,3.01050848277121,3.04640174548963,2.10682015940986,0.266119197178606,2.09846024331327,4.55969325046211,-0.782514634983447,3.99426698025073
29511,3303,2.96472275699608,2.99582320957182,3.36995161395805,0.27750668114467,2.06337184435695,4.52627006516098,-0.706194200236462,4.20142065724245
29710,2415,2.60092402158063,2.55472529388914,3.3966560996085,0.330158782561691,1.78304694423831,3.81335688514439,0.188596010552692,2.70207179659797
29733,1718,2.99858373386946,3.15657538932456,2.78030728146322,0.47296070530367,1.77803590161089,4.40062202246073,-0.486297142835291,2.25721475905464
29755,2162,2.14139863670934,2.25493422046909,2.08008273531965,0.580114351342764,-0.581811814468291,3.51857494424818,-0.701051899271379,2.83329098882188
29804,391,2.36223625897962,2.34851297767243,2.2406196196333,0.341951963863167,1.85694869499585,2.92473262265257,0.132308312999917,1.86948134117722
29830,1705,2.54537788008583,2.55806250335047,2.58833464074552,0.268693154352755,1.92488780671782,3.53310569488212,0.106824463874922,3.29638222530123
29850,1196,3.06071994858692,3.07120079228139,3.37783121733429,0.302485065658029,2.32861402773551,4.09976350578023,-0.477394973016192,2.38237327122277
29875,2863,2.92886811101122,3.01440067794759,2.51600252473459,0.373749112615679,1.74926295321497,3.95760837334872,-0.50641407869173,2.63512669545569
29968,1481,2.33700808386626,2.37234482700154,2.37787733432546,0.369865288127167,1.31184730208172,4.08586495879592,0.0221032708908779,3.05324471252788
29984,1047,2.94363809316277,2.98968461970412,2.26265504676978,0.206901540956768,2.26265504676978,3.22123544036331,-0.943017844728634,3.31481397038598
30024,340,1.99598779304843,1.99062571319156,1.99055236496704,0.00898794753171438,1.99055236496704,2.01928208762771,1.53634705740228,4.07351731697406
30098,3918,3.16795273409804,3.25898299883432,2.79896904599986,0.315562544435637,2.31412212360837,4.54475125521889,-0.608952854040287,2.43812631031587
30170,1002,3.02881490222598,3.04141549650559,2.77477457118468,0.08923159201082,2.77477457118468,3.30719043915267,-0.435042116167358,4.31273690824359
30298,1411,2.68282160521326,2.8107471082355,2.98137741343249,0.479943260345201,1.29337082440033,4.19764099374625,-0.512136443432185,2.68240629208814
30354,1558,2.8886317846544,3.03721287497103,3.03721287497103,0.508390375163977,1.70178388515038,3.79285059701132,-0.493634911348786,2.11589118865714
30384,1773,2.50870118926816,2.37851002825799,3.4087615887975,0.651005376748497,0.87092781034596,3.9809698198454,-0.170158121939296,1.95324953153884
30452,3824,2.63932681197918,2.64727603252406,2.80205990620156,0.200155776429925,1.89958399274575,3.4768974912182,-0.164836563165073,4.18373945501428
30495,383,2.42227178110136,2.65123516310524,0.734410592261098,0.504652570273987,0.734410592261098,3.35481945091153,-1.36794632016143,3.71948042547581
30501,1512,3.20403404047819,3.17336477564927,2.88574804094586,0.160746535448499,2.88574804094586,3.65045930095456,0.643866110382883,2.62369977621064
30538,942,2.33418452924995,2.37844009214635,2.00485553955537,0.133224538760222,2.00485553955537,2.55779611656854,-0.6016470743057,2.3624849526346
30580,2795,2.82831727768153,2.62228769033444,4.25260649646614,0.667460985804597,2.01661956954892,4.25260649646614,1.43428481266308,3.57583080911884
30637,2359,2.77747588415615,2.81067426811477,2.73789502684686,0.371799482425197,1.63336152215056,3.7783561880043,-0.527204988481703,3.70842478747895
30806,2092,2.40969385341114,2.4155044649082,2.04565389362259,0.147084620927526,2.04565389362259,3.21049676989141,0.429596966673693,6.69688945340613
30807,3570,2.79317479050684,2.76194023410712,2.61164608525341,0.377728766273893,1.53754709439237,3.70475276423366,-0.405904275013148,3.16484012443113
30821,2009,2.62104304708372,2.57655991995454,2.89905782194532,0.297858554320342,1.74328566645294,4.02292395795298,1.03835498037415,6.07487752204898
30874,3162,2.88187935137392,2.92311224451327,3.55716758793105,0.227719699981157,1.95776004363319,3.93896347475286,-0.760401369700853,5.16811259313909
30923,903,3.04861707662313,3.14472079444929,3.59369866364767,0.326479638806871,2.27941408560594,3.89619360647275,-0.954510116368774,3.32975081108158
30990,1743,2.75466993912725,2.95174298934154,3.59959271374809,0.602714402492153,1.09219886677707,3.84399059140376,-0.49802465407457,2.07122559348024
31137,895,3.1092648124582,3.10241329734694,2.83546768780697,0.11374546714755,2.83546768780697,3.38148748141423,0.30010701628255,2.37730572992988
31142,4837,3.01056011909784,3.07108814709607,2.46381193482859,0.328276504227261,2.10187428308972,3.88861305244774,-0.747781463762676,2.72289749360222
31673,1789,2.94526945041834,2.97301089582945,3.10874926810181,0.281626147052205,2.08301642305439,4.35571478574515,-0.384336210484613,5.09402998197986
31846,3041,2.98518989246527,3.03397231197582,3.49293708474396,0.309599378972912,2.05735129138878,4.39000728709595,-0.258548334521626,4.13508691870158
60800,447,2.20809304559151,2.31331932085005,1.89355840892653,0.525284851793209,0.599202519889856,2.89212566314806,-1.03538242464145,3.97077009085354
60894,1064,2.98855838310728,3.06221553395372,3.37933809381798,0.401134406142607,2.14546785605684,3.9483909337287,-0.373166416909299,2.10759874348623
60900,407,2.42670855624425,2.37763382201485,1.9021634151191,0.224314709939932,1.9021634151191,3.16496981891614,0.80846769939356,4.14604105751153
61067,2261,2.5051210545824,2.52439961044269,2.16616540996939,0.120344199531986,2.16616540996939,2.82739839991355,-0.367516477104531,2.99657060123868
63120,3662,2.96888311032586,3.02393639397547,2.13439602675117,0.345314887855381,2.13439602675117,3.81106301203216,-0.359120585701785,2.53166693448274
63477,4856,3.03332801076867,3.09007890668064,3.40275018450861,0.276051585558433,2.19743404166271,4.29757646173854,-0.339864130586873,3.11830776601219
63501,573,1.56616479493575,1.70402011798683,-0.37030279754908,0.691372978334177,-0.37030279754908,3.25999415158245,-0.106999630372448,2.72082648617881
63546,3054,2.98122881541539,3.08701869824233,3.68983275813816,0.345137148018577,1.72575788919874,3.68983275813816,-1.34676957903586,4.862085166821
63605,1800,1.63680115605719,1.56067334040456,2.93809675040075,0.771823107267401,-0.536098707472008,3.53693987711167,0.371049903354813,2.6400826836576
63892,1394,3.05143996456356,3.22507823469878,3.73097369841284,0.443429563517262,2.22555759427448,4.17213534776897,-0.06077636499156,2.29060648418097
63914,669,2.68572334783036,2.59088356909495,2.28597538931365,0.244010004414407,2.28597538931365,3.53437186446667,0.831324457893574,2.79302490651763
64030,1334,3.02062716040177,3.13858900922786,3.59112102788688,0.589008115128645,0.967828532551709,4.19334528148579,-0.292414423158436,1.76577459433292
64166,1759,2.97043415723932,3.0193185705615,2.47395517931508,0.175296427501056,2.47395517931508,3.51945397779084,-0.545413368360389,2.78219819468909
64690,326,2.83895951311332,2.87416929619863,2.73764590195375,0.0768875790568713,2.73764589562058,2.94424552232225,-0.273265930736989,1.45297586016414
64891,1909,2.95503619706874,3.04461948406837,2.9782288013578,0.314502200482829,2.30934591141228,3.58021684752792,-0.500149992962168,2.00011204943852
64910,3943,2.87711697411933,2.8824339932318,1.6034926493364,0.438316726822161,1.6034926493364,3.99121222552301,-0.623562385189461,3.26375004427888
64925,1157,2.74359734045719,2.67761617600265,2.58138725200222,0.474847710564215,1.6496354388363,4.2238760906548,-0.27072593926989,2.06451429940385
65248,1348,3.05804695234518,3.12337226333768,3.30725999475424,0.432860272954984,2.0643274987612,4.38339114049517,-0.454164434983131,2.66352337538539
65350,1552,1.10415392372237,1.13945374735573,1.1433059734947,0.574589622291915,-0.554797811951284,2.17568823524439,-1.3748332146748,5.7890131496919
65399,2367,2.7069137890293,2.75905239769214,1.43357197288044,0.350583323267312,1.43357197288044,3.27976375463557,-0.838625829587881,3.30456800796534
65417,3456,2.90436695189983,3.05550798578976,3.13653053082554,0.455011690953631,1.83976367706881,3.95687311209582,-0.992848259480596,2.92789253811329
65459,249,1.56521501178757,1.58605987496751,2.03569335142317,0.383874938859216,0.970993442126418,2.14471716117479,-0.0748119574822863,1.612375911563
65590,1102,2.16814215345927,2.17962654191279,1.83487462455401,0.14384057834946,1.83487462455401,3.0877816577049,0.91458523917979,9.79494471647529
65662,3553,3.04175597246609,3.01039180419004,2.36795684822549,0.231255260431316,2.25183720152003,4.07356003939827,-0.0337659073578102,3.55061438701329
66016,1359,3.09332290769178,3.17445957250155,3.89667957230142,0.34826057781839,2.49847414680219,4.28873769446903,0.439826898073572,3.00565211304561
66065,888,2.38336793292668,2.42751324037991,3.09266042398839,0.449864515762196,1.41376526629566,3.86227728325328,0.102563300621264,2.39115981327305
66290,861,2.58941551828357,2.46958193526074,2.30167116842718,0.269413274417974,2.21912229177349,3.23076610924442,0.572126864969995,1.72459186648977
100075,1131,2.87897298188075,2.92703330615384,2.86432401277632,0.322800495755015,1.84509606906153,3.46828463375885,-1.22177932324198,4.23896529947945
100080,4815,3.12083798343728,3.10886787141111,3.34482741768956,0.24271810266323,2.24009992212413,4.87160211641135,-0.30898442452129,4.08159288826583
100103,4556,2.88837586733409,2.89900769873794,2.43174051407032,0.338613393860294,1.92129498698626,3.79727743323049,-0.336883652105022,2.36090611810772
100135,271,3.26349791936133,3.30467257593668,2.84867551949858,0.143518293056778,2.84867551949858,3.53099707168725,-1.00373622523549,3.53007487439795
100165,1339,2.73693801373511,2.86517351129154,3.72642450831348,0.327542432756997,2.02693541200574,3.83008579271248,-0.546692479235793,2.88420201567672
100245,1412,3.23050527526397,3.2095101262946,3.29124886987542,0.289813616560218,2.39906729606543,3.84972008080348,-0.136982343586557,2.51202306047085
100424,1898,2.97362417683993,2.86086499468562,3.79050936349281,0.403778234554676,1.95554447194478,4.23812262904865,0.477698701595907,2.52921502675804
100572,4872,3.0485501345686,3.06647157296275,2.61871188885751,0.222796703082928,2.20178284056903,3.82258419043553,-0.829383161436967,4.0541732043036
100581,2106,3.13581690532085,3.12564600532518,4.80703882929825,0.295166704717124,2.38140287777871,4.80703882929825,0.652266549453829,6.41918941341586
100590,1965,3.22546062317739,3.22138810084988,2.85943483639317,0.137011422883146,2.85943483639317,3.50001070130922,-0.00459431225658916,2.16631305183365
100609,3837,2.85342886369156,3.05851473620148,1.00182181951142,0.475417514617331,1.00182181951142,3.73953658457263,-1.34170050060508,4.30043738001123
100699,4248,2.84473669003297,2.89173209323127,3.70411838586595,0.617682931720398,0.395704295515995,4.37954652108403,-0.784223146483982,3.71508105390508
100737,1342,3.12820919011844,3.19414688331358,3.96709053396691,0.514878756859855,2.02889228099057,4.14431951562711,-0.0914961547403161,2.22865946836396
100760,2542,2.90415361539279,2.9537758396693,3.27108516446158,0.352840179793869,1.86096125003217,4.35937504823775,-0.643511090322376,3.58570159526869
100781,572,3.0167437141833,3.00200016626681,3.01713820081096,0.325356690346873,2.1612695524114,3.93743575143802,0.272990525009605,4.05154369080133
100953,3320,3.12641996617733,3.07356714164888,3.18015052548842,0.272388448493185,2.47480775687979,3.88263755411884,0.278901012334533,2.61247511960249
101020,4789,2.86442422494532,2.90163238004439,2.64949843024415,0.361388666887214,1.85153524847561,3.88805180370949,-0.535382525822519,2.6567231489455
101202,1824,3.14636149653837,3.1527424380174,3.46530270546379,0.262423756997285,2.35715938557824,4.04152781760789,-0.338133126193907,3.28712405434969
101204,1462,3.30763154470637,3.36263320703996,2.79655003509987,0.195339924393043,2.79655003509987,3.67557804266038,-0.794578328027406,2.66825620802014
101292,2044,2.78230628657987,2.8525657789514,1.746640650813,0.481762284203251,1.66300702900369,3.72257920427405,-0.734952870930032,2.82862909579798
101310,2681,3.26179550215084,3.21311865306212,2.79421882020085,0.255226272364818,2.68383582020482,3.92172483091329,0.638133040020542,3.2690697205787
101352,1691,2.29913420301822,2.40112838042444,1.63192673370863,0.413895831460479,0.78144984042401,3.61270693425559,-0.607350029008223,2.57794293075245
101361,4837,3.11734676014731,3.12706950153808,3.22307771427114,0.244412546727819,2.30402560766888,4.04430966321276,-0.351600871328967,2.6690815924753
101475,475,2.87195666992286,3.07831537833734,3.01124834200378,0.466230672256117,1.81160018697303,3.49643778212181,-1.25736778401544,3.06871188586019
101718,4854,2.8849523520694,2.91255707632056,2.59286246790278,0.335025268907257,1.95550369736974,3.57776890065262,-0.559386153585413,2.53451261351959
102089,1238,3.11956067043882,3.1343260190605,3.16504129669588,0.30618486010722,2.42208833339614,3.86291775067813,-0.377869536897709,2.29112275633788
102345,4330,2.95428861903054,2.96124862566993,4.53871027287642,0.47579141527133,1.91125645064689,4.53871027287642,1.00907025324212,5.51139724629079
102422,3736,2.80241348981724,2.74910471642255,3.77007894572819,0.431024246305547,0.816476946524058,4.24483674377539,0.16670466103949,3.92893211886246
102523,4331,2.8991770269691,2.98101910235288,1.74001884431672,0.315107810895034,1.74001884431672,3.93675633140535,-1.1051853711943,4.16839327151684
102704,1280,3.1398676369193,3.23066344288844,2.5605584319512,0.364014216417747,2.51553806888857,4.19086750789771,-0.298208964715087,1.85426517387008
103124,2774,2.44558865968716,2.41926816531033,3.40154516991776,0.415095838090409,1.51317995376327,3.91228217366848,0.656275048824564,3.39734272857428
103342,572,2.96571747275129,3.00375919062644,2.67266379319555,0.151543897737784,2.67266379319555,3.20052718563529,-0.461297235158701,1.87646562970313
103487,925,2.61845715312229,2.68554156663148,2.92486058150846,0.328636444112233,2.07280149066132,3.32603654432232,-0.165446803358526,1.7230531498628
104598,4801,2.96722833873554,2.99676365182778,3.85427602670727,0.290408536008756,1.94062133665663,3.94216718201396,-0.446910463224492,2.86238439746728
104833,487,2.61420331502797,2.65757472432431,2.19481470876906,0.213598315532232,2.19481470876906,3.24993918664795,-0.106051083728417,1.87666987541425
105089,3517,2.23729434671375,2.22081320044639,3.2188821318108,0.401401659667323,0.347896435818725,3.38196721704126,-0.103632346983085,5.0598078129485
105222,774,2.19458979677501,2.09502022777334,1.98414947945727,0.154345962981567,1.97687982892832,3.40389412085185,1.16450763359099,6.89509718834152
105365,1354,2.76476997641978,2.79080376358599,4.13170260180399,0.276054207107693,1.92389355685579,4.13170260180399,0.639590194945711,6.03751852876711
105448,300,3.17876289426162,3.20633436292034,3.21089816166986,0.0988001676566542,2.90871701499307,3.6138457918032,-0.35697201979158,7.34506960793193
