gvkey,GroupCount,mean_sigma_V,median_sigma_V,mode_sigma_V,std_sigma_V,min_sigma_V,max_sigma_V,skewness_sigma_V,kurtosis_sigma_V
1045,2662,0.0905604513648071,0.0905604513648061,0.0905604513648061,9.85508058439946e-16,0.0905604513648061,0.0905604513648061,-1,1
1075,742,0.0785676044361701,0.0785676044361702,0.0785676044361702,1.11097191039303e-16,0.0785676044361702,0.0785676044361702,1,1
1078,2466,0.168743644519637,0.168743644519638,0.168743644519638,9.16119764305661e-16,0.168743644519638,0.168743644519638,1,1
1161,799,0.26181819681038,0.261818196810379,0.261818196810379,5.55459217647212e-16,0.261818196810379,0.261818196810379,-1,1
1177,4266,0.123783633328014,0.123783633328012,0.123783633328012,1.88760039256886e-15,0.123783633328012,0.123783633328012,-1,1
1209,4836,0.177763274839149,0.177763274839145,0.177763274839145,4.08049152435701e-15,0.177763274839145,0.177763274839145,-1,1
1300,3189,0.166851167048279,0.166851167048279,0.166851167048279,1.94319498850766e-16,0.166851167048279,0.166851167048279,-1,1
1356,3866,0.19968182637056,0.199681826370564,0.199681826370564,3.99731990603694e-15,0.199681826370564,0.199681826370564,1,1
1380,2400,0.234577544371045,0.234577544371043,0.234577544371043,1.94329518843927e-15,0.234577544371043,0.234577544371043,-1,1
1408,2389,0.163066471713322,0.163066471713323,0.163066471713323,1.27702377790907e-15,0.163066471713323,0.163066471713323,1,1
1440,3542,0.0875107016628137,0.0875107016628149,0.0875107016628149,1.20753801122413e-15,0.0875107016628149,0.0875107016628149,1,1
1447,2147,0.121979495460991,0.12197949546099,0.12197949546099,6.1076491693273e-16,0.12197949546099,0.12197949546099,-1,1
1449,452,0.0935002207539284,0.0935002207539286,0.0935002207539286,2.08397472941012e-16,0.0935002207539286,0.0935002207539286,1,1
1468,1855,0.189989000491919,0.189989000491917,0.189989000491917,1.80459889538471e-15,0.189989000491917,0.189989000491917,-1,1
1487,3179,0.0696913389998014,0.0696913389998008,0.0696913389998008,6.24598697313298e-16,0.0696913389998008,0.0696913389998008,-1,1
1602,3022,0.215288411518506,0.215288411518507,0.215288411518507,8.88325408268728e-16,0.215288411518507,0.215288411518507,1,1
1632,754,0.318448083807411,0.318448083807412,0.318448083807412,8.3321998493761e-16,0.318448083807412,0.318448083807412,1,1
1661,3143,0.280103780147385,0.280103780147386,0.280103780147386,6.10719826829286e-16,0.280103780147386,0.280103780147386,1,1
1678,2902,0.240850142316552,0.240850142316552,0.240850142316552,3.60884666973134e-16,0.240850142316552,0.240850142316552,-1,1
1690,298,0.335552358505507,0.335552358505507,0.335552358505507,1.11209051631445e-16,0.335552358505507,0.335552358505507,1,1
1704,3123,0.298331976208061,0.298331976208062,0.298331976208062,7.77280571737124e-16,0.298331976208062,0.298331976208062,1,1
1722,4755,0.145673832666492,0.145673832666496,0.145673832666496,4.33032516437255e-15,0.145673832666496,0.145673832666496,1,1
1773,4040,0.146929134979445,0.146929134979447,0.146929134979447,1.80433573771464e-15,0.146929134979447,0.146929134979447,1,1
1891,1524,0.122840495719252,0.122840495719251,0.122840495719251,7.91293558393971e-16,0.122840495719251,0.122840495719251,-1,1
1913,1788,0.181488813953636,0.181488813953637,0.181488813953637,8.88426895972912e-16,0.181488813953637,0.181488813953637,1,1
1919,4758,0.1655116339165,0.165511633916497,0.165511633916497,3.21998516510472e-15,0.165511633916497,0.165511633916497,-1,1
1920,4617,0.193337664392745,0.193337664392749,0.193337664392749,3.91396004874365e-15,0.193337664392749,0.193337664392749,1,1
1932,626,0.113033259778327,0.113033259778327,0.113033259778327,3.19444368816509e-16,0.113033259778327,0.113033259778327,1,1
1976,3478,0.278855649800227,0.278855649800231,0.278855649800231,4.0528967293722e-15,0.278855649800231,0.278855649800231,1,1
1988,1822,0.141967922753408,0.141967922753407,0.141967922753407,6.10790301889766e-16,0.141967922753407,0.141967922753407,-1,1
1995,2585,0.11853068355134,0.118530683551339,0.118530683551339,1.34640586921637e-15,0.118530683551339,0.118530683551339,-1,1
2002,2507,0.0338785829571652,0.0338785829571656,0.0338785829571656,4.44177806202036e-16,0.0338785829571656,0.0338785829571656,1,1
2019,695,0.114436367703327,0.114436367703326,0.114436367703326,5.1384795675046e-16,0.114436367703326,0.114436367703326,-1,1
2025,334,0.284930271102751,0.284930271102751,0.284930271102751,5.55944388268295e-17,0.284930271102751,0.284930271102751,-1,1
2055,930,0.271039877766803,0.271039877766804,0.271039877766804,6.109512202873e-16,0.271039877766804,0.271039877766804,1,1
2085,1139,0.149408335969814,0.149408335969814,0.149408335969814,4.44284285286596e-16,0.149408335969814,0.149408335969814,-1,1
2086,4390,0.164389454922429,0.164389454922432,0.164389454922432,2.83139121307574e-15,0.164389454922432,0.164389454922432,1,1
2111,263,0.152941875615582,0.152941875615582,0.152941875615582,0,0.152941875615582,0.152941875615582,NaN,NaN
2136,1353,0.130133984649651,0.130133984649651,0.130133984649651,2.22126706833892e-16,0.130133984649651,0.130133984649651,-1,1
2137,2217,0.142530359157419,0.142530359157419,0.142530359157419,1.38809187244494e-16,0.142530359157419,0.142530359157419,-1,1
2150,1245,0.133847352873573,0.133847352873572,0.133847352873572,7.4970168712002e-16,0.133847352873572,0.133847352873572,-1,1
2154,1575,0.175566914166041,0.175566914166041,0.175566914166041,3.60937084398158e-16,0.175566914166041,0.175566914166041,1,1
2176,483,0.198073681519187,0.198073681519186,0.198073681519186,5.27902702978283e-16,0.198073681519186,0.198073681519186,-1,1
2184,2855,0.2197050604107,0.219705060410701,0.219705060410701,8.60573570694058e-16,0.219705060410701,0.219705060410701,1,1
2259,1358,0.130979254766382,0.130979254766383,0.130979254766383,5.55316010942581e-16,0.130979254766383,0.130979254766383,1,1
2269,2150,0.204929391810775,0.204929391810773,0.204929391810773,2.24872464490905e-15,0.204929391810773,0.204929391810773,-1,1
2285,4872,0.149705182548731,0.149705182548736,0.149705182548736,4.49686477431608e-15,0.149705182548736,0.149705182548736,1,1
2290,1428,0.162115797961798,0.162115797961798,0.162115797961798,3.33183588738959e-16,0.162115797961798,0.162115797961798,1,1
2338,2632,0.223674961001134,0.223674961001131,0.223674961001131,3.22025858078122e-15,0.223674961001131,0.223674961001131,-1,1
2369,1227,0.137964372837836,0.137964372837837,0.137964372837837,8.88540571976011e-16,0.137964372837837,0.137964372837837,1,1
2393,1229,0.209828176734234,0.209828176734234,0.209828176734234,1.94368121121882e-16,0.209828176734234,0.209828176734234,-1,1
2403,3404,0.178202266045086,0.178202266045086,0.178202266045086,2.77596534200461e-17,0.178202266045086,0.178202266045086,-1,1
2408,3558,0.152259441481544,0.152259441481542,0.152259441481542,1.74884704370906e-15,0.152259441481542,0.152259441481542,-1,1
2410,4872,0.210782244007618,0.210782244007621,0.210782244007621,2.80360087781435e-15,0.210782244007621,0.210782244007621,1,1
2411,4499,0.244137610105325,0.244137610105322,0.244137610105322,3.16448732758235e-15,0.244137610105322,0.244137610105322,-1,1
2444,2800,0.190020022754923,0.190020022754925,0.190020022754925,1.63787146448802e-15,0.190020022754925,0.190020022754925,1,1
2504,1576,0.160988893519658,0.160988893519657,0.160988893519657,6.1081648124862e-16,0.160988893519657,0.160988893519657,-1,1
2547,3299,0.0933952469609935,0.093395246960992,0.093395246960992,1.48514840319086e-15,0.093395246960992,0.093395246960992,-1,1
2558,4791,0.0625328608547637,0.0625328608547635,0.0625328608547635,2.22067781649162e-16,0.0625328608547635,0.0625328608547635,-1,1
2574,3315,0.173822349455406,0.173822349455406,0.173822349455406,2.77597629243373e-16,0.173822349455406,0.173822349455406,-1,1
2593,1890,0.205959871442967,0.205959871442966,0.205959871442966,1.33262022122754e-15,0.205959871442966,0.205959871442966,-1,1
2663,4870,0.131192852073073,0.131192852073075,0.131192852073075,2.41498303615944e-15,0.131192852073075,0.131192852073075,1,1
2696,3145,0.176199780236392,0.176199780236392,0.176199780236392,4.71919818428791e-16,0.176199780236392,0.176199780236392,1,1
2697,1688,0.253205915163676,0.253205915163677,0.253205915163677,9.43969224092339e-16,0.253205915163677,0.253205915163677,1,1
2698,492,0.135252480116183,0.135252480116183,0.135252480116183,1.66702953436065e-16,0.135252480116183,0.135252480116183,1,1
2710,1602,0.148180631798661,0.148180631798662,0.148180631798662,8.88455758791881e-16,0.148180631798662,0.148180631798662,1,1
2721,4636,0.193338054520042,0.193338054520046,0.193338054520046,3.60861404580659e-15,0.193338054520046,0.193338054520046,1,1
2751,4838,0.130820415067669,0.13082041506767,0.13082041506767,5.27410446587704e-16,0.13082041506767,0.13082041506767,1,1
2783,2068,0.0981237999391792,0.0981237999391789,0.0981237999391789,2.63741743405242e-16,0.0981237999391789,0.0981237999391789,-1,1
2787,1730,0.317977852115333,0.317977852115332,0.317977852115332,5.55272018752917e-16,0.317977852115332,0.317977852115332,-1,1
2812,560,0.106122886689015,0.106122886689015,0.106122886689015,1.94462734332306e-16,0.106122886689015,0.106122886689015,1,1
2817,2411,0.142909894055569,0.14290989405557,0.14290989405557,1.44358933870237e-15,0.14290989405557,0.14290989405557,1,1
2884,2052,0.152360609563199,0.152360609563199,0.152360609563199,1.66574046857982e-16,0.152360609563199,0.152360609563199,1,1
2968,900,0.0350550585562506,0.0350550585562507,0.0350550585562507,1.31912289147471e-16,0.0350550585562507,0.0350550585562507,1,1
2991,2799,0.170527819632252,0.170527819632249,0.170527819632249,2.52620869119844e-15,0.170527819632249,0.170527819632249,-1,1
3062,557,0.263469278059795,0.263469278059795,0.263469278059795,3.33366293432163e-16,0.263469278059795,0.263469278059795,1,1
3121,2399,0.144873961989233,0.144873961989232,0.144873961989232,1.30478402559475e-15,0.144873961989232,0.144873961989232,-1,1
3138,1785,0.111945193305149,0.11194519330515,0.11194519330515,1.23546923319145e-15,0.11194519330515,0.11194519330515,1,1
3144,3400,0.13877312053252,0.138773120532519,0.138773120532519,4.99673847933388e-16,0.138773120532519,0.138773120532519,-1,1
3170,3457,0.142910647903605,0.142910647903606,0.142910647903606,7.21749363108671e-16,0.142910647903606,0.142910647903606,1,1
3221,4798,0.101855251870617,0.101855251870617,0.101855251870617,2.63705450548596e-16,0.101855251870617,0.101855251870617,-1,1
3226,4800,0.163817136162258,0.163817136162255,0.163817136162255,2.83136366187166e-15,0.163817136162255,0.163817136162255,-1,1
3231,1075,0.0366818867148392,0.0366818867148391,0.0366818867148391,1.38842470996735e-16,0.0366818867148391,0.0366818867148391,-1,1
3243,586,0.0656872307774083,0.0656872307774083,0.0656872307774083,2.77792882005739e-17,0.0656872307774083,0.0656872307774083,-1,1
3246,2153,0.254043149032128,0.254043149032127,0.254043149032127,9.99432851500692e-16,0.254043149032127,0.254043149032127,-1,1
3278,3488,0.106383328902596,0.106383328902597,0.106383328902597,1.01322376461454e-15,0.106383328902597,0.106383328902597,1,1
3310,3136,0.157750848514081,0.15775084851408,0.15775084851408,1.16592008354851e-15,0.15775084851408,0.15775084851408,-1,1
3336,2189,0.17053052734487,0.170530527344871,0.170530527344871,1.19376245563451e-15,0.170530527344871,0.170530527344871,1,1
3362,968,0.156767737276244,0.156767737276244,0.156767737276244,4.99858619233012e-16,0.156767737276244,0.156767737276244,-1,1
3413,3339,0.0814000203614657,0.0814000203614665,0.0814000203614665,7.49512786143186e-16,0.0814000203614665,0.0814000203614665,1,1
3416,1706,0.211012953437555,0.211012953437554,0.211012953437554,1.24936712493744e-15,0.211012953437554,0.211012953437554,-1,1
3439,1652,0.0686115189699058,0.0686115189699055,0.0686115189699055,3.4704975036664e-16,0.0686115189699055,0.0686115189699055,-1,1
3497,1395,0.230714393800502,0.230714393800503,0.230714393800503,6.38607171653523e-16,0.230714393800503,0.230714393800503,1,1
3502,2397,0.192750196696917,0.192750196696916,0.192750196696916,1.24926151843962e-15,0.192750196696916,0.192750196696916,-1,1
3505,1250,0.149505055505794,0.149505055505795,0.149505055505795,1.02736732693132e-15,0.149505055505795,0.149505055505795,1,1
3532,3665,0.315171803883743,0.315171803883741,0.315171803883741,1.72108050371053e-15,0.315171803883741,0.315171803883741,-1,1
3580,1678,0.184618380114741,0.18461838011474,0.18461838011474,7.21860093441748e-16,0.18461838011474,0.18461838011474,-1,1
3607,911,0.210210806272187,0.210210806272188,0.210210806272188,6.94270543613858e-16,0.210210806272188,0.210210806272188,1,1
3650,4818,0.218178841253147,0.218178841253144,0.218178841253144,2.77584564683655e-15,0.218178841253144,0.218178841253144,-1,1
3734,1359,0.109597339902161,0.109597339902161,0.109597339902161,1.38828965095549e-16,0.109597339902161,0.109597339902161,-1,1
3735,3529,0.178578519891605,0.178578519891608,0.178578519891608,3.49769812773152e-15,0.178578519891608,0.178578519891608,1,1
3813,4867,0.179228333951179,0.179228333951176,0.179228333951176,3.05342702060392e-15,0.179228333951176,0.179228333951176,-1,1
3814,1792,0.107659137595682,0.107659137595683,0.107659137595683,5.27503140031762e-16,0.107659137595683,0.107659137595683,1,1
3835,3697,0.140072997556046,0.140072997556044,0.140072997556044,1.88763445185945e-15,0.140072997556044,0.140072997556044,-1,1
3851,2352,0.117507638132652,0.117507638132653,0.117507638132653,1.13822059462954e-15,0.117507638132653,0.117507638132653,1,1
3863,664,0.218561873733346,0.218561873733346,0.218561873733346,1.38882497676929e-16,0.218561873733346,0.218561873733346,1,1
3897,1334,0.0867982587217855,0.0867982587217858,0.0867982587217858,3.47074807592658e-16,0.0867982587217858,0.0867982587217858,1,1
3964,2325,0.178258213904532,0.178258213904534,0.178258213904534,2.22092371862214e-15,0.178258213904534,0.178258213904534,1,1
3980,390,0.245412662432906,0.245412662432906,0.245412662432906,1.3895614132193e-16,0.245412662432906,0.245412662432906,1,1
4029,3681,0.100338833415974,0.100338833415973,0.100338833415973,1.23529091913713e-15,0.100338833415973,0.100338833415973,-1,1
4040,2690,0.13077946355179,0.130779463551791,0.130779463551791,1.30475459591935e-15,0.130779463551791,0.130779463551791,1,1
4058,1994,0.209705880961569,0.20970588096157,0.20970588096157,1.30483928636262e-15,0.20970588096157,0.20970588096157,1,1
4060,4866,0.174810378556885,0.174810378556887,0.174810378556887,2.13739895955753e-15,0.174810378556887,0.174810378556887,1,1
4066,4711,0.127140619941865,0.127140619941865,0.127140619941865,1.66551131466096e-16,0.127140619941865,0.127140619941865,1,1
4087,3965,0.160541197004961,0.160541197004963,0.160541197004963,2.1096898026313e-15,0.160541197004963,0.160541197004963,1,1
4093,3468,0.0922832160563007,0.0922832160562994,0.0922832160562994,1.30470017305789e-15,0.0922832160562994,0.0922832160562994,-1,1
4094,785,0.141086954641753,0.141086954641753,0.141086954641753,4.72145610989057e-16,0.141086954641753,0.141086954641753,-1,1
4145,2397,0.241065970882528,0.241065970882528,0.241065970882528,3.33136404917231e-16,0.241065970882528,0.241065970882528,-1,1
4194,2687,0.146655069739356,0.146655069739357,0.146655069739357,5.55214836931865e-16,0.146655069739357,0.146655069739357,1,1
4199,4278,0.168164848340119,0.168164848340119,0.168164848340119,4.44141122786104e-16,0.168164848340119,0.168164848340119,1,1
4213,1616,0.175955504646141,0.175955504646142,0.175955504646142,7.21868350926114e-16,0.175955504646142,0.175955504646142,1,1
4242,2466,0.157304837561445,0.157304837561446,0.157304837561446,1.05492578920046e-15,0.157304837561446,0.157304837561446,1,1
4245,1412,0.405956270199282,0.40595627019928,0.40595627019928,2.33229438126991e-15,0.40595627019928,0.40595627019928,-1,1
4321,3068,0.184575780281266,0.184575780281267,0.184575780281267,6.66242402894615e-16,0.184575780281267,0.184575780281267,1,1
4367,2668,0.302901218031195,0.302901218031196,0.302901218031196,7.77301802142299e-16,0.302901218031196,0.302901218031196,1,1
4423,2013,0.203589956445838,0.203589956445836,0.203589956445836,1.94337305873524e-15,0.203589956445836,0.203589956445836,-1,1
4439,4871,0.281679743550791,0.281679743550784,0.281679743550784,7.27270738085799e-15,0.281679743550784,0.281679743550784,-1,1
4503,2534,0.177102845519997,0.177102845519998,0.177102845519998,1.02715899319084e-15,0.177102845519998,0.177102845519998,1,1
4510,2572,0.189707826218496,0.189707826218498,0.189707826218498,2.27639977845376e-15,0.189707826218498,0.189707826218498,1,1
4598,3646,0.194251929464788,0.194251929464787,0.194251929464787,1.30469098707496e-15,0.194251929464787,0.194251929464787,-1,1
4605,1682,0.257757977223771,0.257757977223769,0.257757977223769,2.38768938533984e-15,0.257757977223769,0.257757977223769,-1,1
4611,2042,0.178129403297528,0.178129403297528,0.178129403297528,4.99722737166703e-16,0.178129403297528,0.178129403297528,-1,1
4622,1505,0.201797031854393,0.201797031854393,0.201797031854393,2.22118410679081e-16,0.201797031854393,0.201797031854393,1,1
4669,1495,0.204038269241266,0.204038269241265,0.204038269241265,9.44005344596212e-16,0.204038269241265,0.204038269241265,-1,1
4674,280,0.0442264666004563,0.0442264666004563,0.0442264666004563,4.17079084489797e-17,0.0442264666004563,0.0442264666004563,1,1
4723,3092,0.0561727923902516,0.056172792390252,0.056172792390252,3.53940828661163e-16,0.056172792390252,0.056172792390252,1,1
4818,355,0.309320149479109,0.309320149479108,0.309320149479108,5.55895015189901e-16,0.309320149479108,0.309320149479108,-1,1
4839,4836,0.0622188639335803,0.06221886393358,0.06221886393358,3.19222126055141e-16,0.06221886393358,0.06221886393358,-1,1
4844,1678,0.257380036354804,0.257380036354806,0.257380036354806,1.94346948234317e-15,0.257380036354806,0.257380036354806,1,1
4864,275,0.0868903349776022,0.0868903349776022,0.0868903349776022,4.17092675218721e-17,0.0868903349776022,0.0868903349776022,-1,1
4885,2237,0.28949152712075,0.28949152712075,0.28949152712075,4.44188503134668e-16,0.28949152712075,0.28949152712075,-1,1
4941,4407,0.126799319290494,0.126799319290493,0.126799319290493,1.27690135848715e-15,0.126799319290493,0.126799319290493,-1,1
4990,4839,0.249117948987224,0.24911794898722,0.24911794898722,3.8029068231059e-15,0.24911794898722,0.24911794898722,-1,1
5046,2021,0.161627083159061,0.161627083159061,0.161627083159061,1.11049779830208e-16,0.161627083159061,0.161627083159061,-1,1
5047,3274,0.125009384712239,0.125009384712238,0.125009384712238,1.30471132256078e-15,0.125009384712238,0.125009384712238,-1,1
5048,155,0.050087834446392,0.050087834446392,0.050087834446392,2.08841589768923e-17,0.050087834446392,0.050087834446392,1,1
5071,3584,0.107764517416844,0.107764517416845,0.107764517416845,1.01321987305075e-15,0.107764517416845,0.107764517416845,1,1
5073,1211,0.0863815538753297,0.0863815538753293,0.0863815538753293,4.16505637395762e-16,0.0863815538753293,0.0863815538753293,-1,1
5087,1683,0.188662602442691,0.188662602442692,0.188662602442692,1.33266360745447e-15,0.188662602442692,0.188662602442692,1,1
5135,653,0.0198185933978877,0.0198185933978878,0.0198185933978878,6.24979179249743e-17,0.0198185933978878,0.0198185933978878,1,1
5179,1711,0.196149480310579,0.196149480310578,0.196149480310578,1.49923926512242e-15,0.196149480310578,0.196149480310578,-1,1
5180,4599,0.166405156923749,0.166405156923745,0.166405156923745,4.10827186378238e-15,0.166405156923745,0.166405156923745,-1,1
5229,2701,0.176427230640002,0.176427230640002,0.176427230640002,3.05367865673295e-16,0.176427230640002,0.176427230640002,1,1
5234,4850,0.115892370059027,0.115892370059026,0.115892370059026,1.22137124814045e-15,0.115892370059026,0.115892370059026,-1,1
5301,759,0.160701679744729,0.160701679744729,0.160701679744729,3.33286536100756e-16,0.160701679744729,0.160701679744729,-1,1
5439,3472,0.272904273270064,0.272904273270068,0.272904273270068,3.99737858946574e-15,0.272904273270068,0.272904273270068,1,1
5492,1375,0.250622048095575,0.250622048095575,0.250622048095575,5.55313481215864e-17,0.250622048095575,0.250622048095575,-1,1
5518,3365,0.187229462527843,0.187229462527843,0.187229462527843,4.44155211070588e-16,0.187229462527843,0.187229462527843,-1,1
5543,335,0.292494109759883,0.292494109759883,0.292494109759883,3.89159327543015e-16,0.292494109759883,0.292494109759883,1,1
5568,291,0.169910123934369,0.169910123934369,0.169910123934369,1.39016944367458e-16,0.169910123934369,0.169910123934369,1,1
5597,1702,0.133135940998658,0.133135940998658,0.133135940998658,3.88692262312268e-16,0.133135940998658,0.133135940998658,1,1
5600,3405,0.139080212590769,0.139080212590768,0.139080212590768,1.49902121999821e-15,0.139080212590768,0.139080212590768,-1,1
5606,1234,0.130630439520463,0.130630439520463,0.130630439520463,4.99802915462674e-16,0.130630439520463,0.130630439520463,-1,1
5643,689,0.151770184980704,0.151770184980704,0.151770184980704,3.88860352923106e-16,0.151770184980704,0.151770184980704,-1,1
5650,4869,0.225113349618404,0.225113349618405,0.225113349618405,1.2768876092676e-15,0.225113349618405,0.225113349618405,1,1
5680,4787,0.195823007297201,0.1958230072972,0.1958230072972,1.3324068061115e-15,0.1958230072972,0.1958230072972,-1,1
5691,733,0.170996382614352,0.170996382614352,0.170996382614352,3.61068862330624e-16,0.170996382614352,0.170996382614352,1,1
5723,263,0.208971105868787,0.208971105868787,0.208971105868787,1.39042469124997e-16,0.208971105868787,0.208971105868787,-1,1
5742,4492,0.087463910784167,0.0874639107841687,0.0874639107841687,1.67939926739291e-15,0.0874639107841687,0.0874639107841687,1,1
5750,1722,0.176004015670523,0.176004015670522,0.176004015670522,6.94090955940476e-16,0.176004015670522,0.176004015670522,-1,1
5783,1413,0.297498712541081,0.29749871254108,0.29749871254108,1.38827011688492e-15,0.29749871254108,0.29749871254108,-1,1
5860,266,0.181135645584074,0.181135645584074,0.181135645584074,2.78078953144947e-17,0.181135645584074,0.181135645584074,-1,1
5862,1703,0.249637174375831,0.249637174375829,0.249637174375829,1.55476878088967e-15,0.249637174375829,0.249637174375829,-1,1
5878,1389,0.20792944315908,0.20792944315908,0.20792944315908,1.11062288886453e-16,0.20792944315908,0.20792944315908,1,1
5959,434,0.20481340433705,0.20481340433705,0.20481340433705,1.11150429801706e-16,0.20481340433705,0.20481340433705,1,1
6008,2699,0.260794555816016,0.260794555816018,0.260794555816018,2.44294326061936e-15,0.260794555816018,0.260794555816018,1,1
6034,459,0.263555217449664,0.263555217449663,0.263555217449663,6.11288918694064e-16,0.263555217449663,0.263555217449663,-1,1
6066,4872,0.1497129580108,0.149712958010796,0.149712958010796,3.49756149113473e-15,0.149712958010796,0.149712958010796,-1,1
6078,1516,0.164076733008065,0.164076733008063,0.164076733008063,1.52706038982821e-15,0.164076733008063,0.164076733008063,-1,1
6081,1874,0.132890785315836,0.132890785315835,0.132890785315835,5.83022664359092e-16,0.132890785315835,0.132890785315835,-1,1
6097,1738,0.280985051804053,0.280985051804054,0.280985051804054,1.27712394313538e-15,0.280985051804054,0.280985051804054,1,1
6104,4872,0.144581533432955,0.144581533432952,0.144581533432952,2.55377505701901e-15,0.144581533432952,0.144581533432952,-1,1
6135,1743,0.136086211291017,0.136086211291019,0.136086211291019,1.58252184017914e-15,0.136086211291019,0.136086211291019,1,1
6136,4683,0.129686119682273,0.12968611968227,0.12968611968227,3.19223204594468e-15,0.12968611968227,0.12968611968227,-1,1
6266,3031,0.129558155430714,0.129558155430712,0.129558155430712,1.7211296326785e-15,0.129558155430712,0.129558155430712,-1,1
6268,937,0.159236336353123,0.159236336353123,0.159236336353123,4.44326373663951e-16,0.159236336353123,0.159236336353123,1,1
6307,402,0.343306780549682,0.343306780549683,0.343306780549683,5.00222916289922e-16,0.343306780549683,0.343306780549683,1,1
6334,517,0.109852389861373,0.109852389861373,0.109852389861373,9.72386013737569e-17,0.109852389861373,0.109852389861373,-1,1
6335,343,0.182585623693447,0.182585623693447,0.182585623693447,2.22368994586559e-16,0.182585623693447,0.182585623693447,1,1
6338,1661,0.0934547817286392,0.0934547817286399,0.0934547817286399,6.66334427282209e-16,0.0934547817286399,0.0934547817286399,1,1
6375,3506,0.115946669401974,0.115946669401973,0.115946669401973,1.19365999464408e-15,0.115946669401973,0.115946669401973,-1,1
6435,2163,0.126315669611399,0.126315669611398,0.126315669611398,1.36033769775995e-15,0.126315669611398,0.126315669611398,-1,1
6494,4470,0.243966016358932,0.243966016358929,0.243966016358929,3.30328301367167e-15,0.243966016358929,0.243966016358929,-1,1
6502,3700,0.126904341057586,0.126904341057588,0.126904341057588,2.44282078740037e-15,0.126904341057588,0.126904341057588,1,1
6506,3505,0.278876633574803,0.278876633574797,0.278876633574797,6.38469325446461e-15,0.278876633574797,0.278876633574797,-1,1
6512,737,0.19440763316662,0.19440763316662,0.19440763316662,3.33293098861759e-16,0.19440763316662,0.19440763316662,1,1
6529,399,0.399309661476406,0.399309661476406,0.399309661476406,1.11161690216672e-16,0.399309661476406,0.399309661476406,-1,1
6649,1772,0.199168632136123,0.199168632136124,0.199168632136124,1.49922417459558e-15,0.199168632136124,0.199168632136124,1,1
6653,1984,0.244872028111896,0.244872028111894,0.244872028111894,1.91561754484456e-15,0.244872028111894,0.244872028111894,-1,1
6669,4535,0.237454782660512,0.237454782660516,0.237454782660516,3.91396771456033e-15,0.237454782660516,0.237454782660516,1,1
6730,2722,0.185095830928393,0.185095830928395,0.185095830928395,1.94324727799241e-15,0.185095830928395,0.185095830928395,1,1
6733,2537,0.251311587451045,0.251311587451044,0.251311587451044,1.22148608516337e-15,0.251311587451044,0.251311587451044,-1,1
6742,2063,0.0482261796501707,0.0482261796501704,0.0482261796501704,2.63741898030187e-16,0.0482261796501704,0.0482261796501704,-1,1
6768,2448,0.214328699911515,0.214328699911513,0.214328699911513,2.41522843541001e-15,0.214328699911513,0.214328699911513,-1,1
6771,1290,0.147770571493178,0.147770571493178,0.147770571493178,3.33196078192243e-16,0.147770571493178,0.147770571493178,1,1
6774,3702,0.131178577532526,0.131178577532527,0.131178577532527,8.32779753071673e-16,0.131178577532527,0.131178577532527,1,1
6781,4827,0.0744121508743196,0.0744121508743196,0.0744121508743196,2.77584510961459e-17,0.0744121508743196,0.0744121508743196,1,1
6821,3641,0.262818402444962,0.262818402444959,0.262818402444959,3.22008900021408e-15,0.262818402444959,0.262818402444959,-1,1
6829,3603,0.215297115982167,0.215297115982166,0.215297115982166,1.36021197929472e-15,0.215297115982166,0.215297115982166,-1,1
6865,871,0.247302462381612,0.247302462381613,0.247302462381613,9.16460242986471e-16,0.247302462381613,0.247302462381613,1,1
6946,3231,0.169739095380901,0.169739095380901,0.169739095380901,3.60878333554242e-16,0.169739095380901,0.169739095380901,-1,1
6972,1609,0.349676222699638,0.349676222699636,0.349676222699636,1.88796592227236e-15,0.349676222699636,0.349676222699636,-1,1
7017,3256,0.19561906619133,0.195619066191327,0.195619066191327,2.66494452647996e-15,0.195619066191327,0.195619066191327,-1,1
7063,1148,0.378970586268881,0.378970586268882,0.378970586268882,1.16624223174275e-15,0.378970586268882,0.378970586268882,1,1
7065,4164,0.143005691873301,0.143005691873303,0.143005691873303,1.94312363126734e-15,0.143005691873303,0.143005691873303,1,1
7085,3647,0.200433288772812,0.20043328877281,0.20043328877281,2.05419424281128e-15,0.20043328877281,0.20043328877281,-1,1
7114,2977,0.128668480453057,0.128668480453056,0.128668480453056,1.08264929990523e-15,0.128668480453056,0.128668480453056,-1,1
7116,4846,0.210094320492153,0.210094320492158,0.210094320492158,4.85772696855836e-15,0.210094320492158,0.210094320492158,1,1
7154,4849,0.157091648662421,0.157091648662418,0.157091648662418,2.74808536675407e-15,0.157091648662418,0.157091648662418,-1,1
7163,1304,0.256283009661024,0.256283009661025,0.256283009661025,1.16618141706829e-15,0.256283009661025,0.256283009661025,1,1
7171,4872,0.118727245459977,0.118727245459975,0.118727245459975,1.85981444369863e-15,0.118727245459975,0.118727245459975,-1,1
7186,1713,0.214633484433505,0.214633484433503,0.214633484433503,1.66582083700269e-15,0.214633484433503,0.214633484433503,-1,1
7228,4567,0.168156947271512,0.168156947271512,0.168156947271512,4.71896452017773e-16,0.168156947271512,0.168156947271512,-1,1
7257,2011,0.214748329827248,0.21474832982725,0.21474832982725,1.80456114339367e-15,0.21474832982725,0.21474832982725,1,1
7267,1956,0.0335969387980235,0.0335969387980236,0.0335969387980236,9.02286882925982e-17,0.0335969387980236,0.0335969387980236,1,1
7343,487,0.324044780592892,0.324044780592891,0.324044780592891,6.6681878545969e-16,0.324044780592891,0.324044780592891,-1,1
7366,1665,0.116449452473205,0.116449452473206,0.116449452473206,6.10806116353606e-16,0.116449452473206,0.116449452473206,1,1
7435,2546,0.168116806475724,0.168116806475726,0.168116806475726,1.97103299097421e-15,0.168116806475726,0.168116806475726,1,1
7471,4863,0.250448691655663,0.250448691655666,0.250448691655666,2.66480926139007e-15,0.250448691655666,0.250448691655666,1,1
7647,3653,0.0330357426906042,0.0330357426906047,0.0330357426906047,4.58029694214767e-16,0.0330357426906047,0.0330357426906047,1,1
7652,824,0.111786214342444,0.111786214342444,0.111786214342444,3.61041628169448e-16,0.111786214342444,0.111786214342444,-1,1
7733,1396,0.171497382939767,0.171497382939766,0.171497382939766,1.38827610342088e-15,0.171497382939766,0.171497382939766,-1,1
7750,2850,0.16955068711968,0.169550687119679,0.169550687119679,1.49906410001939e-15,0.169550687119679,0.169550687119679,-1,1
7769,532,0.0377463336806991,0.0377463336806991,0.0377463336806991,1.38908492580541e-17,0.0377463336806991,0.0377463336806991,1,1
7824,1198,0.0992046252716472,0.0992046252716478,0.0992046252716478,5.83110507060944e-16,0.0992046252716478,0.0992046252716478,1,1
7866,2672,0.186859046348943,0.186859046348943,0.186859046348943,3.88650791994944e-16,0.186859046348943,0.186859046348943,1,1
7875,3747,0.160295645457126,0.160295645457127,0.160295645457127,1.19364904273087e-15,0.160295645457127,0.160295645457127,1,1
7881,937,0.337724487048548,0.337724487048549,0.337724487048549,9.44193544035895e-16,0.337724487048549,0.337724487048549,1,1
7906,4696,0.200501426753101,0.200501426753098,0.200501426753098,2.74809460103631e-15,0.200501426753098,0.200501426753098,-1,1
7908,4857,0.0689772620057694,0.0689772620057688,0.0689772620057688,6.24564749982591e-16,0.0689772620057688,0.0689772620057688,-1,1
7912,907,0.310393228923259,0.310393228923258,0.310393228923258,9.44210227285991e-16,0.310393228923258,0.310393228923258,-1,1
7922,3702,0.227324730335347,0.227324730335349,0.227324730335349,2.0264307324744e-15,0.227324730335349,0.227324730335349,1,1
7923,4872,0.18515272957162,0.185152729571617,0.185152729571617,3.19221882127376e-15,0.185152729571617,0.185152729571617,-1,1
7974,1900,0.0869195552192322,0.0869195552192316,0.0869195552192316,5.69139093278212e-16,0.0869195552192316,0.0869195552192316,-1,1
7980,2002,0.30138005546622,0.301380055466219,0.301380055466219,1.27707546807489e-15,0.301380055466219,0.301380055466219,-1,1
7985,2299,0.13689908804829,0.136899088048289,0.136899088048289,7.49563578835184e-16,0.136899088048289,0.136899088048289,-1,1
7991,1305,0.278597313166955,0.278597313166955,0.278597313166955,0,0.278597313166955,0.278597313166955,NaN,NaN
8007,496,0.0770289694331609,0.0770289694331609,0.0770289694331609,1.38917987026578e-17,0.0770289694331609,0.0770289694331609,-1,1
8030,2558,0.292981792452904,0.292981792452901,0.292981792452901,3.10923227508958e-15,0.292981792452901,0.292981792452901,-1,1
8068,3584,0.227293291100999,0.227293291100998,0.227293291100998,1.19365628879951e-15,0.227293291100998,0.227293291100998,-1,1
8099,981,0.123562966984868,0.123562966984868,0.123562966984868,2.91582196635828e-16,0.123562966984868,0.123562966984868,1,1
8123,2793,0.208028618030495,0.208028618030496,0.208028618030496,1.08266128327539e-15,0.208028618030496,0.208028618030496,1,1
8133,1581,0.196782027699343,0.196782027699344,0.196782027699344,7.21873298543629e-16,0.196782027699344,0.196782027699344,1,1
8151,2258,0.10335870013455,0.10335870013455,0.10335870013455,3.88664131952149e-16,0.10335870013455,0.10335870013455,1,1
8210,1125,0.256037995541661,0.256037995541662,0.256037995541662,9.44109268337469e-16,0.256037995541662,0.256037995541662,1,1
8214,1612,0.210888106487516,0.210888106487516,0.210888106487516,3.05406075399264e-16,0.210888106487516,0.210888106487516,-1,1
8215,374,0.185392510075133,0.185392510075133,0.185392510075133,3.05720322352829e-16,0.185392510075133,0.185392510075133,1,1
8240,1678,0.0861419274834999,0.0861419274834999,0.0861419274834999,2.77638497477595e-17,0.0861419274834999,0.0861419274834999,-1,1
8245,628,0.0646730396530325,0.0646730396530325,0.0646730396530325,2.77777004303144e-17,0.0646730396530325,0.0646730396530325,1,1
8247,4754,0.159071553301042,0.159071553301044,0.159071553301044,2.41498908740474e-15,0.159071553301044,0.159071553301044,1,1
8253,1619,0.228053738916127,0.228053738916126,0.228053738916126,1.05503775378894e-15,0.228053738916126,0.228053738916126,-1,1
8264,735,0.108309030694981,0.108309030694981,0.108309030694981,3.47180953101662e-16,0.108309030694981,0.108309030694981,-1,1
8272,3406,0.0962965650222016,0.0962965650222031,0.0962965650222031,1.49902115535193e-15,0.0962965650222031,0.0962965650222031,1,1
8290,340,0.0688222740611548,0.0688222740611548,0.0688222740611548,0,0.0688222740611548,0.0688222740611548,NaN,NaN
8304,1504,0.2171081400593,0.2171081400593,0.2171081400593,2.22118459776541e-16,0.2171081400593,0.2171081400593,1,1
8357,388,0.313523551423127,0.313523551423127,0.313523551423127,4.44662598352082e-16,0.313523551423127,0.313523551423127,-1,1
8358,1996,0.212142433880728,0.212142433880726,0.212142433880726,1.69351439275362e-15,0.212142433880726,0.212142433880726,-1,1
8431,3331,0.0451996220677627,0.0451996220677622,0.0451996220677622,4.92735434817974e-16,0.0451996220677622,0.0451996220677622,-1,1
8455,1791,0.126808535883867,0.126808535883866,0.126808535883866,1.05500644451356e-15,0.126808535883866,0.126808535883866,-1,1
8463,2610,0.190332186319555,0.190332186319557,0.190332186319557,2.05430617850459e-15,0.190332186319557,0.190332186319557,1,1
8475,1875,0.187262849198021,0.187262849198022,0.187262849198022,8.88415362059869e-16,0.187262849198022,0.187262849198022,1,1
8479,2780,0.142987939460402,0.142987939460403,0.142987939460403,1.47131015555844e-15,0.142987939460403,0.142987939460403,1,1
8530,3848,0.151547369150821,0.151547369150823,0.151547369150823,1.52675505468327e-15,0.151547369150823,0.151547369150823,1,1
8539,1500,0.169401215589551,0.16940121558955,0.16940121558955,7.49650466772041e-16,0.16940121558955,0.16940121558955,-1,1
8543,487,0.123209033797779,0.123209033797779,0.123209033797779,3.47301450760255e-16,0.123209033797779,0.123209033797779,-1,1
8544,3163,0.180821980501945,0.180821980501943,0.180821980501943,2.41511688504144e-15,0.180821980501943,0.180821980501943,-1,1
8546,3028,0.238261164211573,0.238261164211575,0.238261164211575,1.97097135320584e-15,0.238261164211575,0.238261164211575,1,1
8549,1071,0.196141485876827,0.196141485876826,0.196141485876826,1.16627878423738e-15,0.196141485876826,0.196141485876826,-1,1
8606,263,0.0952711122165108,0.0952711122165107,0.0952711122165107,1.11233975299997e-16,0.0952711122165107,0.0952711122165107,-1,1
8692,1127,0.287410124326755,0.287410124326755,0.287410124326755,3.33214772836513e-16,0.287410124326755,0.287410124326755,1,1
8694,1950,0.0845896528273684,0.0845896528273684,0.0845896528273684,1.38813475841479e-17,0.0845896528273684,0.0845896528273684,1,1
8717,1602,0.289343610446768,0.28934361044677,0.28934361044677,2.33219636682869e-15,0.28934361044677,0.28934361044677,1,1
8762,4864,0.126441940252798,0.126441940252798,0.126441940252798,2.7758429219257e-16,0.126441940252798,0.126441940252798,-1,1
8789,633,0.0447329122923366,0.0447329122923366,0.0447329122923366,3.47219068267263e-17,0.0447329122923366,0.0447329122923366,1,1
8810,3267,0.120159721752843,0.120159721752844,0.120159721752844,1.4435108719194e-15,0.120159721752844,0.120159721752844,1,1
8818,764,0.100306375671961,0.100306375671961,0.100306375671961,1.80529427718981e-16,0.100306375671961,0.100306375671961,-1,1
8823,711,0.263401716231293,0.263401716231294,0.263401716231294,5.55502298360494e-16,0.263401716231294,0.263401716231294,1,1
8870,1529,0.0735554903567967,0.073555490356797,0.073555490356797,3.19293549197963e-16,0.073555490356797,0.073555490356797,1,1
8902,903,0.165073779336523,0.165073779336522,0.165073779336522,1.02752540632723e-15,0.165073779336522,0.165073779336522,-1,1
8972,4676,0.139889568078406,0.139889568078405,0.139889568078405,9.71549038868206e-16,0.139889568078405,0.139889568078405,-1,1
9063,1185,0.173744666830553,0.173744666830553,0.173744666830553,3.88742119448837e-16,0.173744666830553,0.173744666830553,1,1
9135,4596,0.21987920712828,0.219879207128276,0.219879207128276,3.94172058152453e-15,0.219879207128276,0.219879207128276,-1,1
9155,837,0.160465802948679,0.16046580294868,0.16046580294868,6.38759930218476e-16,0.16046580294868,0.16046580294868,1,1
9203,2322,0.243097779758497,0.243097779758494,0.243097779758494,3.02600940775292e-15,0.243097779758494,0.243097779758494,-1,1
9215,814,0.246943908091907,0.246943908091907,0.246943908091907,3.33271682634305e-16,0.246943908091907,0.246943908091907,-1,1
9299,4868,0.126256118845109,0.126256118845113,0.126256118845113,4.13600560424246e-15,0.126256118845113,0.126256118845113,1,1
9302,1537,0.318473654292635,0.318473654292637,0.318473654292637,1.88799342312943e-15,0.318473654292637,0.318473654292637,1,1
9359,3343,0.15213043110663,0.152130431106632,0.152130431106632,1.74886285422124e-15,0.152130431106632,0.152130431106632,1,1
9411,352,0.122922429564263,0.122922429564263,0.122922429564263,9.72827987313292e-17,0.122922429564263,0.122922429564263,1,1
9445,1654,0.0902982689426751,0.0902982689426754,0.0902982689426754,3.33167638346265e-16,0.0902982689426754,0.0902982689426754,1,1
9465,720,0.297947146910767,0.297947146910767,0.297947146910767,3.33298445064025e-16,0.297947146910767,0.297947146910767,1,1
9466,568,0.129661434677519,0.129661434677519,0.129661434677519,2.22240325196548e-16,0.129661434677519,0.129661434677519,-1,1
9555,4798,0.156603390757342,0.156603390757346,0.156603390757346,3.83066865007434e-15,0.156603390757346,0.156603390757346,1,1
9611,2355,0.117152908012748,0.117152908012748,0.117152908012748,1.11045881586167e-16,0.117152908012748,0.117152908012748,1,1
9613,1330,0.139135606652878,0.139135606652878,0.139135606652878,4.72022270815382e-16,0.139135606652878,0.139135606652878,-1,1
9667,4795,0.171695703668015,0.171695703668018,0.171695703668018,2.60929620716671e-15,0.171695703668018,0.171695703668018,1,1
9774,1559,0.164288863344169,0.164288863344169,0.164288863344169,4.16467224365975e-16,0.164288863344169,0.164288863344169,1,1
9783,1168,0.0382531931626313,0.0382531931626313,0.0382531931626313,2.08255986886617e-17,0.0382531931626313,0.0382531931626313,1,1
9815,2215,0.170099843337596,0.170099843337597,0.170099843337597,9.71664508669385e-16,0.170099843337597,0.170099843337597,1,1
9818,4850,0.122595168140139,0.122595168140138,0.122595168140138,1.04094140466515e-15,0.122595168140138,0.122595168140138,-1,1
9846,292,0.123993228549662,0.123993228549662,0.123993228549662,5.56064494151149e-17,0.123993228549662,0.123993228549662,-1,1
9850,676,0.093991442909795,0.093991442909795,0.093991442909795,0,0.093991442909795,0.093991442909795,NaN,NaN
9882,3062,0.201602547930235,0.201602547930233,0.201602547930233,1.99872784717667e-15,0.201602547930233,0.201602547930233,-1,1
10002,1578,0.224415106799796,0.224415106799797,0.224415106799797,7.49638107182433e-16,0.224415106799797,0.224415106799797,1,1
10016,1622,0.180194882185448,0.180194882185449,0.180194882185449,1.08280128631862e-15,0.180194882185449,0.180194882185449,1,1
10121,462,0.030119523615635,0.030119523615635,0.030119523615635,4.16784944539555e-17,0.030119523615635,0.030119523615635,1,1
10156,836,0.144656986986141,0.144656986986141,0.144656986986141,3.33266288972232e-16,0.144656986986141,0.144656986986141,-1,1
10187,2066,0.0432927939749073,0.0432927939749074,0.0432927939749074,5.55245905611318e-17,0.0432927939749074,0.0432927939749074,1,1
10190,2748,0.112148813460104,0.112148813460103,0.112148813460103,5.96853483412913e-16,0.112148813460103,0.112148813460103,-1,1
10247,1911,0.170598018943352,0.170598018943352,0.170598018943352,1.94339883656382e-16,0.170598018943352,0.170598018943352,1,1
10277,2791,0.115131855032034,0.115131855032036,0.115131855032036,2.01263982334325e-15,0.115131855032036,0.115131855032036,1,1
10332,2444,0.260517671431321,0.260517671431321,0.260517671431321,1.11045022671996e-16,0.260517671431321,0.260517671431321,-1,1
10385,616,0.364233248825174,0.364233248825176,0.364233248825176,1.50001912577189e-15,0.364233248825176,0.364233248825176,1,1
10405,1924,0.358861462568427,0.358861462568424,0.358861462568424,2.55417681027098e-15,0.358861462568424,0.358861462568424,-1,1
10411,2084,0.170094234179815,0.170094234179817,0.170094234179817,1.83230765654223e-15,0.170094234179817,0.170094234179817,1,1
10443,771,0.136461510192445,0.136461510192445,0.136461510192445,4.44377485901097e-16,0.136461510192445,0.136461510192445,1,1
10466,1483,0.247404930840038,0.247404930840038,0.247404930840038,3.60944197455281e-16,0.247404930840038,0.247404930840038,1,1
10507,865,0.133453834332837,0.133453834332837,0.133453834332837,1.38858166125404e-16,0.133453834332837,0.133453834332837,1,1
10519,4551,0.150335021144033,0.150335021144035,0.150335021144035,2.33172454295054e-15,0.150335021144035,0.150335021144035,1,1
10540,1968,0.236588531818288,0.236588531818289,0.236588531818289,1.27708098117798e-15,0.236588531818289,0.236588531818289,1,1
10567,936,0.175094604664885,0.175094604664885,0.175094604664885,5.55408284059152e-17,0.175094604664885,0.175094604664885,1,1
10581,1946,0.203345858391376,0.203345858391377,0.203345858391377,7.49593164820541e-16,0.203345858391377,0.203345858391377,1,1
10614,1586,0.11654196026285,0.11654196026285,0.11654196026285,3.05407629308384e-16,0.11654196026285,0.11654196026285,-1,1
10622,2919,0.21526843523144,0.21526843523144,0.21526843523144,5.55206622655487e-17,0.21526843523144,0.21526843523144,-1,1
10639,1097,0.157400731459224,0.157400731459223,0.157400731459223,8.60815283258417e-16,0.157400731459223,0.157400731459223,-1,1
10671,2582,0.118531532892816,0.118531532892814,0.118531532892814,1.5129718839109e-15,0.118531532892814,0.118531532892814,-1,1
10726,1703,0.143520735536896,0.143520735536896,0.143520735536896,5.55274564603453e-17,0.143520735536896,0.143520735536896,1,1
10787,904,0.192550873982533,0.192550873982534,0.192550873982534,6.10960677775947e-16,0.192550873982534,0.192550873982534,1,1
10793,2900,0.149300271951161,0.149300271951159,0.149300271951159,2.22082898381369e-15,0.149300271951159,0.149300271951159,-1,1
10839,588,0.228750397128979,0.228750397128979,0.228750397128979,3.33350489309832e-16,0.228750397128979,0.228750397128979,-1,1
10846,2162,0.171534872996147,0.171534872996145,0.171534872996145,1.49914782728174e-15,0.171534872996145,0.171534872996145,-1,1
10860,780,0.10200593102548,0.10200593102548,0.10200593102548,4.72147541214177e-16,0.10200593102548,0.10200593102548,-1,1
10867,3569,0.171496540819817,0.171496540819818,0.171496540819818,1.0271001997334e-15,0.171496540819818,0.171496540819818,1,1
10884,448,0.149213750789923,0.149213750789923,0.149213750789923,3.05652652540071e-16,0.149213750789923,0.149213750789923,1,1
10894,846,0.290848491224359,0.290848491224359,0.290848491224359,3.33263930124321e-16,0.290848491224359,0.290848491224359,-1,1
10903,3172,0.172851276653605,0.172851276653607,0.172851276653607,1.66559710446588e-15,0.172851276653607,0.172851276653607,1,1
10920,3311,0.135240436874742,0.135240436874743,0.135240436874743,1.24918955928661e-15,0.135240436874743,0.135240436874743,1,1
10983,4586,0.145384408013683,0.145384408013685,0.145384408013685,1.5822403271635e-15,0.145384408013685,0.145384408013685,1,1
10984,1609,0.155764608437904,0.155764608437903,0.155764608437903,1.16609659905058e-15,0.155764608437903,0.155764608437903,-1,1
11017,1755,0.163425922263166,0.163425922263166,0.163425922263166,3.33161838815266e-16,0.163425922263166,0.163425922263166,-1,1
11032,2053,0.174544300419384,0.174544300419384,0.174544300419384,4.1643506769537e-16,0.174544300419384,0.174544300419384,-1,1
11060,4731,0.200461539686499,0.200461539686494,0.200461539686494,4.69118809768641e-15,0.200461539686494,0.200461539686494,-1,1
11096,1513,0.133666317737651,0.133666317737652,0.133666317737652,8.32942575888679e-16,0.133666317737652,0.133666317737652,1,1
11217,1589,0.129704613593225,0.129704613593224,0.129704613593224,5.27521954625412e-16,0.129704613593224,0.129704613593224,-1,1
11220,2162,0.21734871812205,0.217348718122047,0.217348718122047,2.88724766735742e-15,0.217348718122047,0.217348718122047,-1,1
11259,4199,0.139243793966498,0.139243793966496,0.139243793966496,1.74880951737481e-15,0.139243793966496,0.139243793966496,-1,1
11264,296,0.183146675674191,0.183146675674191,0.183146675674191,5.56051583286285e-17,0.183146675674191,0.183146675674191,-1,1
11340,729,0.206709444180486,0.206709444180486,0.206709444180486,3.33295583629651e-16,0.206709444180486,0.206709444180486,1,1
11446,3243,0.151922332210646,0.151922332210649,0.151922332210649,2.4983870319962e-15,0.151922332210649,0.151922332210649,1,1
11456,4845,0.179640501824366,0.179640501824368,0.179640501824368,1.52671422263757e-15,0.179640501824368,0.179640501824368,1,1
11465,4846,0.138638621880592,0.13863862188059,0.13863862188059,2.05412454670468e-15,0.13863862188059,0.13863862188059,-1,1
11506,4819,0.17722996623584,0.177229966235838,0.177229966235838,2.47050257247104e-15,0.177229966235838,0.177229966235838,-1,1
11535,756,0.231654119816149,0.231654119816149,0.231654119816149,1.66643704254472e-16,0.231654119816149,0.231654119816149,1,1
11550,1630,0.0849279354963946,0.0849279354963938,0.0849279354963938,8.19040758703077e-16,0.0849279354963938,0.0849279354963938,-1,1
11554,1305,0.106179328530142,0.106179328530141,0.106179328530141,5.83090537078807e-16,0.106179328530141,0.106179328530141,-1,1
11600,1648,0.269434206128675,0.269434206128673,0.269434206128673,2.05453603238849e-15,0.269434206128673,0.269434206128673,-1,1
11636,707,0.186914525387724,0.186914525387724,0.186914525387724,1.11100902332511e-16,0.186914525387724,0.186914525387724,-1,1
11672,3449,0.196717023079258,0.196717023079256,0.196717023079256,2.3040468169568e-15,0.196717023079256,0.196717023079256,-1,1
11729,1346,0.109433100631304,0.109433100631304,0.109433100631304,2.77658917563366e-17,0.109433100631304,0.109433100631304,-1,1
11749,2887,0.224748989599458,0.22474898959946,0.22474898959946,1.66562303144608e-15,0.22474898959946,0.22474898959946,1,1
11923,3674,0.214912344066675,0.214912344066673,0.214912344066673,2.13747023363085e-15,0.214912344066673,0.214912344066673,-1,1
12124,4872,0.0319310301040354,0.0319310301040352,0.0319310301040352,2.22067396262523e-16,0.0319310301040352,0.0319310301040352,-1,1
12141,3818,0.196037537381502,0.196037537381506,0.196037537381506,3.83077114030113e-15,0.196037537381506,0.196037537381506,1,1
12142,3610,0.197612143875659,0.197612143875661,0.197612143875661,1.55452755791387e-15,0.197612143875661,0.197612143875661,1,1
12338,1243,0.180494839129729,0.18049483912973,0.18049483912973,8.33002413287618e-16,0.18049483912973,0.18049483912973,1,1
12368,3146,0.139444788034648,0.139444788034645,0.139444788034645,2.74823880368883e-15,0.139444788034645,0.139444788034645,-1,1
12383,1619,0.285056284948911,0.285056284948913,0.285056284948913,1.7769056905919e-15,0.285056284948913,0.285056284948913,1,1
12384,1802,0.191015675913742,0.191015675913741,0.191015675913741,5.27502322802946e-16,0.191015675913741,0.191015675913741,-1,1
12389,820,0.220751805991713,0.220751805991713,0.220751805991713,3.88815213391336e-16,0.220751805991713,0.220751805991713,1,1
12395,914,0.289129994645676,0.289129994645675,0.289129994645675,6.10956976551934e-16,0.289129994645675,0.289129994645675,-1,1
12459,754,0.39054310205502,0.390543102055019,0.390543102055019,5.55479989958407e-16,0.390543102055019,0.390543102055019,-1,1
12589,1140,0.188437181243799,0.188437181243799,0.188437181243799,2.77677571284452e-17,0.188437181243799,0.188437181243799,-1,1
12689,2569,0.236960291066452,0.23696029106645,0.23696029106645,1.9432685448825e-15,0.23696029106645,0.23696029106645,-1,1
12726,3371,0.0687683362044921,0.0687683362044918,0.0687683362044918,3.46996166851337e-16,0.0687683362044918,0.0687683362044918,-1,1
12785,831,0.209925550797912,0.209925550797911,0.209925550797911,7.498518518355e-16,0.209925550797911,0.209925550797911,-1,1
12884,423,0.243084538617025,0.243084538617025,0.243084538617025,2.50095977187261e-16,0.243084538617025,0.243084538617025,-1,1
12886,1290,0.146898471930186,0.146898471930187,0.146898471930187,7.49691175932547e-16,0.146898471930187,0.146898471930187,1,1
13125,1658,0.252945522352975,0.252945522352977,0.252945522352977,2.22111596812187e-15,0.252945522352977,0.252945522352977,1,1
13145,4794,0.290316704839617,0.29031670483962,0.29031670483962,3.16446568179217e-15,0.29031670483962,0.29031670483962,1,1
13312,443,0.269030470235449,0.269030470235449,0.269030470235449,3.33443467041318e-16,0.269030470235449,0.269030470235449,-1,1
13380,1797,0.279022321276856,0.279022321276858,0.279022321276858,1.94343111155769e-15,0.279022321276858,0.279022321276858,1,1
13421,573,0.18399941244093,0.183999412440931,0.183999412440931,5.2781671086672e-16,0.183999412440931,0.183999412440931,1,1
13440,716,0.275522165809962,0.275522165809962,0.275522165809962,2.77749783272719e-16,0.275522165809962,0.275522165809962,1,1
13498,4872,0.217744350083051,0.217744350083049,0.217744350083049,1.66550547196892e-15,0.217744350083049,0.217744350083049,-1,1
13510,334,0.274412518671158,0.274412518671158,0.274412518671158,2.22377755307318e-16,0.274412518671158,0.274412518671158,-1,1
13561,4666,0.0965320719819543,0.0965320719819533,0.0965320719819533,9.57669986397039e-16,0.0965320719819533,0.0965320719819533,-1,1
13683,4872,0.172263135659328,0.172263135659325,0.172263135659325,3.33101094393784e-15,0.172263135659325,0.172263135659325,-1,1
13709,175,0.206326946139904,0.206326946139904,0.206326946139904,8.35056562529129e-17,0.206326946139904,0.206326946139904,1,1
13714,1077,0.1811740351416,0.181174035141599,0.181174035141599,8.05285635587861e-16,0.181174035141599,0.181174035141599,-1,1
13971,1197,0.282225770550521,0.282225770550521,0.282225770550521,5.55343533853457e-17,0.282225770550521,0.282225770550521,-1,1
13988,2239,0.132475078434568,0.132475078434569,0.132475078434569,1.05494748422525e-15,0.132475078434569,0.132475078434569,1,1
13994,1591,0.272708760567809,0.272708760567808,0.272708760567808,1.0550434916613e-15,0.272708760567808,0.272708760567808,-1,1
14065,545,0.139284248640084,0.139284248640084,0.139284248640084,1.66686447252631e-16,0.139284248640084,0.139284248640084,-1,1
14078,1643,0.0769174145625477,0.0769174145625477,0.0769174145625477,2.77640260879257e-17,0.0769174145625477,0.0769174145625477,-1,1
14087,985,0.366127095119216,0.366127095119217,0.366127095119217,1.38848377385754e-15,0.366127095119217,0.366127095119217,1,1
14163,1084,0.112723585271279,0.112723585271279,0.112723585271279,2.77683868674607e-16,0.112723585271279,0.112723585271279,-1,1
14313,3008,0.232576959847679,0.232576959847681,0.232576959847681,2.22081523140421e-15,0.232576959847681,0.232576959847681,1,1
14316,2595,0.240307790655861,0.240307790655859,0.240307790655859,2.44296140500446e-15,0.240307790655859,0.240307790655859,-1,1
14353,3114,0.16360317597443,0.163603175974429,0.163603175974429,8.05040964787398e-16,0.163603175974429,0.163603175974429,-1,1
14359,2974,0.263572908293556,0.26357290829356,0.26357290829356,3.719872583963e-15,0.26357290829356,0.26357290829356,1,1
14369,2510,0.160712886325551,0.160712886325549,0.160712886325549,1.9155163324503e-15,0.160712886325549,0.160712886325549,-1,1
14370,366,0.127689678346928,0.127689678346928,0.127689678346928,1.66761425674143e-16,0.127689678346928,0.127689678346928,1,1
14372,1234,0.108049038751816,0.108049038751816,0.108049038751816,4.44269258189043e-16,0.108049038751816,0.108049038751816,1,1
14391,1478,0.168815998071741,0.16881599807174,0.16881599807174,1.221658678031e-15,0.16881599807174,0.16881599807174,-1,1
14412,123,0.472152835861389,0.472152835861389,0.472152835861389,1.67214574956425e-16,0.472152835861389,0.472152835861389,1,1
14418,2559,0.172422582162937,0.172422582162936,0.172422582162936,1.24924501506813e-15,0.172422582162936,0.172422582162936,-1,1
14447,4835,0.195443786873257,0.19544378687326,0.19544378687326,2.94239531178903e-15,0.19544378687326,0.19544378687326,1,1
14477,3804,0.13019117911992,0.130191179119922,0.130191179119922,2.24849718808616e-15,0.130191179119922,0.130191179119922,1,1
14489,3555,0.151803188554528,0.15180318855453,0.15180318855453,1.99868257275663e-15,0.15180318855453,0.15180318855453,1,1
14535,1141,0.233014161479369,0.23301416147937,0.23301416147937,8.33032393357483e-16,0.23301416147937,0.23301416147937,1,1
14538,4233,0.171853723360212,0.171853723360209,0.171853723360209,3.49761568871754e-15,0.171853723360209,0.171853723360209,-1,1
14590,1219,0.341901203156182,0.34190120315618,0.34190120315618,2.33242524416096e-15,0.34190120315618,0.34190120315618,-1,1
14605,3686,0.201427112719557,0.201427112719557,0.201427112719557,2.77593413812816e-17,0.201427112719557,0.201427112719557,-1,1
14611,971,0.371608452972211,0.371608452972211,0.371608452972211,0,0.371608452972211,0.371608452972211,NaN,NaN
14620,4797,0.212445745635307,0.212445745635304,0.212445745635304,2.63705456278531e-15,0.212445745635304,0.212445745635304,-1,1
14624,2194,0.22962792057297,0.229627920572972,0.229627920572972,2.47080937723469e-15,0.229627920572972,0.229627920572972,1,1
14790,846,0.322579759532713,0.322579759532712,0.322579759532712,1.44414369720539e-15,0.322579759532712,0.322579759532712,-1,1
14793,1193,0.42399969266195,0.423999692661948,0.423999692661948,2.27691168037276e-15,0.423999692661948,0.423999692661948,-1,1
14822,1664,0.112676579767671,0.11267657976767,0.11267657976767,5.69160347561539e-16,0.11267657976767,0.11267657976767,-1,1
14894,2489,0.231189941250468,0.231189941250469,0.231189941250469,1.41581880015688e-15,0.231189941250469,0.231189941250469,1,1
14934,1800,0.259285172955075,0.259285172955075,0.259285172955075,4.99739196810298e-16,0.259285172955075,0.259285172955075,1,1
14960,1460,0.152329204446558,0.152329204446557,0.152329204446557,5.83066802543603e-16,0.152329204446557,0.152329204446557,-1,1
15055,2115,0.289379848566585,0.289379848566585,0.289379848566585,4.99718511812801e-16,0.289379848566585,0.289379848566585,-1,1
15070,2871,0.275018582737088,0.275018582737083,0.275018582737083,4.60822816966451e-15,0.275018582737083,0.275018582737083,-1,1
15142,2568,0.111240009412962,0.111240009412963,0.111240009412963,9.43873364792495e-16,0.111240009412963,0.111240009412963,1,1
15172,1496,0.0830045053699315,0.0830045053699315,0.0830045053699315,2.77648568650492e-17,0.0830045053699315,0.0830045053699315,-1,1
15247,2564,0.204349774889817,0.204349774889815,0.204349774889815,1.83222532370633e-15,0.204349774889815,0.204349774889815,-1,1
15261,349,0.118542531766398,0.118542531766398,0.118542531766398,1.250794156897e-16,0.118542531766398,0.118542531766398,1,1
15319,2069,0.127743174642332,0.12774317464233,0.12774317464233,1.49916341881876e-15,0.12774317464233,0.12774317464233,-1,1
15334,4853,0.138528997180797,0.138528997180794,0.138528997180794,3.05342792571813e-15,0.138528997180794,0.138528997180794,-1,1
15362,1049,0.0306024777392233,0.0306024777392233,0.0306024777392233,3.47110182777009e-18,0.0306024777392233,0.0306024777392233,-1,1
15406,477,0.217100758667535,0.217100758667536,0.217100758667536,5.27909591376148e-16,0.217100758667536,0.217100758667536,1,1
15508,4502,0.215659050663107,0.215659050663108,0.215659050663108,1.47120891173965e-15,0.215659050663108,0.215659050663108,1,1
15509,3897,0.0664742480083671,0.066474248008366,0.066474248008366,1.1381246353521e-15,0.066474248008366,0.066474248008366,-1,1
15521,3187,0.22337445550385,0.223374455503849,0.223374455503849,1.22143697013743e-15,0.223374455503849,0.223374455503849,-1,1
15545,2718,0.0369279593006704,0.0369279593006704,0.0369279593006704,4.8581195087538e-17,0.0369279593006704,0.0369279593006704,1,1
15580,321,0.0842780853548106,0.0842780853548105,0.0842780853548105,6.94972746851171e-17,0.0842780853548105,0.0842780853548105,-1,1
15581,2323,0.0242411137157391,0.0242411137157393,0.0242411137157393,1.94330861375623e-16,0.0242411137157393,0.0242411137157393,1,1
15582,2685,0.0282734158185371,0.0282734158185372,0.0282734158185372,1.31863542055455e-16,0.0282734158185372,0.0282734158185372,1,1
15598,4814,0.0290167758091619,0.0290167758091626,0.0290167758091626,6.52323783267983e-16,0.0290167758091626,0.0290167758091626,1,1
15613,1512,0.0217153083546116,0.0217153083546116,0.0217153083546116,4.51177327282868e-17,0.0217153083546116,0.0217153083546116,1,1
15617,1777,0.0221175744405381,0.0221175744405381,0.0221175744405381,0,0.0221175744405381,0.0221175744405381,NaN,NaN
15620,509,0.0279377774023519,0.0279377774023519,0.0279377774023519,2.43100205815669e-17,0.0279377774023519,0.0279377774023519,-1,1
15633,1145,0.0334113509219892,0.033411350921989,0.033411350921989,1.73548149369967e-16,0.033411350921989,0.033411350921989,-1,1
15634,1861,0.0779308491591759,0.0779308491591755,0.0779308491591755,3.60919465260808e-16,0.0779308491591755,0.0779308491591755,-1,1
15659,3955,0.0681063634369395,0.0681063634369402,0.0681063634369402,6.52338502282393e-16,0.0681063634369402,0.0681063634369402,1,1
15668,4668,0.110364636810533,0.110364636810535,0.110364636810535,1.87370206125506e-15,0.110364636810535,0.110364636810535,1,1
15679,1512,0.0370149650182742,0.0370149650182739,0.0370149650182739,2.56824017068709e-16,0.0370149650182739,0.0370149650182739,-1,1
15704,1002,0.149991567802379,0.149991567802379,0.149991567802379,2.22155488629783e-16,0.149991567802379,0.149991567802379,1,1
15706,797,0.0276909029997825,0.0276909029997826,0.0276909029997826,6.24892602380156e-17,0.0276909029997826,0.0276909029997826,1,1
15708,2207,0.23537227057409,0.235372270574092,0.235372270574092,1.88780687651797e-15,0.235372270574092,0.235372270574092,1,1
15724,3453,0.0363271924658486,0.0363271924658493,0.0363271924658493,7.00929787414041e-16,0.0363271924658493,0.0363271924658493,1,1
15743,1512,0.0641879799433116,0.0641879799433111,0.0641879799433111,4.58118516933374e-16,0.0641879799433111,0.0641879799433111,-1,1
15782,864,0.0906474551382353,0.0906474551382353,0.0906474551382353,4.16574777396404e-17,0.0906474551382353,0.0906474551382353,1,1
15889,299,0.0471583977174696,0.0471583977174695,0.0471583977174695,5.56042127403974e-17,0.0471583977174695,0.0471583977174695,-1,1
15929,1190,0.0784154407763822,0.0784154407763822,0.0784154407763822,0,0.0784154407763822,0.0784154407763822,NaN,NaN
16428,1605,0.11049350951189,0.110493509511889,0.110493509511889,8.3292678764876e-16,0.110493509511889,0.110493509511889,-1,1
16477,1652,0.124834036475145,0.124834036475146,0.124834036475146,1.04114925109992e-15,0.124834036475146,0.124834036475146,1,1
16478,419,0.292031376195209,0.292031376195209,0.292031376195209,2.77887562319185e-16,0.292031376195209,0.292031376195209,1,1
16560,1733,0.479644449152374,0.479644449152371,0.479644449152371,2.77635870389782e-15,0.479644449152371,0.479644449152371,-1,1
16590,1356,0.151508737125921,0.15150873712592,0.15150873712592,6.38613759639405e-16,0.15150873712592,0.15150873712592,-1,1
16603,1635,0.118770802806438,0.118770802806439,0.118770802806439,7.07983720096888e-16,0.118770802806439,0.118770802806439,1,1
17420,1868,0.284011548988733,0.284011548988736,0.284011548988736,2.99840484481707e-15,0.284011548988736,0.284011548988736,1,1
17436,2570,0.173105681341437,0.173105681341435,0.173105681341435,1.49909276390903e-15,0.173105681341435,0.173105681341435,-1,1
17452,2835,0.0684030938835941,0.0684030938835935,0.0684030938835935,5.96850149596898e-16,0.0684030938835935,0.0684030938835935,-1,1
17828,2707,0.122000609999398,0.122000609999397,0.122000609999397,1.27699236866336e-15,0.122000609999397,0.122000609999397,-1,1
18466,885,0.122150555873565,0.122150555873565,0.122150555873565,4.30454685517748e-16,0.122150555873565,0.122150555873565,1,1
18467,4832,0.227861606971394,0.227861606971391,0.227861606971391,2.72032791578236e-15,0.227861606971391,0.227861606971391,-1,1
18636,1019,0.206055253355478,0.206055253355477,0.206055253355477,7.49768526196881e-16,0.206055253355477,0.206055253355477,-1,1
18729,3285,0.151031870132813,0.151031870132815,0.151031870132815,2.3873429009066e-15,0.151031870132815,0.151031870132815,1,1
19113,4857,0.152246768602652,0.152246768602651,0.152246768602651,6.10685533316311e-16,0.152246768602651,0.152246768602651,-1,1
19151,575,0.179455206851345,0.179455206851345,0.179455206851345,1.94458196976897e-16,0.179455206851345,0.179455206851345,1,1
19349,4837,0.156128669632388,0.156128669632388,0.156128669632388,2.77584451504637e-16,0.156128669632388,0.156128669632388,1,1
19398,1370,0.230796355163098,0.230796355163098,0.230796355163098,2.77657109366224e-17,0.230796355163098,0.230796355163098,1,1
19439,977,0.218594103588864,0.218594103588865,0.218594103588865,1.19410101386883e-15,0.218594103588865,0.218594103588865,1,1
19565,4536,0.271106070212915,0.271106070212923,0.271106070212923,8.16103886599361e-15,0.271106070212923,0.271106070212923,1,1
19625,1005,0.2785487323781,0.278548732378101,0.278548732378101,1.27739215497187e-15,0.278548732378101,0.278548732378101,1,1
19661,4467,0.145038286022756,0.145038286022759,0.145038286022759,2.8869030187831e-15,0.145038286022759,0.145038286022759,1,1
19824,3921,0.293387866372313,0.293387866372311,0.293387866372311,2.16521102006571e-15,0.293387866372311,0.293387866372311,-1,1
20067,3728,0.206170828887821,0.20617082888782,0.20617082888782,7.21741772629097e-16,0.20617082888782,0.20617082888782,-1,1
20779,3553,0.207293518541509,0.207293518541505,0.207293518541505,4.16392235633026e-15,0.207293518541505,0.207293518541505,-1,1
21487,1032,0.287250328494723,0.287250328494725,0.287250328494725,1.99937036629461e-15,0.287250328494725,0.287250328494725,1,1
22260,2588,0.149683926552139,0.149683926552139,0.149683926552139,4.44175032482973e-16,0.149683926552139,0.149683926552139,-1,1
23220,317,0.146635515536657,0.146635515536657,0.146635515536657,1.66796747856114e-16,0.146635515536657,0.146635515536657,1,1
23667,852,0.120847348631358,0.120847348631358,0.120847348631358,5.55437569029276e-17,0.120847348631358,0.120847348631358,1,1
23671,4871,0.257055407448127,0.257055407448127,0.257055407448127,3.886179516489e-16,0.257055407448127,0.257055407448127,-1,1
23714,754,0.139811723390347,0.139811723390347,0.139811723390347,4.16609992468805e-16,0.139811723390347,0.139811723390347,-1,1
23809,3151,0.165168763961173,0.165168763961171,0.165168763961171,1.97095864481966e-15,0.165168763961171,0.165168763961171,-1,1
23877,1083,0.21101130082431,0.21101130082431,0.21101130082431,3.88757581870987e-16,0.21101130082431,0.21101130082431,-1,1
23978,4493,0.219352060765116,0.219352060765112,0.219352060765112,4.30259305777946e-15,0.219352060765112,0.219352060765112,-1,1
23988,722,0.191214537232898,0.191214537232898,0.191214537232898,1.6664890150916e-16,0.191214537232898,0.191214537232898,-1,1
24032,812,0.1885582583939,0.1885582583939,0.1885582583939,2.22181458315481e-16,0.1885582583939,0.1885582583939,1,1
24216,1886,0.128255445464509,0.128255445464509,0.128255445464509,4.16444052916718e-16,0.128255445464509,0.128255445464509,-1,1
24287,1970,0.117849781307017,0.117849781307018,0.117849781307018,9.71691800136501e-16,0.117849781307018,0.117849781307018,1,1
24318,332,0.0918421828814198,0.0918421828814196,0.0918421828814196,1.66784825087705e-16,0.0918421828814196,0.0918421828814196,-1,1
24370,1793,0.363258375278323,0.363258375278325,0.363258375278325,2.22106550694105e-15,0.363258375278325,0.363258375278325,1,1
24625,4225,0.144512829586631,0.144512829586631,0.144512829586631,1.38794304411643e-16,0.144512829586631,0.144512829586631,-1,1
24678,1251,0.066505065582715,0.0665050655827152,0.0665050655827152,1.66600053757901e-16,0.0665050655827152,0.0665050655827152,1,1
24731,2336,0.257149320106717,0.257149320106713,0.257149320106713,3.88661257005074e-15,0.257149320106713,0.257149320106713,-1,1
25021,337,0.180025255912085,0.180025255912085,0.180025255912085,2.77968478698253e-17,0.180025255912085,0.180025255912085,1,1
25056,788,0.129060659912694,0.129060659912694,0.129060659912694,4.44371260821558e-16,0.129060659912694,0.129060659912694,1,1
25119,2016,0.222355521783952,0.222355521783951,0.222355521783951,1.44364802404948e-15,0.222355521783951,0.222355521783951,-1,1
25124,2743,0.195722187737927,0.195722187737926,0.195722187737926,9.16100999418759e-16,0.195722187737926,0.195722187737926,-1,1
25157,2202,0.124622390395737,0.124622390395737,0.124622390395737,4.30309141844086e-16,0.124622390395737,0.124622390395737,1,1
25180,1080,0.254899161427731,0.254899161427732,0.254899161427732,8.8858989918465e-16,0.254899161427732,0.254899161427732,1,1
25279,3763,0.224421920355979,0.22442192035598,0.22442192035598,5.55185286186558e-16,0.22442192035598,0.22442192035598,1,1
25283,2786,0.256887562846752,0.256887562846755,0.256887562846755,2.60949247231197e-15,0.256887562846755,0.256887562846755,1,1
25340,1622,0.314440587064794,0.314440587064795,0.314440587064795,4.99754439839365e-16,0.314440587064795,0.314440587064795,1,1
25356,1105,0.261068969298614,0.261068969298613,0.261068969298613,6.10899151066967e-16,0.261068969298613,0.261068969298613,-1,1
25389,1345,0.185416614544828,0.185416614544829,0.185416614544829,1.08287007779377e-15,0.185416614544829,0.185416614544829,1,1
25495,897,0.156725072076895,0.156725072076894,0.156725072076894,5.55421197978125e-16,0.156725072076894,0.156725072076894,-1,1
25627,2854,0.113774873137544,0.113774873137545,0.113774873137545,8.60573623520348e-16,0.113774873137545,0.113774873137545,1,1
25648,4751,0.127579073860034,0.127579073860034,0.127579073860034,4.16377456521196e-16,0.127579073860034,0.127579073860034,1,1
25714,1512,0.0210023421192185,0.0210023421192185,0.0210023421192185,2.0823568951517e-17,0.0210023421192185,0.0210023421192185,1,1
25751,1348,0.0357668908565695,0.0357668908565693,0.0357668908565693,1.73536727762301e-16,0.0357668908565693,0.0357668908565693,-1,1
25895,1987,0.18417544359266,0.184175443592658,0.184175443592658,1.69351631523162e-15,0.184175443592658,0.184175443592658,-1,1
26061,611,0.174562863480389,0.174562863480389,0.174562863480389,2.22226534168927e-16,0.174562863480389,0.174562863480389,-1,1
27780,1826,0.207971801825437,0.207971801825437,0.207971801825437,1.38815894207629e-16,0.207971801825437,0.207971801825437,1,1
27786,2229,0.259052233749929,0.259052233749929,0.259052233749929,1.66570822358822e-16,0.259052233749929,0.259052233749929,1,1
27914,3304,0.171604816995082,0.171604816995079,0.171604816995079,3.05357545551305e-15,0.171604816995079,0.171604816995079,-1,1
28139,698,0.20715788571196,0.20715788571196,0.20715788571196,8.33264376662111e-17,0.20715788571196,0.20715788571196,-1,1
28169,2651,0.260281243100345,0.260281243100345,0.260281243100345,1.11043248090938e-16,0.260281243100345,0.260281243100345,-1,1
28191,4861,0.205626032155188,0.205626032155194,0.205626032155194,6.35668069456889e-15,0.205626032155194,0.205626032155194,1,1
28194,574,0.199732692575637,0.199732692575637,0.199732692575637,1.11119138331307e-16,0.199732692575637,0.199732692575637,1,1
28195,2698,0.180681395956739,0.180681395956737,0.180681395956737,1.52683964276393e-15,0.180681395956737,0.180681395956737,-1,1
28216,571,0.0836963038778772,0.083696303877877,0.083696303877877,1.66679471655796e-16,0.083696303877877,0.083696303877877,-1,1
28272,2989,0.18048111361668,0.180481113616682,0.180481113616682,2.13753691954847e-15,0.180481113616682,0.180481113616682,1,1
28298,793,0.266109653663607,0.266109653663607,0.266109653663607,2.22184740379136e-16,0.266109653663607,0.266109653663607,1,1
28322,1530,0.27873880082663,0.278738800826629,0.278738800826629,1.22164462261153e-15,0.278738800826629,0.278738800826629,-1,1
28349,3520,0.0636970571907066,0.0636970571907056,0.0636970571907056,9.85462924827133e-16,0.0636970571907056,0.0636970571907056,-1,1
28520,1439,0.155419617740585,0.155419617740586,0.155419617740586,1.24943511126942e-15,0.155419617740586,0.155419617740586,1,1
28629,384,0.182107149634714,0.182107149634714,0.182107149634714,1.66750718565933e-16,0.182107149634714,0.182107149634714,1,1
28733,3031,0.191595409271715,0.191595409271718,0.191595409271718,2.52617413828619e-15,0.191595409271718,0.191595409271718,1,1
28742,3866,0.214343309381943,0.21434330938194,0.21434330938194,3.33109992169745e-15,0.21434330938194,0.21434330938194,-1,1
28838,2256,0.0248568644870312,0.0248568644870314,0.0248568644870314,2.22093833304957e-16,0.0248568644870314,0.0248568644870314,1,1
28883,2173,0.228998532677978,0.228998532677979,0.228998532677979,1.19376446427381e-15,0.228998532677979,0.228998532677979,1,1
28919,340,0.126100557225648,0.126100557225648,0.126100557225648,2.77964828973934e-17,0.126100557225648,0.126100557225648,1,1
28930,4871,0.20143627698676,0.201436276986763,0.201436276986763,2.77584251177786e-15,0.201436276986763,0.201436276986763,1,1
29011,3423,0.188706314842275,0.188706314842272,0.188706314842272,3.49771347833938e-15,0.188706314842272,0.188706314842272,-1,1
29028,1976,0.154072195561027,0.154072195561026,0.154072195561026,8.8840324654076e-16,0.154072195561026,0.154072195561026,-1,1
29039,2648,0.245927943783508,0.245927943783509,0.245927943783509,6.94020448922516e-16,0.245927943783509,0.245927943783509,1,1
29099,1481,0.285791208228802,0.285791208228803,0.285791208228803,1.22165784029893e-15,0.285791208228803,0.285791208228803,1,1
29173,1568,0.297221865518352,0.29722186551835,0.29722186551835,1.72139468983814e-15,0.29722186551835,0.29722186551835,-1,1
29353,1643,0.265289410638844,0.265289410638845,0.265289410638845,1.16608909569288e-15,0.265289410638845,0.265289410638845,1,1
29389,4809,0.186555191541621,0.186555191541617,0.186555191541617,4.27480312654723e-15,0.186555191541617,0.186555191541617,-1,1
29392,3546,0.171828750309941,0.17182875030994,0.17182875030994,1.2491770540197e-15,0.17182875030994,0.17182875030994,-1,1
29511,3303,0.187448757044374,0.187448757044375,0.187448757044375,6.93994453513498e-16,0.187448757044375,0.187448757044375,1,1
29710,2415,0.169332233932887,0.169332233932885,0.169332233932885,2.1653832639549e-15,0.169332233932885,0.169332233932885,-1,1
29733,1718,0.258576782419599,0.258576782419601,0.258576782419601,1.72134673511167e-15,0.258576782419601,0.258576782419601,1,1
29755,2162,0.193227416440848,0.193227416440849,0.193227416440849,6.38525926434815e-16,0.193227416440849,0.193227416440849,1,1
29804,391,0.426641130779302,0.426641130779303,0.426641130779303,6.66987285739826e-16,0.426641130779303,0.426641130779303,1,1
29830,1705,0.197251946303206,0.197251946303205,0.197251946303205,1.0827850278484e-15,0.197251946303205,0.197251946303205,-1,1
29850,1196,0.274817148099614,0.274817148099613,0.274817148099613,8.33015591959723e-16,0.274817148099613,0.274817148099613,-1,1
29875,2863,0.224292685764777,0.224292685764778,0.224292685764778,1.24921908785698e-15,0.224292685764778,0.224292685764778,1,1
29968,1481,0.250825645298807,0.250825645298808,0.250825645298808,6.66358821981232e-16,0.250825645298808,0.250825645298808,1,1
29984,1047,0.160224896312031,0.160224896312032,0.160224896312032,1.02744707739901e-15,0.160224896312032,0.160224896312032,1,1
30024,340,0.304708617322248,0.304708617322249,0.304708617322249,5.55929657947869e-16,0.304708617322249,0.304708617322249,1,1
30098,3918,0.255913187715373,0.255913187715371,0.255913187715371,2.3317659416498e-15,0.255913187715371,0.255913187715371,-1,1
30170,1002,0.132237896752822,0.132237896752822,0.132237896752822,3.05463796865951e-16,0.132237896752822,0.132237896752822,-1,1
30298,1411,0.283155039685648,0.283155039685646,0.283155039685646,2.27676413445498e-15,0.283155039685646,0.283155039685646,-1,1
30354,1558,0.251193793865941,0.251193793865941,0.251193793865941,2.77644873434603e-16,0.251193793865941,0.251193793865941,1,1
30384,1773,0.179327420360622,0.179327420360621,0.179327420360621,5.55268124394214e-16,0.179327420360621,0.179327420360621,-1,1
30452,3824,0.0587224080741661,0.0587224080741654,0.0587224080741654,7.21739341860545e-16,0.0587224080741654,0.0587224080741654,-1,1
30495,383,0.226951040094318,0.226951040094318,0.226951040094318,1.11167524633766e-16,0.226951040094318,0.226951040094318,1,1
30501,1512,0.0190937310079031,0.0190937310079033,0.0190937310079033,1.52706172311125e-16,0.0190937310079033,0.0190937310079033,1,1
30538,942,0.256626212579363,0.256626212579364,0.256626212579364,8.33109588430192e-16,0.256626212579364,0.256626212579364,1,1
30580,2795,0.0464388742114723,0.0464388742114729,0.0464388742114729,6.03791792145874e-16,0.0464388742114729,0.0464388742114729,1,1
30637,2359,0.197411964267929,0.197411964267931,0.197411964267931,1.80449492586827e-15,0.197411964267931,0.197411964267931,1,1
30806,2092,0.214255172908426,0.214255172908428,0.214255172908428,1.55468385725028e-15,0.214255172908428,0.214255172908428,1,1
30807,3570,0.068284676015411,0.0682846760154119,0.0682846760154119,9.29942036228238e-16,0.0682846760154119,0.0682846760154119,1,1
30821,2009,0.370912118119796,0.370912118119794,0.370912118119794,2.33204882436012e-15,0.370912118119794,0.370912118119794,-1,1
30874,3162,0.0742921274742514,0.0742921274742517,0.0742921274742517,2.77599655841207e-16,0.0742921274742517,0.0742921274742517,1,1
30923,903,0.165080528113395,0.165080528113395,0.165080528113395,1.38854784638815e-16,0.165080528113395,0.165080528113395,-1,1
30990,1743,0.125284577560912,0.125284577560911,0.125284577560911,5.83034362171263e-16,0.125284577560911,0.125284577560911,-1,1
31137,895,0.166807028847416,0.166807028847417,0.166807028847417,7.77590646831101e-16,0.166807028847417,0.166807028847417,1,1
31142,4837,0.291395287571428,0.291395287571425,0.291395287571425,2.77584451504637e-15,0.291395287571425,0.291395287571425,-1,1
31673,1789,0.105493930553501,0.105493930553501,0.105493930553501,4.44213378511751e-16,0.105493930553501,0.105493930553501,1,1
31846,3041,0.201233043935361,0.201233043935363,0.201233043935363,1.94320982114373e-15,0.201233043935363,0.201233043935363,1,1
60800,447,0.126600333845382,0.126600333845382,0.126600333845382,1.94506720166829e-16,0.126600333845382,0.126600333845382,1,1
60894,1064,0.341430680076371,0.341430680076372,0.341430680076372,7.77521579810002e-16,0.341430680076372,0.341430680076372,1,1
60900,407,0.19790155990677,0.19790155990677,0.19790155990677,1.94528154359053e-16,0.19790155990677,0.19790155990677,-1,1
61067,2261,0.075187325404594,0.0751873254045942,0.0751873254045942,2.22093724404656e-16,0.0751873254045942,0.0751873254045942,1,1
63120,3662,0.0532263180995335,0.0532263180995345,0.0532263180995345,9.92397336873672e-16,0.0532263180995345,0.0532263180995345,1,1
63477,4856,0.206336862208959,0.206336862208964,0.206336862208964,5.19082714325364e-15,0.206336862208964,0.206336862208964,1,1
63501,573,0.0615482705305163,0.0615482705305163,0.0615482705305163,2.77798268877221e-17,0.0615482705305163,0.0615482705305163,1,1
63546,3054,0.0392863621656645,0.0392863621656642,0.0392863621656642,2.49841087800501e-16,0.0392863621656642,0.0392863621656642,-1,1
63605,1800,0.179549972471656,0.179549972471655,0.179549972471655,1.41592772429584e-15,0.179549972471655,0.179549972471655,-1,1
63892,1394,0.365096708096257,0.365096708096254,0.365096708096254,2.77655363464773e-15,0.365096708096254,0.365096708096254,-1,1
63914,669,0.141254417530663,0.141254417530663,0.141254417530663,2.7776342977768e-16,0.141254417530663,0.141254417530663,-1,1
64030,1334,0.375435921332209,0.375435921332208,0.375435921332208,1.11063938429651e-15,0.375435921332208,0.375435921332208,-1,1
64166,1759,0.143814748730003,0.143814748730004,0.143814748730004,1.08277527425363e-15,0.143814748730004,0.143814748730004,1,1
64690,326,0.173235740051863,0.173235740051863,0.173235740051863,2.22385949638344e-16,0.173235740051863,0.173235740051863,-1,1
64891,1909,0.258427558335956,0.258427558335957,0.258427558335957,1.38814240682746e-15,0.258427558335957,0.258427558335957,1,1
64910,3943,0.204335974942373,0.204335974942369,0.204335974942369,3.58092336935922e-15,0.204335974942369,0.204335974942369,-1,1
64925,1157,0.30869368763347,0.308693687633471,0.308693687633471,1.27730858925428e-15,0.308693687633471,0.308693687633471,1,1
65248,1348,0.158224144163848,0.158224144163848,0.158224144163848,4.99785775955427e-16,0.158224144163848,0.158224144163848,1,1
65350,1552,0.111871816821939,0.111871816821939,0.111871816821939,1.80469391782389e-16,0.111871816821939,0.111871816821939,1,1
65399,2367,0.157282143424709,0.15728214342471,0.15728214342471,8.32843215067444e-16,0.15728214342471,0.15728214342471,1,1
65417,3456,0.193512430955687,0.193512430955686,0.193512430955686,5.82951433068353e-16,0.193512430955686,0.193512430955686,-1,1
65459,249,0.0914412001025555,0.0914412001025555,0.0914412001025555,0,0.0914412001025555,0.0914412001025555,NaN,NaN
65590,1102,0.3289240504381,0.328924050438099,0.328924050438099,1.05519074373566e-15,0.328924050438099,0.328924050438099,-1,1
65662,3553,0.240821945482141,0.240821945482144,0.240821945482144,3.10906202605992e-15,0.240821945482144,0.240821945482144,1,1
66016,1359,0.238869130844436,0.238869130844438,0.238869130844438,1.58265020208926e-15,0.238869130844438,0.238869130844438,1,1
66065,888,0.163306196690214,0.163306196690213,0.163306196690213,9.44221376874372e-16,0.163306196690213,0.163306196690213,-1,1
66290,861,0.182417787303305,0.182417787303305,0.182417787303305,1.94401955229608e-16,0.182417787303305,0.182417787303305,-1,1
100075,1131,0.271067372862315,0.271067372862315,0.271067372862315,3.33214249534718e-16,0.271067372862315,0.271067372862315,1,1
100080,4815,0.162279544346944,0.162279544346941,0.162279544346941,2.66481199330262e-15,0.162279544346941,0.162279544346941,-1,1
100103,4556,0.0955773874738852,0.0955773874738881,0.0955773874738881,2.92853463826453e-15,0.0955773874738881,0.0955773874738881,1,1
100135,271,0.224416553684394,0.224416553684394,0.224416553684394,0,0.224416553684394,0.224416553684394,NaN,NaN
100165,1339,0.414300179812091,0.414300179812092,0.414300179812092,6.66382697210371e-16,0.414300179812092,0.414300179812092,1,1
100245,1412,0.37551460735936,0.375514607359358,0.375514607359358,1.88804783245659e-15,0.375514607359358,0.375514607359358,-1,1
100424,1898,0.212555017516365,0.212555017516364,0.212555017516364,1.0549898314626e-15,0.212555017516364,0.212555017516364,-1,1
100572,4872,0.181556814835916,0.181556814835919,0.181556814835919,2.63705033061746e-15,0.181556814835919,0.181556814835919,1,1
100581,2106,0.139521853561214,0.139521853561214,0.139521853561214,2.77621676061305e-16,0.139521853561214,0.139521853561214,-1,1
100590,1965,0.075488909996072,0.075488909996072,0.075488909996072,2.77626407998125e-17,0.075488909996072,0.075488909996072,-1,1
100609,3837,0.165569228785993,0.165569228785993,0.165569228785993,2.77591931556398e-16,0.165569228785993,0.165569228785993,1,1
100699,4248,0.133841850844504,0.133841850844503,0.133841850844503,1.27690678221942e-15,0.133841850844503,0.133841850844503,-1,1
100737,1342,0.112970494806121,0.112970494806122,0.112970494806122,9.44041365751033e-16,0.112970494806122,0.112970494806122,1,1
100760,2542,0.221809054281406,0.221809054281403,0.221809054281403,2.52625433279901e-15,0.221809054281403,0.221809054281403,-1,1
100781,572,0.105368555993104,0.105368555993104,0.105368555993104,2.36128889396214e-16,0.105368555993104,0.105368555993104,-1,1
100953,3320,0.0864789658685999,0.0864789658686005,0.0864789658686005,5.69075010642852e-16,0.0864789658686005,0.0864789658686005,1,1
101020,4789,0.158980091400596,0.158980091400599,0.158980091400599,3.27549992211495e-15,0.158980091400599,0.158980091400599,1,1
101202,1824,0.0930091975435873,0.093009197543588,0.093009197543588,6.66316492363822e-16,0.093009197543588,0.093009197543588,1,1
101204,1462,0.134558917961572,0.134558917961573,0.134558917961573,7.49656966109082e-16,0.134558917961573,0.134558917961573,1,1
101292,2044,0.123870366214726,0.123870366214728,0.123870366214728,1.73514797701729e-15,0.123870366214728,0.123870366214728,1,1
101310,2681,0.148967409646986,0.148967409646986,0.148967409646986,3.88650547763847e-16,0.148967409646986,0.148967409646986,1,1
101352,1691,0.134854943344303,0.134854943344303,0.134854943344303,3.60929219430005e-16,0.134854943344303,0.134854943344303,1,1
101361,4837,0.147112435809258,0.147112435809262,0.147112435809262,3.60859786956029e-15,0.147112435809262,0.147112435809262,1,1
101475,475,0.114445724517942,0.114445724517942,0.114445724517942,3.05633220455702e-16,0.114445724517942,0.114445724517942,-1,1
101718,4854,0.178499796515922,0.17849979651592,0.17849979651592,1.66550610594215e-15,0.17849979651592,0.17849979651592,-1,1
102089,1238,0.138397568426271,0.138397568426271,0.138397568426271,1.38833961280304e-16,0.138397568426271,0.138397568426271,1,1
102345,4330,0.174019978133393,0.174019978133391,0.174019978133391,2.47053152704085e-15,0.174019978133391,0.174019978133391,-1,1
102422,3736,0.173873998500588,0.173873998500588,0.173873998500588,1.66555745836795e-16,0.173873998500588,0.173873998500588,1,1
102523,4331,0.0902210402706771,0.0902210402706774,0.0902210402706774,2.49829024161857e-16,0.0902210402706774,0.0902210402706774,1,1
102704,1280,0.133508172329487,0.133508172329488,0.133508172329488,5.27562055890553e-16,0.133508172329488,0.133508172329488,1,1
103124,2774,0.282528012097574,0.282528012097577,0.282528012097577,3.16470609447105e-15,0.282528012097577,0.282528012097577,1,1
103342,572,0.0897687616906229,0.0897687616906229,0.0897687616906229,1.38899346703655e-17,0.0897687616906229,0.0897687616906229,1,1
103487,925,0.263548592923229,0.263548592923229,0.263548592923229,1.11082363220202e-16,0.263548592923229,0.263548592923229,1,1
104598,4801,0.123462892712031,0.123462892712032,0.123462892712032,6.38444733429648e-16,0.123462892712032,0.123462892712032,1,1
104833,487,0.120285184108528,0.120285184108528,0.120285184108528,2.91733218638614e-16,0.120285184108528,0.120285184108528,-1,1
105089,3517,0.370441534079878,0.370441534079884,0.370441534079884,5.55190447472922e-15,0.370441534079884,0.370441534079884,1,1
105222,774,0.234022414116486,0.234022414116486,0.234022414116486,2.49961706700792e-16,0.234022414116486,0.234022414116486,-1,1
105365,1354,0.242248916460729,0.24224891646073,0.24224891646073,5.83082446179756e-16,0.24224891646073,0.24224891646073,1,1
105448,300,0.314157779887426,0.314157779887426,0.314157779887426,2.22415607029906e-16,0.314157779887426,0.314157779887426,-1,1
