gvkey,GroupCount,mean_E,median_E,mode_E,std_E,min_E,max_E,skewness_E,kurtosis_E
1045,2658,3294.19466090286,3034.11853568058,931.223711304354,1415.7313258199,931.223711304354,7392.62028051184,0.73136253911314,2.66873580163883
1075,737,1193.55001838497,1112.97541030114,434.596668399685,287.32051160688,434.596668399685,1770.08101588854,0.664470638417002,2.14482124186734
1078,2429,11214.1732311086,11207.272942307,346.271961355214,3068.90910872512,346.271961355214,26044.417714803,0.595058063012601,3.50157086023724
1161,787,3884.0648083642,3793.46735544268,1235.70978303202,1079.28529124602,1235.70978303202,9582.46236487076,1.40076887502547,6.31220800912256
1177,4262,11129.2336613007,10777.2102898149,1077.12353973759,4380.71162986583,1077.12353973759,26951.4461107363,0.68042143375084,3.67450910070768
1209,4804,3836.96826366606,3666.41472073621,2162.70533462255,1124.60942572868,2162.70533462255,9391.09877291225,1.7406167098305,8.48137712920235
1300,3187,12652.7435282503,11860.3554448503,6455.75985313281,3619.08272475377,6455.75985313281,27925.4630756621,1.24322633219595,4.40673509675821
1356,3835,10824.9830353424,10886.2690864886,3852.54352988425,2957.30122024871,3852.54352988425,33643.136196692,0.253567822748841,4.69573869713106
1380,2398,11364.0706465064,10402.7228639005,4978.43330634751,4082.16462756355,4978.43330634751,26662.5458582606,0.88201146920639,3.33499479625558
1408,2344,2567.18000452989,2599.58278099184,899.100416861799,853.149540519521,899.100416861799,4677.1139408736,0.318998673840218,2.53948597532889
1440,3526,6472.73205477004,6011.54609091129,4250.09843022727,1664.09188855323,4250.09843022727,11157.22131068,1.04156994529405,3.33516586504102
1447,1984,41067.1017023809,39429.0619131827,26987.9044603025,11325.3825118597,26987.9044603025,139329.749997411,2.67897135531147,17.4404758833403
1449,385,11089.5156381077,10653.003878235,8721.16353944827,1495.25507553628,8721.16353944827,20003.8894896999,1.17869181045864,6.04934985101549
1468,1768,439.747582209944,394.196923947007,128.448731738109,157.630272426096,128.448731738109,1500.61343009047,1.3808175135989,4.76964260953609
1487,3174,67080.8892168782,72582.316590635,7170.78974889929,36944.5024101594,7170.78974889929,210304.006741268,0.0189060118504101,1.56392246428835
1602,2996,11796.7650809616,10461.7204519156,166.683306158954,6384.81638516524,166.683306158954,29771.2067893339,1.09615191042191,3.58477038632399
1632,423,1937.4150978879,1790.23136628535,30.1604089134044,861.895726886917,30.1604089134044,8498.08336560475,1.69995858458425,10.6806888834143
1661,3015,3813.57969116332,3564.45808172618,1526.46374144192,1382.20467431736,1526.46374144192,7760.1420447106,0.572938428119558,2.48052638606557
1678,2875,8940.99149368291,8492.00937785997,2076.66325613595,5409.1060859531,2076.66325613595,28544.7404070881,0.804447430023327,3.3946861167403
1690,296,13080.058419802,11905.9056146477,6677.81271364336,4809.95887971597,6677.81271364336,34827.2252351373,0.66367550969013,3.43948692473962
1704,2867,4511.40909073913,4246.39399884771,2438.70780565865,1390.04785365925,2438.70780565865,13055.4164250482,0.717529588953914,3.24517935822673
1722,4737,8572.6477414837,8794.74922612107,646.640254576823,3139.81075123326,646.640254576823,19076.5928894235,0.23806487813739,2.85327074635368
1773,4038,2247.68823567562,2248.72812594677,975.503466363896,678.106039874966,975.503466363896,4175.5030350745,0.245572756912025,2.38235248787081
1891,1522,8093.92916981562,6673.90088608477,4254.59192728996,3336.86867904846,4254.59192728996,18655.4522938882,1.29223194367573,3.5731915389366
1913,1722,1943.31106088253,1727.1847236659,749.789897712268,837.494904457651,749.789897712268,5537.92476996381,1.03272078921558,3.21729880721087
1919,4753,2273.79864722993,2329.4578928613,714.389835931349,684.010110961446,714.389835931349,4080.18461211732,0.0415603050538782,2.44555445814292
1920,4490,2683.86754684496,2477.18557426544,857.355714977469,1122.51601956406,857.355714977469,9908.76005010698,1.2626148080422,5.59168271596455
1932,624,7685.33662398745,7766.29266675569,3753.48377314626,785.023265697857,3753.48377314626,8978.07803779627,-1.54644519998175,5.81960694797634
1976,3428,5363.2190001256,5050.74107474101,1998.71365538027,2382.72162616302,1998.71365538027,12260.1415707132,0.902752040640292,3.37397825006543
1988,1767,1475.93978854657,1453.00748828361,624.313204384031,565.269900383771,624.313204384031,4884.95370836268,1.12363935936921,5.83918325436786
1995,2528,3880.52657609739,3379.37117330254,255.909311509055,1552.65406426515,255.909311509055,9435.74911610178,0.956167281600569,3.38667771492333
2002,2487,3322.75872024029,3194.06783689041,1237.15914390183,1141.71301753164,1237.15914390183,5508.96781253246,0.0520006519358931,2.09765809358441
2019,693,61628.4121337952,58148.857700336,17939.7807797533,15617.0990177675,17939.7807797533,99820.7614282809,0.767317074172174,3.3452834505403
2025,330,1007.96258991346,842.870966453935,89.4425886984546,502.352032260017,89.4425886984546,2674.53931165187,1.76131497988547,4.89474007194713
2055,928,4150.49835544749,2655.66399929559,1235.8868532374,2740.02274860051,1235.8868532374,10737.9708791226,0.790305666905345,2.36480202246104
2085,1131,814.770546029646,834.95672815069,337.054009644499,191.712653694174,337.054009644499,1212.32439453279,-0.200833936135777,1.90208849936194
2086,4373,5037.37376899874,4894.51212728377,467.299643850329,1338.61294664048,467.299643850329,10335.4912592085,0.470523597291686,2.62868519389483
2111,261,1227.87171453693,1254.81662930586,169.695477394255,195.861832767942,169.695477394255,1644.96897344392,-1.33540701411566,7.16830149104167
2136,1199,35865.1105663778,33440.9007010182,18511.0926789375,10179.6352710426,18511.0926789375,103936.775080087,1.7243135933132,7.93612903833309
2137,2088,6431.27564023117,6157.29832508345,4202.78968664307,1586.78302906249,4202.78968664307,18896.0992361064,2.12506478566568,10.8271367690396
2150,1231,559.1525586643,549.711362279577,21.2912681728881,71.4588397176026,21.2912681728881,770.072432207651,0.0534758541023063,4.97803779983961
2154,1567,762.050160155521,734.722374130245,75.9319792920807,238.763732624634,75.9319792920807,1356.29320052295,0.16136309370496,2.24216268265565
2176,481,42870.6037443444,42242.8072199699,7396.18804246427,7478.04593332723,7396.18804246427,62033.8889159931,-0.622180504318856,7.86122972844744
2184,2833,6903.60479502221,6334.04158485671,3482.0654652564,2164.13916280045,3482.0654652564,15599.3945294927,0.985773344417686,3.34401760676578
2259,1356,486.75844673411,416.17014624133,180.929327607218,178.274586874109,180.929327607218,959.362066399895,1.08585370053472,3.23854853154
2269,2142,2439.52286968612,1913.46868102894,1049.60070839274,1384.06106239747,1049.60070839274,7169.30484332287,1.8121509258782,5.56979933853642
2285,4842,33501.848686234,27416.1255674646,14339.1743673375,18765.564925153,14339.1743673375,124953.219854853,2.0724917284001,6.43317383394769
2290,1418,1368.95384960679,1349.41034153817,855.735023421821,332.049280993022,855.735023421821,2247.28895720948,0.531949915809195,2.50183637008855
2337,11,2512.14525139017,2524.42836335229,1753.37572672289,431.955819627298,1753.37572672289,3209.97648102367,-0.104246883838546,2.52109777441823
2338,2625,3833.83819592971,3534.351773409,1922.26261277589,1136.95577851208,1922.26261277589,9344.47169658453,1.01348082113299,3.4927496102189
2369,1205,10389.7144231718,10563.8071116752,2139.77199754281,2437.00259363797,2139.77199754281,18161.442740408,-0.19701317223832,2.82177508712689
2393,1212,568.16770148972,552.901813589586,316.070818969191,105.214067587739,316.070818969191,942.278528075248,0.422634059676157,2.77914847904199
2403,3392,10225.3792829553,9821.23101267386,369.654963916522,3080.51178997661,369.654963916522,23559.4120235596,0.592838205098088,2.81273210300793
2408,3508,4105.84320206591,4307.0358429307,1224.98577963178,1012.60790718677,1224.98577963178,8269.21066249824,-0.804207699961615,3.7157364253006
2410,4831,102140.582452872,102006.335313082,34584.6046116483,29282.3909643816,34584.6046116483,185605.746501986,0.231079299645538,2.03252529498846
2411,4496,34181.1781229042,29589.2372481387,17835.8016200958,15346.9218396869,17835.8016200958,99153.519279987,2.15536538108287,7.7941479058586
2444,2772,1207.23814457165,1189.22049940209,416.439266428741,265.38828501236,416.439266428741,2308.81666668594,0.123423394410105,2.92659680872936
2504,1545,1216.78345679774,1228.36710177247,253.600548066082,229.954590466127,253.600548066082,2148.21196275911,-0.877080665599574,5.93053301704367
2547,3287,8584.23655975893,8242.65540822071,1009.88283543396,1769.43093511386,1009.88283543396,15541.6345184907,1.2414543563723,5.19462104045056
2558,4787,4720.29050340529,4560.78817479374,2926.91185315244,1097.19966649303,2926.91185315244,8310.15050677639,0.944024529611747,3.71985748280766
2574,3310,7436.64645035319,7283.1222570477,2785.67640223419,2842.35816147751,2785.67640223419,17689.5850935422,0.618137800420339,2.81195193427332
2593,1819,871.780674434358,835.520166710294,434.880014184439,209.123591128987,434.880014184439,1800.66783970195,0.832851954615748,4.22221321205531
2663,4850,2511.534716194,2350.29569719212,1355.00263921118,803.901764176068,1355.00263921118,5589.92833915848,1.53548362405369,5.54188258098174
2696,3124,5678.83461958376,5701.36864575368,1184.95039854478,1886.0240563622,1184.95039854478,14519.1054766502,0.549646762506866,3.71140173822659
2697,1662,7915.93232982588,8656.676403097,326.272177319552,3537.08230046741,326.272177319552,16909.7064876,-0.515327920057066,2.19876359527703
2698,490,1439.87831449606,1336.50711222523,104.640056326611,345.751798806876,104.640056326611,1985.20159199471,-0.193793630823851,1.95823116239402
2710,1600,1728.83352054804,1747.91328812275,647.359792291387,394.790432104453,647.359792291387,2649.54499705997,-0.5128570455384,3.0571552645198
2721,4632,10201.8835066597,10628.1309879647,3140.90158554121,2756.13286595331,3140.90158554121,20443.9026673792,-0.0226831490667538,2.18994847525374
2751,4831,8443.59415447502,7457.88747621393,4024.92842696217,2805.24173783687,4024.92842696217,18387.2986050479,0.907925661484144,3.04701766909772
2783,2062,3940.5549028385,3631.13156866022,2520.95942120247,758.669216326288,2520.95942120247,7460.35879373889,0.743147949464525,2.74973143658371
2787,1650,912.383373129303,940.402932542028,162.715351955535,312.710330772319,162.715351955535,1594.5660637762,-0.311955643111078,2.31035179531471
2812,557,585.476213888869,552.630782655307,96.1679761181567,195.071904197682,96.1679761181567,1606.2025557743,1.58474799353634,6.97303677788406
2817,2406,17840.3505973255,19151.9783542281,1427.58364018098,4581.44952269787,1427.58364018098,31718.3102475879,-0.464287966742954,2.06081916735627
2884,2045,1715.94420694613,1440.8093612364,956.309750379363,923.880277412373,956.309750379363,6714.06096071925,2.93745166765932,12.1536969090578
2968,689,178849.392443162,138567.111102192,75981.1471905629,101773.868124869,75981.1471905629,514471.480673782,2.2826719982502,6.77212290789588
2991,2759,43151.2845067002,41109.5046380757,24580.6191868555,9682.43444790598,24580.6191868555,67117.1061698173,0.52069283602873,2.49055478095183
3062,102,1338.45187034659,1287.88552554753,518.82234309709,391.360998831333,518.82234309709,2466.51772249005,1.13643907753667,4.05978369016216
3105,347,206.001106130922,205.928023216304,133.175452757123,44.3530724985645,133.175452757123,376.680120254276,0.951174859573292,4.63088377880272
3121,2396,1473.27390871402,1371.1558162184,90.1882621951222,434.743116148783,90.1882621951222,3229.2892713468,1.48489330238639,5.4897689830222
3138,1783,410.75660885195,288.896561254816,168.451957401755,242.752910110451,168.451957401755,972.937632664463,0.787851743940611,2.00412993242038
3144,3363,13070.5779072915,11733.8656297576,4375.63776244477,5723.00787484666,4375.63776244477,26080.3451759969,0.284286524546468,1.81160506016727
3170,3422,3586.21952591627,3425.59345254784,2450.70862255715,683.806400725367,2450.70862255715,7810.30625054484,1.06053117091776,4.68798676999471
3221,4781,6453.74398945168,6270.91542604627,1174.71792082728,2015.51802457037,1174.71792082728,14494.2350454955,1.32989121014775,5.82206255424492
3226,4759,33735.3024864723,31396.5252139692,3701.39036186061,17656.6917049915,3701.39036186061,99359.0448621744,1.16649165396107,4.71784518473965
3231,1050,6724.34015004069,6801.43611723147,2453.80428182023,729.743204798621,2453.80428182023,7973.7488165368,-2.15615706754684,8.97891185293618
3243,553,263761.885500882,261451.999374981,18290.9361605633,37148.1163305674,18290.9361605633,414929.792077419,-0.0178588563711872,6.79438320430218
3246,2144,1528.74645630392,1508.31650860778,96.8212748220892,745.357386006266,96.8212748220892,4908.83062452226,0.190933791231061,2.76732582944191
3278,3486,2627.09557106839,2578.67423662903,383.990631321752,1102.35014239469,383.990631321752,4960.35086831418,0.0646945049065478,1.73056428390361
3310,3130,2907.59371880576,2680.64705126537,578.909195893642,879.960499056718,578.909195893642,10072.163211955,2.05099317613803,9.02624940876432
3336,2123,3903.71523621016,3586.59983795825,2456.58517913704,929.4456578639,2456.58517913704,6980.72826918207,0.824787011999278,2.74724211221127
3362,966,4444.60899873173,2903.83163183631,1528.0268374676,2152.59684209244,1528.0268374676,8229.90976315213,0.235065968395599,1.41396583030636
3413,3298,3706.60459891535,3398.55184276466,391.398489853266,1064.44364333089,391.398489853266,6957.57640239053,0.947502909347278,3.74186910793766
3416,1704,1155.32324821008,1114.6040667677,635.975672693841,223.151736583025,635.975672693841,1846.24767110453,0.618256711489862,2.48697492450308
3439,1647,1447.28092630634,1528.22332437184,607.003795419472,314.45851217379,607.003795419472,2081.78014339121,-0.882910883031152,3.07956921518865
3497,1366,2377.84135793178,1891.9475765142,991.50503136205,974.99897477029,991.50503136205,8152.46831564512,0.960764266296084,3.44086971555411
3502,2380,698.96058638169,703.588828656744,329.010254584641,175.495019797647,329.010254584641,1241.77621759901,-0.0440648815740427,2.04701419693279
3505,1222,2069.60036920625,1965.93047840664,341.472774875215,489.322418623481,341.472774875215,3748.608110161,0.407348420005555,2.39794940108024
3532,3648,6094.55358606129,5864.14328888107,2094.37834671399,2103.76380669737,2094.37834671399,29043.5133981616,2.22669311440358,16.3805964182265
3580,1628,789.339633776553,774.178095497323,309.71998198041,298.935757063687,309.71998198041,2392.64768878992,0.703220541086977,3.46698118146736
3607,901,1184.32484520352,1059.01686162107,397.51643222039,337.981022799013,397.51643222039,2442.26594223681,0.540034796897545,2.75137696254236
3650,4803,4630.926238177,4870.31314162786,163.088356104672,2537.9211214276,163.088356104672,11642.3310926261,0.189905142537793,2.6042218698529
3734,1333,1495.33273290408,1489.33059105121,327.181237938972,427.339432047571,327.181237938972,4152.11389966511,-0.0508775599173914,6.87656965668937
3735,3525,4040.0195295002,4230.73075030158,550.609257900974,2028.96252032251,550.609257900974,12431.4631956163,0.951894932136473,4.66409913767951
3813,4861,14265.6715935696,13179.4428480815,5464.46594784443,4523.58878338536,5464.46594784443,32900.8890142292,1.13555674619752,3.70476751103019
3814,1782,657.723049848041,668.124045402373,249.07492195155,117.184630794789,249.07492195155,1138.27233551336,-0.975946590071926,5.48434348121701
3835,3694,12417.9237075164,12245.6091141722,5515.47598878034,4517.43036083816,5515.47598878034,26162.7131600036,0.176573147709452,1.88459989822972
3851,2310,3498.42701556491,2953.73336030915,847.947884028863,2343.8964476194,847.947884028863,13049.839757264,1.20459200194758,3.45949640822802
3863,640,693.764835798208,654.184945276085,91.992919733427,151.945128447987,91.992919733427,1367.91814766655,1.28944226532256,6.38789583634089
3897,1223,3055.67219630307,2904.7560085696,692.864295363996,636.075326704754,692.864295363996,4581.32694324113,0.738721048741839,2.87046688619761
3964,2304,1137.24166825728,1117.19009383199,662.096502806212,238.563909830821,662.096502806212,1967.49037619771,0.510360507643834,2.99513364784333
3980,377,92453.549152434,93351.8778132454,11873.6597026809,20024.123499116,11873.6597026809,165679.629723622,-0.303712716027443,3.6948610575296
4029,3677,7868.28447368773,7459.18948115798,4662.29896266941,1912.83255944854,4662.29896266941,15120.5365524783,0.772033655107634,2.98159660529937
4040,2641,1926.30370251075,1819.04355468885,109.592665341699,706.903587052493,109.592665341699,6111.60831850773,0.170977396355501,3.4515350543743
4058,1983,2163.53235413133,1888.96785629926,1455.09851501154,675.571923105662,1455.09851501154,5230.97826986941,1.24992873105173,3.89503217356154
4060,4861,19108.773330275,16380.4731557712,9484.53382090056,8890.18793281605,9484.53382090056,53450.5469801337,2.11071467013114,7.02840652361053
4066,4673,5965.35428341883,5863.98382392,659.392729471328,1414.75202057696,659.392729471328,12786.8216868352,1.26002360510489,6.7134167451884
4087,3943,13353.7817598024,12740.3311216775,8131.15267967581,3367.4484108624,8131.15267967581,26095.0291417135,0.630902328140869,2.76269129306033
4093,3463,13202.2772959107,12149.882273995,4727.81587288328,6459.18285065268,4727.81587288328,35449.0325331183,0.733066873621417,3.16026099813993
4094,783,724.245809821199,664.15614795789,453.168474200948,158.071807034309,453.168474200948,1158.74999075715,1.15610184282033,3.31693955603483
4145,2341,934.870189807087,867.707261900552,415.138292349985,381.254484175337,415.138292349985,2745.59034789353,1.37989741653255,5.25578228983051
4194,2682,3382.01782873889,3417.42544803728,529.55025806283,1410.99631660966,529.55025806283,14656.632044965,0.569695962200968,5.67727855799802
4199,4267,4915.37542380917,4848.54174502834,1225.20525753655,2083.26424439491,1225.20525753655,13954.6576567687,0.170865771994525,1.95464683834029
4213,1284,1313.70461982859,1065.92984963603,674.63260734251,536.098392534571,674.63260734251,2781.42784131846,1.17978402371965,2.92718960535218
4242,2462,7031.61158516689,5871.93001195919,580.016962220509,3265.41443269524,580.016962220509,18269.6135596649,1.62342070755442,4.48058061091782
4245,1198,2127.29647481177,2100.55183262255,113.711698269145,637.241519117215,113.711698269145,7618.15295100903,1.50866654364111,10.3644569370312
4321,3051,7156.11548344569,6509.94958283103,3787.95643940008,2311.49757228688,3787.95643940008,18251.2133093263,1.06721748735456,4.00430873314819
4367,2661,6264.44080243648,6339.27062107872,1245.03239172931,3763.05489687026,1245.03239172931,20775.3028954793,0.386063920253474,2.22590973070523
4423,1905,971.977872939723,869.977759796397,450.309654571305,404.257819231877,450.309654571305,2682.59270088637,0.641671484217278,2.48982091792784
4439,4807,17360.1128930702,16700.0149768243,7670.12640129364,6400.50689353828,7670.12640129364,63974.5173486223,0.888386991015244,4.36519105564573
4503,2290,69354.5193676729,61842.5819393104,31286.5381192469,24251.368140696,31286.5381192469,251172.543186734,0.986794345165336,5.30749040956134
4510,2558,1086.74110227354,833.314321051843,347.615494393206,609.147014300651,347.615494393206,3008.34502567628,1.13631555569094,3.74549875614284
4598,3612,6769.88159419307,6800.46045655077,1235.06136807624,1605.63485204603,1235.06136807624,12471.6860297741,0.422453322966602,3.00714455215767
4601,537,32741.1441187157,17183.0183279417,5044.54106870701,34816.7572973313,5044.54106870701,282671.762149092,2.45437293514844,12.5896882923643
4605,1581,972.717185201745,762.525435202195,314.520399898582,620.016201912159,314.520399898582,4572.0461956406,1.9118402918583,6.98566054821859
4611,2040,7255.2119442088,6768.99720396993,2652.47221270398,1692.15872377268,2652.47221270398,12627.1657864075,0.986055917770697,3.60916634608883
4622,1386,471.734911428861,458.50353697435,270.205710926186,95.4784491115313,270.205710926186,936.742852718235,1.47377577000285,6.12383186166895
4669,1493,1482.23047253719,1304.74368224448,663.314487520867,533.521540144689,663.314487520867,2782.94768140335,0.617975266414452,2.20220389575048
4674,268,43787.3693198034,42716.0907232995,17961.8611713642,11123.9335794835,17961.8611713642,72490.3796600197,0.468363660320381,2.88231944426681
4723,2899,38105.2357531676,32447.1280786823,25056.4888811552,12136.153672431,25056.4888811552,84671.5850400516,1.47193281273126,4.44087170454831
4818,349,3958.72384456921,2765.41849646917,390.279280703544,2812.31776874376,390.279280703544,11023.2563822836,1.28989675855627,3.08722829188606
4839,4833,24634.6018005207,25522.5838187012,6390.29493144063,6295.2473539169,6390.29493144063,61620.9407906017,0.605900904151089,6.6603306386356
4844,1668,1354.62327270423,1353.13781862359,142.158418264074,719.829006634407,142.158418264074,3285.20889033151,0.516966779130906,2.22873218370873
4864,210,178.342463113596,161.180687510886,37.9618053867371,103.882122303543,37.9618053867371,357.011074722176,0.226821988949757,1.66322483062541
4885,2139,3267.18758376658,2349.1415368951,234.559091688212,1979.10648627759,234.559091688212,13537.6019860234,1.34813699128088,3.78832315554317
4941,4401,1171.52446513549,1190.67073292869,154.880636552282,317.317020657356,154.880636552282,2387.96152946093,0.191275976590681,2.81830834486775
4990,4813,3990.18539449994,3592.95034932973,2164.20800551672,1454.15016804164,2164.20800551672,14675.9980770764,2.0378970196154,8.91793243343529
5046,2005,7210.06531931227,6729.85695166765,840.250433800103,3072.91215276158,840.250433800103,24167.062855796,1.24144922603877,4.45542406823065
5047,2949,144509.861276832,136502.362732404,10692.6140737876,70217.8776687387,10692.6140737876,498142.132894783,0.955558538680546,3.85838539692702
5048,151,69160.5724277196,69960.4710460791,4784.63099501247,25482.4548030558,4784.63099501247,162264.0564788,0.420559495020928,6.14118300848122
5071,3573,3732.44003219918,3727.62682887741,219.718790907964,875.282868002606,219.718790907964,6119.43460837813,-0.470159048154052,3.10186372274131
5073,1203,11092.6679643978,10892.3513465693,2555.49517807147,5577.40026159167,2555.49517807147,29329.1603129492,0.968436795927743,4.55906635094606
5087,1582,1960.5573825247,1736.63891057722,910.915178640906,796.516996028831,910.915178640906,4721.38036661451,0.793232560008144,2.41372765372628
5135,643,644.413708641672,676.798264768705,164.586214880242,220.410987905455,164.586214880242,1130.93876669106,0.0685557112710106,2.47448110333743
5179,1137,342.515723211201,359.113437421709,161.29431053633,105.823292034676,161.29431053633,542.961711130697,-0.112729149281298,1.62951602356729
5180,4591,25549.7183375425,24446.6515323534,10617.6225782749,7624.22455567693,10617.6225782749,57096.9961858578,1.03677638943688,4.29372983465669
5229,2695,2412.26566122176,2313.8592042599,982.008537754208,901.012743202376,982.008537754208,6847.74761229306,1.07527138600577,4.40440017256532
5234,4847,2977.05131239814,3136.07939516872,922.888392194954,810.304402933138,922.888392194954,5811.21120949462,-0.307768739691554,2.34231539680416
5301,757,602.234736017625,550.858427196399,325.840703303111,133.106650039688,325.840703303111,950.971253373296,0.777249020399786,2.79246457069661
5439,3465,9874.65494345167,9814.45259078263,1298.52895287494,3692.34244287291,1298.52895287494,20949.9490979018,0.306960178223907,2.59439442701206
5492,1342,1440.15523251119,1462.417851518,275.61584572448,650.707901426442,275.61584572448,4651.75589338645,0.414181119296343,2.98714785204641
5518,3269,1060.79675472259,1040.32461069239,474.793449418892,339.341359636636,474.793449418892,2428.21227927418,0.286378074767774,2.1318944354424
5543,331,1108.09470980898,809.702108470798,94.1798379113891,922.424592663016,94.1798379113891,3803.10982358128,1.80753738036318,4.85549395700154
5568,289,29785.9392490482,29706.2790631126,3488.14738819484,6841.30914128176,3488.14738819484,54547.679548168,0.232922880481677,4.02532490708843
5597,1687,1360.88238780323,1434.6340290145,740.639003117408,427.318161714039,740.639003117408,11414.6789062912,8.74505588438702,193.912613558835
5600,3313,4850.61007378501,4917.85763261437,324.736729938511,1680.89550604298,324.736729938511,8094.25228590343,-0.0558850954968673,2.25195994755844
5606,1211,32959.8818035361,33751.2071416349,2105.51555111697,8849.36318114866,2105.51555111697,52374.6281644189,0.0103234421355101,1.64834567092874
5643,687,6201.20272397453,6125.64742247177,5200.08089826253,633.254681449002,5200.08089826253,8848.51405986532,0.529869606250923,2.87872053825598
5650,4852,59710.4648194379,61818.7862457358,30060.6610935847,15197.7131648972,30060.6610935847,120346.119588121,0.0263342697223852,2.47704825496746
5680,4771,17660.4786526838,15787.4878318793,3821.29990559466,6993.98234973622,3821.29990559466,50485.5109144169,2.01427554956007,8.17444788938051
5691,711,34661.8313098032,31380.5053492363,23165.2793107164,8108.37899854811,23165.2793107164,56008.6142582229,0.687904137626232,2.51020361440998
5723,261,3104.43282693485,3097.20622822762,294.248104740418,458.840383990469,294.248104740418,3861.00071306153,-1.63431099143062,8.73743725736207
5742,4484,3194.47730297176,2905.04078053476,1288.61554232513,1133.27940767716,1288.61554232513,7770.52774356064,1.70007851191945,6.33358471987285
5750,1636,664.29049597733,632.718120305892,111.286074671839,357.962412744064,111.286074671839,2467.63654914198,1.27835204254122,5.33519637189485
5783,1411,946.524683874697,891.949396502956,312.827367821608,314.688963433207,312.827367821608,1569.49286876107,0.297841816680894,1.85732191172332
5860,264,2174.81777451285,1835.58683014245,225.356413973061,692.790579597579,225.356413973061,3353.94095438101,0.204125034845933,1.7292093468475
5862,1687,677.128124617277,439.236894062104,298.355333640082,416.516578728974,298.355333640082,1779.11640607954,1.24953552409972,3.2315192996265
5878,1255,3949.23352549454,3281.59622196992,119.643396293319,1673.83869015313,119.643396293319,10448.4357055418,0.845434800456739,2.77526450595754
5959,432,4806.62166539311,4577.7039251115,2283.88301051845,1099.14613222965,2283.88301051845,10457.8599959593,2.44546354845423,10.5802418773012
6008,2649,15956.5275656099,15067.7838665004,3543.3825753353,3946.62392305024,3543.3825753353,31654.0272751758,0.340672807843698,2.06333789954964
6034,107,355.911375973279,329.300273715388,24.6486755629781,84.323916327754,24.6486755629781,678.145482733888,1.34935980059246,9.1238344269988
6066,4855,40635.6367950684,38849.0615822042,23125.81725009,10365.1137613197,23125.81725009,92182.4317609706,0.827710206732972,3.28946795842814
6078,1427,748.081081792202,727.998091596173,489.833466710474,157.26956948225,489.833466710474,1175.93976530973,0.634566387117849,2.76788428114647
6081,1870,2316.98779519624,1935.51582090163,665.367327345593,903.633097824863,665.367327345593,5473.98128417393,0.615975035937571,2.46307873801628
6097,1686,2264.21420410697,1958.71234185064,419.789361357771,988.769270788737,419.789361357771,5755.60256301292,0.915948090010352,2.61220351924736
6104,4870,7913.60450653289,7618.72806302876,4148.1318214476,1790.35784619686,4148.1318214476,22354.7635357959,1.31620100120152,6.24789018083934
6135,1732,3817.84246866114,3857.53932201691,219.232930181989,1315.71353308723,219.232930181989,8216.21256732599,-0.0803158487556036,2.58936099983642
6136,4667,3588.23828751626,3540.41229814968,196.01408203125,1048.93211868138,196.01408203125,9085.8410024372,0.689904030566966,3.96668417763011
6266,2980,15834.9745619449,15093.8979244023,246.761339092871,5159.68340047825,246.761339092871,28953.1683666122,0.526774798495258,2.42807266926665
6268,935,12030.6401867502,12437.3155171074,5470.11610859814,2420.14181997833,5470.11610859814,17085.5908782151,0.104030149637728,2.15706710319015
6307,386,2103.60227722016,1511.79240246637,1.29308593368251,1941.87075723265,1.29308593368251,9610.56448427534,1.572387350857,5.06346443138975
6334,512,1222.23482671769,1106.84426306914,41.6659267049945,382.275279628806,41.6659267049945,2740.5603672163,1.32871675932513,5.25261678432948
6335,268,1077.92718052605,1184.40126599968,249.793437951791,260.925680702495,249.793437951791,1380.24823697178,-1.59653897946876,4.53185986472309
6338,833,755.717517014425,673.776844964387,127.034936283105,330.530130544454,127.034936283105,2176.26404521353,1.10471459883765,3.53110247359533
6375,3466,3020.85775217194,2889.07646477524,1338.13404596898,589.063538925408,1338.13404596898,6338.17380537119,0.794845109493426,3.69096167360336
6435,2148,4081.01709691253,3949.93672267406,2978.76575471115,683.012583895391,2978.76575471115,7608.73838632691,0.914128488778324,4.3254592278964
6494,4465,12414.9304010391,11521.5701365383,3213.2746334335,4855.66380464973,3213.2746334335,39023.2715192396,0.997698401185869,4.12641615848138
6502,3696,6153.82284831736,5728.53827229172,497.154465732532,1445.35791039277,497.154465732532,23730.4664016519,1.40166789365516,9.19588330106352
6506,3492,12058.1998785611,11773.2125657816,5976.57411634803,3394.86330153775,5976.57411634803,22950.0253733029,0.598692209212181,2.91132500647923
6512,328,4527.54359358186,3919.49640461488,3274.3537283138,1342.22938032408,3274.3537283138,9238.83404091937,1.4998914583085,4.21131474347572
6529,397,3132.64491172559,2721.11738114582,128.529521947946,1638.32537208818,128.529521947946,6999.05068314479,0.523842261811719,1.9340055235464
6649,1770,945.414219903201,944.83841380814,603.308539604558,205.701243584607,603.308539604558,2134.79955238526,1.2409322941265,6.59067842283867
6653,1952,3648.57733438097,2956.00269625273,1407.69606484062,1783.64095713922,1407.69606484062,14311.043620738,2.06447044123693,7.39990275024185
6669,4524,3619.11615523253,3207.22292891692,1111.2643989762,1672.2954575342,1111.2643989762,10819.8471006491,1.38611985284745,4.63500450414305
6730,2660,8358.91343516925,7730.13022998444,5041.1420441562,2632.03781874678,5041.1420441562,18446.0648170308,1.58943384256485,5.28680352957499
6733,2526,2795.24346845631,2916.20328265829,1187.69241323653,695.656363685304,1187.69241323653,4958.8272113773,-0.119345502361847,2.64570145549903
6742,2015,10312.4303905446,9141.94924154349,1106.16383467343,3554.81710154627,1106.16383467343,18442.0407268073,0.482813798728449,1.93014891545674
6768,2393,685.672961554022,656.784071087952,83.2712346423568,163.860627274868,83.2712346423568,1462.64575018738,1.03589031444429,3.93272517073186
6771,1259,2674.57795502978,2652.835794668,1575.08044314933,256.37955387533,1575.08044314933,3962.54509218894,-0.659414848513244,5.78949315226302
6774,3686,9849.29039384022,9318.93257470753,5659.53027065014,2801.32005461734,5659.53027065014,27550.254742735,1.459022729371,6.08388224019245
6781,4819,7765.56713887819,6995.95999867183,4638.59639970696,2534.17271666556,4638.59639970696,18588.188079717,1.27170374624872,3.91559171910331
6821,3630,823.606506379591,794.464856768836,294.961158111528,173.194063749845,294.961158111528,1743.15483787001,0.318079262087736,3.25663514222706
6829,3524,10725.4071332564,10518.3438468455,1140.2547649938,3146.12250644948,1140.2547649938,22357.9155749995,0.632177923887603,3.45113480660471
6865,851,1100.86105480684,1168.60562553876,378.468403193325,235.592636515671,378.468403193325,2347.00742877161,0.406187740044158,4.56555347154863
6946,2942,3481.66150286852,2977.5319391171,153.755967805858,1744.47753458542,153.755967805858,14865.5679019689,2.4953988345246,9.34860076127993
6972,1308,1230.73606964464,1076.85398072658,542.399933114216,443.207689105165,542.399933114216,3380.25357097246,0.991812280223429,3.14992281165424
7017,3250,10024.9801379068,9292.94163957205,2689.58754047871,4878.17293208646,2689.58754047871,29910.3277678666,0.459499058690679,2.40287196303611
7063,1143,4750.32293169888,3884.19737694708,350.915765851726,2171.8326122705,350.915765851726,18757.7632025845,1.49450111265938,5.96424563934856
7065,4135,4672.55533615585,4233.51737227733,2293.32491275791,1936.58379934753,2293.32491275791,12512.3468082028,2.08196287691544,7.54833031988753
7085,3640,3286.50157646367,3280.29170475817,2040.74357295357,586.52951977768,2040.74357295357,6773.42502792841,0.525585108277904,3.9889632548359
7114,2970,18498.9847204347,16758.9424691912,352.678968648168,5143.37048676437,352.678968648168,63000.4608521274,2.19899646160712,11.1113627691093
7116,4839,1935.08727391189,1826.83452246568,813.039346628513,622.725101789032,813.039346628513,3504.84150673644,0.385407303446951,2.12026958383375
7154,4846,8568.94877104906,7047.45259129428,4624.83886315351,4322.20634388753,4624.83886315351,29509.1906666874,2.60318675670354,10.5885068363058
7163,924,4245.21217766566,4022.41551880584,836.041857631925,2095.19521206486,836.041857631925,15496.9429472241,0.970966853688122,4.67930509769886
7171,4855,11337.6004256455,8436.70123294484,285.665472560976,6681.59184523126,285.665472560976,29904.173255927,0.853622663090904,2.52799197593941
7186,1710,6278.48153344839,5860.72430330526,839.77924089632,2297.57992563541,839.77924089632,15574.0243601676,0.676325514697896,3.49494036468293
7228,4545,9379.48500256852,6966.3712479898,866.552433143198,6576.51730508114,866.552433143198,33185.0461441371,1.10994686349293,3.37278248649708
7257,2009,18743.5607033979,17209.2364069767,6123.62332999326,5939.31441356361,6123.62332999326,36062.9497846724,0.567754119165775,2.0386392503729
7267,1936,64784.4939404969,58847.002531537,40774.8489459088,17223.0730672861,40774.8489459088,108970.130764703,0.525934252468913,2.01773364642905
7343,482,3190.46681474527,2719.37490189579,858.552018836741,1743.11255716702,858.552018836741,9626.00056791035,1.79817783297665,5.97588111756853
7366,1649,5304.44394713043,5204.13444776299,765.115831092438,1358.46704168595,765.115831092438,8874.94331115556,0.00187441402957449,1.87811846841141
7435,2485,7059.49762779389,6062.46457259173,1903.04833836737,2348.64573443314,1903.04833836737,17402.4350512732,1.54088401106344,5.17564765857506
7471,4848,60464.8794690003,54873.6063120053,11161.260777037,22404.9454744778,11161.260777037,143596.637331947,0.949413351090665,3.30285985092765
7647,3651,163414.63384433,156070.230107346,88942.0336859999,51103.6761692671,88942.0336859999,317852.731807107,0.579274451797985,2.64758224146204
7652,818,6755.92295463096,6731.48380325623,4117.35253682895,912.626245978113,4117.35253682895,12346.6411477007,1.12379884683532,6.87684144503198
7733,1394,1000.93994316967,959.984369813699,438.297782473656,263.113114706989,438.297782473656,1495.11096750363,0.246631702435183,1.73006540072077
7750,2841,2618.42619916,2444.70046872415,311.26526639947,763.327431016061,311.26526639947,6247.21420299896,0.899225733212914,3.89512219510163
7769,526,1592.44381909201,1472.38626518798,177.99860072869,1482.66340614236,177.99860072869,8296.19511253962,1.92535733347319,6.5780358288975
7824,1145,1026.42184921505,983.207430884183,343.882666488997,399.571740568312,343.882666488997,2422.11383656299,0.53940476717564,2.85556646331041
7866,2628,1061.1380743291,1068.88862846789,624.696784852032,268.95084757709,624.696784852032,2295.65183248724,0.318213530511928,2.70950706768003
7875,3745,2111.08649077521,1960.66734460674,1222.64719842919,540.14520799021,1222.64719842919,4490.5146083553,1.0711610150711,3.53821240397178
7881,931,8006.36404637756,7481.52995238318,501.087686455245,3856.00862990433,501.087686455245,20642.7365691361,0.304094527696596,1.88290394696862
7906,4549,4888.50344818443,3942.17056475113,1552.61288704051,3670.74589807874,1552.61288704051,25025.7657048975,2.53384787759572,11.4445269445442
7908,4785,14746.5058291622,14096.5294954996,922.304603964876,11179.3979607772,922.304603964876,42053.9692923407,0.451321962084081,1.97599157343506
7912,895,5197.22989422166,4838.87086745858,1705.05487711635,1699.85874405455,1705.05487711635,10298.7561940003,0.588840303562888,2.20586654611898
7922,3700,3054.92192761829,3121.24420645415,1294.86187181479,1069.34346074148,1294.86187181479,7751.06970359818,0.261489778156186,2.44436678191166
7923,4870,8436.38182039988,8364.02140746676,3119.14534752597,2397.46652930277,3119.14534752597,17122.9246072907,0.551729202147348,3.93509954341916
7974,1890,2265.20463114459,2369.77863501516,1259.9944289727,413.532699807421,1259.9944289727,3794.47168368201,-0.460639997867286,2.62839710110971
7980,1999,8140.29341806835,8629.85240210201,484.205477358597,3171.39585814514,484.205477358597,21339.9985179238,-0.231114964605144,3.17982200729827
7985,2297,8649.56667720917,7046.63880846984,1545.40864219857,4310.15512682058,1545.40864219857,19696.3411733727,1.09441702828547,2.86371893889107
7991,1291,2471.66243869423,2458.44667608098,422.304229468361,1025.76675793726,422.304229468361,6207.85663929983,0.384759676196426,2.41043569174942
8007,492,110917.902196417,89768.514588697,21727.5148023002,90337.5944295175,21727.5148023002,493361.565307138,2.6551433955903,9.56107826957945
8030,2544,4705.34365931039,4091.4563623671,1313.25806385383,2403.53166288208,1313.25806385383,16104.3539251551,0.886798301026846,3.36791878730444
8068,3554,11610.0161076289,12079.1124633773,2435.15206303673,5501.95750959513,2435.15206303673,38224.9758147293,0.135965461334289,2.51630520670381
8099,973,6782.050158583,5708.41288793854,888.885775747851,2768.47689747995,888.885775747851,30788.730806118,1.9676755737105,10.0948954740476
8123,2788,644.380993708109,611.870983386736,307.075691622105,179.436586461354,307.075691622105,1355.85773543981,1.03814515510651,4.64110333779066
8133,1533,1541.15046497862,1577.11339642347,192.894567876947,541.821582608929,192.894567876947,4285.50363630496,0.15672839845659,2.46015152330228
8151,2245,1670.79376601949,1713.25305319281,300.886749053831,779.185738054517,300.886749053831,3546.98587728823,0.278911146097208,1.83230429036057
8210,925,1042.01513254177,1006.14937887201,43.0145959093649,370.000090261493,43.0145959093649,3836.79406259032,1.48161187023315,8.61632052150131
8214,1568,1915.78187150947,1803.99270178171,944.586724950613,501.630217358542,944.586724950613,3997.06479610205,1.0486078794493,4.23266702493681
8215,367,2782.19007906001,2381.91398457031,679.008027845864,1114.1401019727,679.008027845864,5587.40545091687,1.14659222438193,3.21149283343688
8240,1658,1006.68942490075,954.095282372212,167.951571098919,246.332166256884,167.951571098919,2232.99749760862,0.654975442121394,5.83339511943649
8245,622,15326.5592814611,12300.6142748711,3735.63299645376,8295.78908670827,3735.63299645376,52138.5547941597,2.91449065588326,11.0108255038635
8247,4744,4327.61618098096,4416.02715160746,2080.41285766786,1391.53145641005,2080.41285766786,8809.6315928212,0.383165798302291,2.85760072379741
8253,1352,8917.92274418752,7325.69279350021,529.29208692467,4419.29974272387,529.29208692467,23580.7441966027,0.677256449885712,2.18279066671237
8264,731,6560.20134776635,6694.60406668271,1460.63131281801,819.060983149983,1460.63131281801,11257.0195428758,-0.855082601863673,9.38339078030726
8272,3335,4872.4094348779,4664.32257475435,2592.9387992436,1373.52544794169,2592.9387992436,8731.65692660064,0.566632043549139,2.57828720529909
8290,336,2171.74182378374,1935.25229835847,56.4892670777572,1129.53149058128,56.4892670777572,8339.33402754146,1.94399910761644,9.85971267584672
8304,1470,1045.74321523395,713.995644194061,35.5325386779549,513.678478783618,35.5325386779549,2292.4431156864,0.734974935096105,2.21179831631582
8357,384,408.528705241297,417.558763265318,18.1896742252106,66.2367941633527,18.1896742252106,817.659322892998,-0.201149004898098,10.3273645277395
8358,1961,2828.36018548705,2444.93594565325,1603.17565995953,998.584764266304,1603.17565995953,6382.70039689069,0.787496967135978,2.43172005139185
8431,3314,1812.13496127094,1740.58020342876,814.804664761699,504.65386709259,814.804664761699,3414.56120089858,0.266720924155981,2.54643041626075
8455,1444,3668.87548049937,3507.31780903838,1673.80283307536,1344.4497211958,1673.80283307536,11774.7683462192,1.22116032060474,6.23572159107424
8463,2605,1957.23690725873,1521.76990471196,684.649354497059,1017.29794660492,684.649354497059,4324.14995535239,0.749176519715983,2.45426052730622
8475,1873,441.606476282356,450.631868413476,291.348087650067,63.8806640016957,291.348087650067,583.971528433679,-0.0663932066258733,2.08257823038091
8479,2678,9164.36745962748,7207.68916195669,3880.79872798256,3820.0247138173,3880.79872798256,20830.9771281197,0.904612220568859,2.47925700797873
8530,3809,34071.2722511133,33004.8978891639,12607.2619775102,8754.61517838731,12607.2619775102,66487.7118186246,0.63249457635793,3.2217256866979
8539,1483,12184.6102400443,11857.0299290276,6698.11040708698,2813.40497747591,6698.11040708698,24446.4673947565,0.307191419585171,3.04668500344546
8543,479,11926.5098537138,7475.93454969565,5992.15739073443,8524.96631160679,5992.15739073443,70569.6043229197,2.93166544028005,14.972069273322
8544,3133,2269.66589894771,2142.47358204525,771.58020855834,961.9741855526,771.58020855834,6024.70531284094,0.869009225377499,4.37889994381196
8546,3024,17639.1026277285,16830.5446012142,9577.61247285661,4395.74933215028,9577.61247285661,30973.7597347372,0.529293887062901,2.7328477180086
8549,1053,40219.5185407637,40508.6295807324,2757.76019681617,21891.8918545473,2757.76019681617,88067.3794629839,-0.0905162505422742,1.76207568384802
8606,261,1876.15254773878,1680.63728043655,384.994047524925,420.156849655709,384.994047524925,2440.27814857742,-0.0764553126497186,2.08119929609689
8692,1038,556.231424076198,447.600015214353,275.383721070424,242.625116087662,275.383721070424,1168.586601231,0.965011195571353,2.94581400102849
8694,1894,1904.78580058178,1886.97755722322,402.423517769558,440.21716805195,402.423517769558,3089.38341172625,-0.253698923409888,3.08528660697898
8717,1542,2058.61391029672,2142.02487481438,559.938224155808,779.592692325942,559.938224155808,3421.84433083509,0.0708350417076174,1.6538556242566
8762,4853,22482.5671791931,21865.5062935051,6388.84574110576,6614.01164723063,6388.84574110576,59622.9225201279,0.664650009280158,4.22775657290641
8789,631,2770.90491964593,2757.0142942275,1093.04122639346,276.982566331353,1093.04122639346,3308.67703214039,-0.098177109165007,3.90705038964177
8810,3108,5794.7493977858,5968.08932038016,1852.86851397888,1819.75303913392,1852.86851397888,12889.3948548895,0.176334302375082,2.3420233891558
8818,762,875.561150797915,836.628711759224,610.93464894305,160.713173849193,610.93464894305,1358.36201505345,1.14496801530993,4.17334378200637
8823,707,2982.01719786452,2959.57351070858,65.6687885984652,414.921144800704,65.6687885984652,4031.25385720005,-1.22088881411549,8.16548388854658
8870,1515,833.247493392606,828.656098818855,221.908064964876,172.220567458569,221.908064964876,1492.01384841944,-0.279268571030293,3.70341139301345
8902,891,889.125465292679,882.052104166992,148.317602370398,230.606768011575,148.317602370398,1759.0950385116,0.0785934848569549,2.26012116563146
8972,4671,6144.7750648394,5748.43941146176,3682.89236133686,1633.53573461527,3682.89236133686,14116.1805360936,0.979664305365034,3.60365183915695
9063,1174,1652.49712411882,1503.48166794106,219.160489233469,450.606668659714,219.160489233469,3228.40564692603,1.46042879332302,4.67175962848749
9135,4545,10980.2841479932,11189.4959805898,3847.51753242715,4645.37313250952,3847.51753242715,32416.938201477,0.284355043669002,2.33297127941638
9155,833,1402.35662434571,1270.50264197391,604.360016629192,426.233680745858,604.360016629192,3293.70994415102,0.85779792238803,3.60836355544488
9203,2309,2127.99916529253,2092.36676883135,1271.42929061768,527.777323878247,1271.42929061768,3586.53396192499,0.26933744658599,1.91520762752692
9215,808,6603.45055196054,6895.378683665,460.994739722768,1781.97227261438,460.994739722768,14403.2253460393,-1.2283049496618,5.79338405209645
9299,4858,1788.68340552535,1708.84732336444,649.833649858138,647.405262613154,649.833649858138,3496.10600581143,0.40027985131291,2.54101287984425
9302,1531,1087.53816665797,1032.93628778284,535.816932419708,277.056034715079,535.816932419708,2092.42134952635,0.527385237552788,2.607442998362
9359,3339,4399.96149604598,4291.10337997916,1518.283186537,1192.97866994824,1518.283186537,7479.4792829834,0.106641303587255,2.16581378719703
9411,349,717.999989774062,655.834693304567,582.588897136714,338.912047573024,582.588897136714,3357.52235517517,5.62445077315398,35.5127258725059
9445,1636,1401.25469104884,1417.77148412306,679.323715253403,261.315623061404,679.323715253403,2232.36351732542,0.319474759303734,3.12016988794488
9465,687,14958.6917621027,14208.4570156994,99.6893562933583,6141.13831630258,99.6893562933583,40160.2546306667,0.937201768885276,3.82180985313213
9466,566,411.213554772184,404.041992185826,197.454865905074,79.9610676846566,197.454865905074,713.599835173376,-0.123153196252487,2.49956152843722
9555,4759,1807.05559672309,1638.02956993101,326.083876139201,757.582343576433,326.083876139201,3785.00225446213,0.380512528422066,2.46409900048857
9611,2256,1123.84476545751,1054.36315903541,190.382511376802,376.582592711968,190.382511376802,2728.47603193214,0.928006991348957,3.28330583227334
9613,1279,826.396430158256,841.439887427371,353.959867483603,95.7813056780415,353.959867483603,1162.18684870597,-0.561388862701991,4.58108035665972
9667,4697,3036.24619444669,2213.71506764961,661.633907136224,2291.30954406501,661.633907136224,10665.6494330437,1.69124817644973,4.78861196019185
9774,1513,1396.25931456118,1350.62975620948,176.331480227526,326.210353514717,176.331480227526,2209.67134417232,0.00215737066626959,2.15998900641711
9783,1166,10637.5515631757,10140.9858979732,4435.51093946706,1734.89024383635,4435.51093946706,15503.998745272,0.436341611275682,2.89952146798957
9815,2180,853.077327306142,795.888163049852,445.74564859252,204.761055897402,445.74564859252,1779.25919449466,0.78460961362925,3.06509780193808
9818,4846,33179.8300395447,29642.2575528763,11090.0828627369,14362.0953619418,11090.0828627369,98738.1380257002,1.18956765693908,4.51919220697397
9846,288,7381.15270612211,7400.27355570248,4498.98086849063,1074.53994873024,4498.98086849063,10592.079286833,0.0626190411265854,2.24768811637301
9850,674,6501.07726469783,6342.88156172908,5597.21836457704,569.074207579068,5597.21836457704,9887.34787218929,1.75789461321021,7.49233090355172
9882,3042,4723.23534460227,4504.79604987636,215.290149413471,1287.65506930667,215.290149413471,13972.2948144255,1.82659464487522,8.64275878131379
10002,1559,863.224758085362,738.158911171011,266.361436702017,385.5418123375,266.361436702017,2363.04011992043,0.88497085981792,2.72580879438
10016,1616,1429.03618588336,1427.41304621777,705.528425373933,482.469142266398,705.528425373933,2962.82142589988,0.156158795280375,1.74984628845879
10121,460,4466.27958935469,4379.34727335636,3530.84855035157,472.975944045153,3530.84855035157,8376.69743026541,2.83070551355068,18.2537546346107
10137,1510,48710.5835620043,49435.8530808541,8030.55928068515,23872.6284393898,8030.55928068515,93832.8742464005,0.0020131248803631,2.04036609372061
10156,828,3347.52409142433,3181.44271757023,987.188261018771,1543.70059186077,987.188261018771,8512.991514954,0.0302816515170591,1.98619750576123
10187,1984,18087.6984050356,17539.5116577086,11016.1001361925,4855.83169673309,11016.1001361925,41318.6532721309,0.742593286372898,3.73370081172516
10190,2742,2025.36676777152,1300.27674635543,622.309703272463,1196.30933615704,622.309703272463,4875.75888433173,0.813961749915511,1.9585589763507
10247,1879,3492.59295076852,3462.95228458231,514.907357297216,738.153449301146,514.907357297216,6304.2700318129,0.341418539174399,2.78449166678108
10277,2785,1267.23707414493,1245.06841560556,697.324747652153,261.932616755818,697.324747652153,2437.63570554354,0.605172268486533,3.84498512943446
10332,2439,1143.47924135279,1098.48557765961,412.262060477625,302.105828140906,412.262060477625,2696.5675904171,0.188612411228128,3.34239743877467
10385,603,14261.1078797689,13621.3199461408,8628.16191300897,2102.24264708173,8628.16191300897,22505.601679556,0.632671088572372,3.5187955284709
10405,1497,2022.765736666,1877.81399068206,415.251130476738,1162.93291475323,415.251130476738,7269.50991424298,0.427150881470765,2.67074123349937
10411,2059,2030.53124185028,1961.01748425995,102.270810519168,636.11106161732,102.270810519168,3869.97323156441,0.806297770469598,3.23514108082137
10443,767,840.226141951472,873.877575264193,293.454124465925,223.219871362017,293.454124465925,1298.22091533284,-0.743712613334363,3.2164857208764
10466,1469,3083.82437759766,2774.89999391925,237.519897353463,1155.35716295044,237.519897353463,8878.34057810986,0.933830129876288,3.4946623886044
10507,813,7521.33491235205,7423.14036480082,1823.79646717892,2249.68082572293,1823.79646717892,11846.4159069161,-0.0520026867957408,1.67764850083477
10519,4537,4824.13249745507,4564.21719153255,2210.27436626282,1205.94100286565,2210.27436626282,9707.74011438172,1.23024549692006,4.63272678021394
10540,1964,696.172282099617,595.573366647355,343.383139277598,305.735029730842,343.383139277598,1540.56315556085,1.10034859305981,2.85312293821024
10567,922,522.309687728291,502.471589127229,73.4676005289699,111.345059140919,73.4676005289699,937.204880597732,0.0120782216506653,3.71217595419401
10581,1840,1420.26226782703,1309.03950842057,429.746876321165,505.202762639508,429.746876321165,2867.71881430265,0.948527523554829,3.45165749797108
10614,1559,2408.44201562104,2117.67069114107,1257.39029296678,710.794223697292,1257.39029296678,4357.83662762801,0.902787532523587,2.88571764030208
10622,2897,32262.007293534,34255.3325402433,5880.82384379095,14044.7594325201,5880.82384379095,105508.967785434,-0.160414051957369,2.73651984723899
10639,1095,1952.09238940949,1889.38065388167,1154.02908119531,475.653618925169,1154.02908119531,3584.49839189396,1.09209972868819,4.20095339377085
10671,2509,5287.32619773676,5202.40825460782,1253.32201472812,1999.26349361914,1253.32201472812,10870.2688957413,0.0196184532913667,2.43903553526225
10726,1656,2929.39422204449,2672.80039844894,1600.60813549751,824.476000866732,1600.60813549751,6950.22741792927,0.975764674099555,3.69867185471943
10787,898,7250.2543074976,6870.4557099454,1580.66516674424,1811.5862721411,1580.66516674424,18604.6057788835,0.862073011484684,5.05721645654897
10793,2895,2214.45739125623,2151.94632210921,1603.68095274648,323.486246569896,1603.68095274648,3900.29497961853,1.01941217202276,4.24147154504297
10839,505,92.4721243264454,92.8188043162345,69.1324532973523,14.796498721626,69.1324532973523,157.95923567431,0.982814969541276,5.21564746084248
10846,2042,20723.6356032428,18616.0752483806,14387.75117533,4836.60406443978,14387.75117533,39311.947852131,0.939009501253592,2.96106524623333
10860,754,2965.17873934109,2861.85331521678,654.602171914479,540.537988739175,654.602171914479,5685.44152778179,0.721703628302747,4.86354022711213
10867,3554,10438.9601434788,11019.1741490094,3591.69585089511,3941.74907545075,3591.69585089511,23606.3497189689,0.320183810455482,2.55466271988805
10884,446,439.487168606927,430.26608064518,343.925931842586,33.8870139332667,343.925931842586,605.292997997267,1.00923736363707,5.2784110749714
10894,810,2149.70985030908,1834.08194842375,1048.15573733505,638.237669481347,1048.15573733505,4661.1641956038,0.873240578620477,2.76021573203875
10903,3157,16957.2685798617,19203.7876264938,1935.99609672355,6779.56075139914,1935.99609672355,31839.1025266248,-0.375036434781412,2.02574674114741
10920,3227,9218.28012662803,9076.00135424969,1014.68647350734,2684.33232851671,1014.68647350734,21520.9019843984,0.522542632023652,3.72628631667355
10983,4577,18731.248583881,17374.4625344647,9331.54289908573,7325.87118349596,9331.54289908573,44513.5757167407,1.53933884855286,5.49127945111766
10984,1598,18890.8991216242,19206.1552115115,26.3986013985959,3647.79485330647,26.3986013985959,48395.7320911634,0.276464350846126,5.53143074757899
11017,1714,618.423629179068,634.31268263172,131.493801480117,140.104115777614,131.493801480117,1182.83688580611,-0.127457917720993,2.73758180977173
11032,2038,1401.82596795734,1546.67095987376,224.691260494964,620.03420575705,224.691260494964,3091.16135305489,0.01277190029371,1.78679998446612
11060,4723,2564.34630924906,2393.47076080497,999.159227308111,1432.66440148269,999.159227308111,10345.4279294402,1.94059617775904,9.38071794766993
11096,1509,1018.04368718468,1024.42228808019,48.905542114938,234.848918143463,48.905542114938,2001.67313927758,-0.0261443381941445,4.03842278097791
11217,1576,9931.20198164081,9349.806062719,4133.30579283418,3888.98262609846,4133.30579283418,23813.6788003006,0.739106243351493,2.98975223719934
11220,2145,5021.17196550854,4156.02226257075,54.8497218151406,2981.89808893586,54.8497218151406,18407.5638130948,1.17830640951609,3.88181154535919
11259,4193,41901.3344139517,40504.0739944343,29293.6131374849,6632.07237470088,29293.6131374849,64372.8243894869,0.700936096182727,3.1502939365611
11264,292,5713.76408906632,5992.4250939232,1682.62363198694,1045.25016251928,1682.62363198694,7532.32163315482,-1.50230563217231,4.91642861906963
11340,704,985.15081360255,946.007588621624,275.913803046965,477.051954566514,275.913803046965,3321.2571425292,1.91368474872926,7.47376816783395
11446,3236,2207.01902622669,2095.99966360639,1309.93881246874,584.185207756558,1309.93881246874,4122.79401935477,0.965269574873841,3.58883616654764
11456,4837,5051.90125627209,4941.88290979204,960.23886938886,1549.68575203214,960.23886938886,10262.6196092433,0.168198975300184,2.18626847214617
11465,4843,4442.93559272284,4567.00607986087,1679.58694884898,1506.80149403818,1679.58694884898,9344.57957998597,0.18797465146527,2.58444716030315
11506,4802,8912.53177493578,7955.15576900382,758.951908985691,3858.50778751051,758.951908985691,41809.6262474717,1.3035224134948,6.3879354807156
11535,679,432.069070063438,440.832641829954,64.6944042039345,222.802297956322,64.6944042039345,1478.23403935673,1.23368298843681,5.89512344595069
11550,1620,1509.5274159675,1538.34160145157,50.1841066140173,354.874035642274,50.1841066140173,2692.59528777084,-0.43401140183387,2.55889939857688
11554,1303,1087.87006688329,1125.03917756893,643.457937654963,223.003691367857,643.457937654963,1574.75667730655,-0.308013174096281,2.13789303544783
11600,1373,804.593245639469,786.072878450284,34.6005214553562,232.215151289757,34.6005214553562,2262.68343979548,0.609724576367685,5.92530403570382
11636,703,6152.20341867101,6118.63460858181,1572.19487453228,1051.81750285854,1572.19487453228,13908.1182365897,1.16660752880681,11.2838017190115
11672,3439,3299.72225715144,3331.81080426288,1423.5103314832,906.698864374194,1423.5103314832,6557.75880314007,0.138919348320283,2.3348726453979
11729,1225,2283.62662691745,2224.60730482658,955.851932246026,676.636372105109,955.851932246026,3783.91670201999,0.0936628064607348,2.3834401709676
11749,2883,3141.96226800873,3431.05814743369,821.795626938771,1441.00750898772,821.795626938771,7208.57576132559,0.222791914076396,2.19887889665055
11923,3666,12921.7303118483,12904.7610172929,4286.10980849779,6917.46309094406,4286.10980849779,45190.3206089996,1.37381844013194,6.48705318618184
12124,4870,65039.0673934132,64698.1947421748,28732.9027330125,22958.0297473016,28732.9027330125,153213.279327762,0.560127875746778,2.66192633019481
12141,3570,58466.1048191507,45314.1252639974,4309.22331147038,39602.3502744432,4309.22331147038,217927.880703606,1.37700610860059,4.46933964688202
12142,3101,27009.0693614245,24818.3031251986,4982.31917915698,11505.4734649778,4982.31917915698,63678.5494882272,0.715827486374514,3.33251308055362
12338,1229,1061.00302293381,943.099597903371,508.077661518392,364.383695906392,508.077661518392,2950.12436139308,0.782012758966222,2.81583261275807
12368,3126,3830.00574973816,4187.43359423825,129.931179403586,1156.6365271001,129.931179403586,6314.08040113698,-0.160778129051992,1.78334919464888
12383,1564,7116.86896606121,7076.10141205056,2314.01898679915,4207.23527673201,2314.01898679915,40912.5822172695,3.3862045296493,20.3145282002062
12384,1798,99080.327215051,92698.713149879,51354.2460987599,30128.9593010887,51354.2460987599,189048.173313787,0.710572378536367,2.60573901189013
12389,807,1834.0403703747,1670.49801988448,918.52107190973,738.077861583077,918.52107190973,4217.73607784501,1.33771848459183,4.11822713481199
12395,907,2491.14961804173,2398.72822244611,1510.28823191046,645.492768980169,1510.28823191046,4084.61442869454,0.480590393457922,1.99426735129677
12459,564,1611.79058694004,1554.33434549733,649.161459649269,316.432119326463,649.161459649269,2900.11100716312,0.995478501860139,4.56077356174709
12589,1093,1535.26073974706,1509.42057453599,794.797971594508,330.034980026947,794.797971594508,2592.8522270747,0.606832431523767,3.4554280308849
12689,2565,1734.36897402563,1505.00193219159,484.628494006373,855.932788967603,484.628494006373,5787.57938386402,0.949832495484314,3.44409455547409
12726,3363,5502.51964610569,5243.84368210857,3463.85736126125,1085.9063944327,3463.85736126125,8324.08401682877,0.38821602984977,2.18539477517504
12785,827,1011.5807663009,951.437320726183,420.813506463566,333.871943113917,420.813506463566,2011.55733800815,0.223579432762412,1.81534297859992
12884,262,553.592291432911,502.630013860265,344.558771748684,113.923280302013,344.558771748684,1006.0124230479,0.858120405020119,3.47575814794626
12886,1288,14210.8680432428,13898.1162492601,24.5962844586538,2196.0597784194,24.5962844586538,42027.3280786429,3.15203014747923,38.9254219464505
12978,7,3502.53468578271,4110.61361645938,535.605623007299,1541.14653293856,535.605623007299,4741.04333272446,-1.38637802398977,3.43217781981664
13125,1645,3993.65949755221,3665.86645849332,2204.97384412382,1328.68756560419,2204.97384412382,9721.10709560003,1.14128477318356,3.8977181341066
13145,4791,16264.834962014,14841.2570058944,6750.5412147167,5438.04192635687,6750.5412147167,39792.2401941279,1.47114556265424,5.89689373404232
13312,441,36992.2008375025,29744.8939350163,9863.01026020506,15615.2564179461,9863.01026020506,73752.9876483068,0.782155255948408,2.33457523433695
13380,1779,1034.67011151041,1030.7203876966,521.459392098108,206.044739806052,521.459392098108,1979.52341295142,0.162863056357859,3.04711583275304
13421,569,638.116606986034,627.730376223479,290.177304925407,80.0475402595861,290.177304925407,922.121773316044,0.204662220396834,4.31688845926615
13440,714,3327.86710911078,3242.51486211697,1605.70247513049,910.95200584264,1605.70247513049,6378.88961852671,0.757360292071904,3.52492186010988
13498,4864,8731.35348724267,8134.44520553316,1126.18225914062,3484.31937896295,1126.18225914062,24222.0849948913,0.618922482850917,3.45256273099266
13510,317,2132.9079045396,1577.07589214704,663.527174140804,1448.02972538195,663.527174140804,10625.9239340664,2.57971390283134,9.33775632493966
13561,4600,2414.19436619256,1658.87177471854,179.090115258742,1835.34330915362,179.090115258742,7876.06632088626,0.741074529603856,2.26274415686967
13683,4753,40594.3348254397,33984.7281337037,9235.13493367278,16235.611697348,9235.13493367278,118139.900539713,0.985944140758493,3.17973666801775
13709,165,2335.06509551769,2409.16460032302,25.0789002763252,960.487503673004,25.0789002763252,6107.43999831224,0.447025422491997,3.5782561923695
13714,463,5980.60212870535,5968.96798795592,4958.11393947679,491.553662473386,4958.11393947679,8719.86183878268,0.97209062857635,5.42236236889508
13971,1195,944.777057947822,890.704205014218,24.8805643789979,286.621781963643,24.8805643789979,1908.32640062884,-0.111477813650168,2.12266883582975
13988,2207,22742.4608954381,21281.8723069565,14093.0782846487,6579.85316002463,14093.0782846487,46598.1128309113,1.13078809467613,3.77871901550342
13994,1568,6869.96919717067,6949.78262579901,495.322255956976,2926.4310324241,495.322255956976,16485.6490774623,0.0996417702680085,2.3867309444779
14065,543,405.113618058758,392.357620924297,277.766012996604,48.6187338457288,277.766012996604,530.607792447379,0.717104602408613,3.20647540216614
14078,1639,4391.24698194915,3987.23210719438,1764.05865186956,1158.27086238986,1764.05865186956,7650.62489159334,0.756274647027283,2.66870994661902
14087,963,19934.295228996,11970.7268260269,4670.01375748106,14829.3534868484,4670.01375748106,57430.3409290959,1.17027242622224,2.9706106331193
14163,1081,620.474640530001,371.927233407081,153.227276619056,538.999092991357,153.227276619056,2607.24524978756,1.83426116540779,5.431341599666
14313,2988,482.056585512627,432.786688874772,14.0490196078432,176.648550070029,14.0490196078432,1364.57306670282,1.53631088123022,5.28933027351665
14316,2537,7309.81977589593,8128.96468010473,1180.76959160308,3563.31937204497,1180.76959160308,18580.1565139241,-0.263665131202237,1.84874537313645
14353,3066,1728.05946536796,1651.05141399866,410.346943064345,599.296175076513,410.346943064345,3685.0719155242,0.506455344192055,2.43657386288125
14359,2966,3565.01640141152,3452.76531561386,34.9870449392542,1370.03054475065,34.9870449392542,6467.53514754484,-0.0376623202578259,2.16618889236421
14369,2507,971.378557271006,892.77656652347,198.50649677081,280.981768185261,198.50649677081,1937.85313536443,0.9949291133157,3.59163558523885
14370,364,1581.76362705752,1661.57399900277,812.018630245157,213.737947655598,812.018630245157,1803.20218176944,-2.08154589679144,6.84070737496875
14372,1214,261.326476666724,247.025165987957,122.148417762273,77.2640546144612,122.148417762273,682.439694914099,0.553290959776582,2.74983105575226
14391,1420,1680.42650107174,1710.42242706143,722.260849617413,414.084093422523,722.260849617413,3271.78545379545,-0.280219992204967,3.20365644674303
14412,121,1290.4368659737,1199.36044239802,430.039122721878,383.742051461784,430.039122721878,2189.69551703152,1.18087288247986,3.48881139754734
14418,2557,6087.92227125069,5730.51884966925,182.881115758102,1684.11033537707,182.881115758102,11739.4764461084,0.758429442669475,3.19786847207235
14447,4833,19930.5316001309,17578.0275896208,2446.07804163111,14201.1599114023,2446.07804163111,71596.2007465053,1.44132307663274,5.13213643269372
14477,3792,4202.10592108987,4138.03079617415,2709.72963265274,783.072299716619,2709.72963265274,10194.4902253465,0.499997103260898,3.52394003653489
14489,3524,15227.6132671155,15413.21517627,261.759620165059,3542.15435508392,261.759620165059,30747.148335949,0.158452307808111,2.62710329317623
14535,1075,512.90349518577,570.289750370345,147.506010558333,189.768487453756,147.506010558333,953.080945825881,-0.317992065826189,1.79916164401304
14538,4157,10335.1909401359,9210.01678547329,150.890949136435,6034.88547255335,150.890949136435,32881.980768739,1.07945372935199,4.86936640259921
14590,1205,22587.6092770836,20939.0934856615,10781.2418331939,7452.67955225772,10781.2418331939,53459.2484379699,0.694161350842734,3.3005308720212
14605,3684,19248.6641029933,19198.1185270262,7834.34037279369,3964.85769658633,7834.34037279369,36946.6090514175,0.453686883842016,4.93630214851722
14611,969,3081.00066928078,3141.72305736785,1396.76458133399,599.723122033109,1396.76458133399,5038.57012868073,-0.355243459237368,2.63015577469014
14620,4786,6376.15300068605,6101.27525515316,1803.73588117338,1635.33683873657,1803.73588117338,12193.3517931561,0.830279992730159,3.69047691090605
14624,2170,2346.02851451051,2185.61271842049,915.165571696306,653.067752437174,915.165571696306,3955.97554207266,0.437021803896727,2.41120272719384
14790,829,707.898499095026,679.042847191895,377.023195627073,133.592811988831,377.023195627073,1251.37442127134,0.865234272669493,3.47816870492219
14793,1167,2743.72908172844,2546.45303960257,621.323528622616,1066.48988939086,621.323528622616,5060.76219247884,0.441640974604984,2.06159281366568
14822,1640,2527.71531977656,2786.73857520069,1094.80655681206,748.606261553538,1094.80655681206,4140.2572799231,-0.216258111100305,1.81699493606598
14894,2287,65417.7040326768,67722.956633945,17482.3902519974,21004.339906518,17482.3902519974,193881.494446382,0.788240931674934,4.77893136728997
14934,1797,13183.6042321187,12663.7963120396,7780.63806085755,4112.39854693715,7780.63806085755,23484.6332104845,0.36433894784895,1.86746233496842
14960,1427,887.737204303383,842.651047979518,464.533441785424,245.11957799394,464.533441785424,1856.67803241273,0.380208409764417,2.2919795454068
15055,2108,14792.2115829976,15410.1455661657,330.479646781578,5998.16675833966,330.479646781578,28722.4075745156,-0.365787755521188,2.40757121431309
15070,2851,14862.3801959394,12829.2500475011,1594.66994100368,10292.506839831,1594.66994100368,51524.5192360608,0.802096117418215,3.16596585830383
15142,2561,1028.73275836422,710.0471167385,317.886445008085,656.684413138316,317.886445008085,3244.73796822315,0.979677330729968,3.079443643706
15172,1494,18214.225723108,16671.2140611666,8805.24474358898,4449.6167641623,8805.24474358898,28310.0835323904,0.612694050978237,2.22533550007959
15247,2562,13968.8229298153,14062.1267357499,5435.2580480729,3195.38715858719,5435.2580480729,23001.6824526559,0.0484818403456071,3.02953156368074
15261,76,2955.24781458666,2524.72782633023,477.680446264563,1269.61889416313,477.680446264563,7499.64386857535,1.40979961018217,5.59546825712411
15319,2067,12849.1409673467,12476.280088224,7978.09633079945,3044.20060469631,7978.09633079945,20954.1106284036,0.645891224233148,2.83605698851082
15334,4825,4781.35473250379,4500.4732130319,1918.81121043698,2120.91681044586,1918.81121043698,14567.6201109897,1.36323319738681,5.51354511109573
15362,1047,54622.7804709537,52701.3072476601,46554.2686130276,5961.84112410552,46554.2686130276,69659.7900634081,1.01085364708438,2.81626316471747
15406,404,937.77546372918,961.456907154555,116.68935490325,177.267681482671,116.68935490325,1334.57185372348,-0.230742660779582,3.31385252566075
15508,4488,14775.2199777101,13637.6166693965,5859.68080633397,4900.34678514066,5859.68080633397,34787.8436465799,0.588492080754183,2.51522725572549
15509,3893,403085.208667804,412057.392351062,195374.676489414,73722.2012996002,195374.676489414,602270.216441009,-0.565268274904948,3.45877177340288
15521,3178,3744.53676884119,3245.53873111838,1202.99652921562,1769.25370643466,1202.99652921562,11337.322802191,2.03415240421749,6.90027502446025
15545,2716,31795.0008144013,31766.6427436869,19945.4076349529,5095.14415795077,19945.4076349529,49338.1366573416,0.25066702245022,2.96298893169407
15580,317,102122.601429188,124287.414895898,6445.46165985847,58694.4434196515,6445.46165985847,261667.192103355,-0.254086447033813,2.0256539427999
15581,2137,19081.1366078076,19124.5880915896,7054.92137913435,6393.78236935176,7054.92137913435,40085.8060787807,0.287575958674988,1.9713106251503
15582,2652,28723.667439233,27227.3513098891,7213.82976525245,8362.82006832816,7213.82976525245,48287.1090619564,-0.0109294835700936,1.76146373628611
15598,4798,20781.5708978502,14494.7703098268,8584.70731964393,10500.5606420606,8584.70731964393,66165.4176262459,1.04919088956914,2.93598214349956
15613,1510,19179.1182132072,19833.9888594256,2727.00759806338,3211.92072114223,2727.00759806338,27285.4771964052,-0.132067745725978,2.91070706563022
15617,1733,82483.2822533477,75557.1185225199,21985.7627074344,24509.7781342283,21985.7627074344,132960.149407634,0.343108017504274,1.83503908127379
15620,507,7782.01665877074,7651.4703427401,4135.38560107957,1174.68965307063,4135.38560107957,15473.3529927811,2.28578696933477,15.4038294688896
15633,1140,47092.5989082727,40072.0549333396,19091.0018734426,27353.227624136,19091.0018734426,125859.463267276,1.56933450870041,4.47633817789726
15634,1561,249854.547452751,89618.9111267774,3665.91752441251,280282.709047315,3665.91752441251,1290734.19608521,0.997061784937727,2.58609457962542
15659,3951,20618.3160871633,21041.2849838807,1125.89931618899,9063.32678226314,1125.89931618899,47474.8271581142,-0.54852015523025,3.40271740034336
15668,4661,17250.9914016295,12490.6442546973,969.2745975982,12634.6362081312,969.2745975982,46528.2877366192,0.556567616191416,1.85707287140557
15679,1510,30687.9686253135,28997.7195786668,12775.4047923542,6915.5327366943,12775.4047923542,45416.0665139396,0.482104148308611,2.20537320401846
15704,871,4179.5115822001,4044.32160506032,3068.00891949878,1170.88396120902,3068.00891949878,16291.4734126505,6.37908707152642,53.5443241394404
15706,789,23828.4657390188,20668.0459126104,6916.26367398325,9995.31421637778,6916.26367398325,72807.2859659951,0.833450527852906,3.00496502132024
15708,2180,1422.93833807637,1344.14883411975,532.002379411316,660.42772174369,532.002379411316,4309.16598703034,0.737785119960441,2.58912280047834
15724,3451,57195.8567273895,53603.8110043866,22335.4044810024,16923.8719487193,22335.4044810024,123201.856726776,1.29528853696927,5.13728046796811
15743,1475,76198.5965428071,69568.1214244538,27010.2217706398,19816.3925465263,27010.2217706398,122861.951506374,0.456007150695229,2.04251377635193
15782,838,61816.5514265444,70630.6960937996,11849.812344795,18012.9300165325,11849.812344795,91570.2481942736,-0.648065783378615,2.04513698952288
15889,296,44075.5531187698,44878.2857372739,12391.7250497597,5061.94459761462,12391.7250497597,58232.726968422,-1.05034133512294,7.13560019655683
15929,1182,128650.160813036,120811.86385089,18838.0720178092,29586.8357581199,18838.0720178092,205909.87555301,0.427960270831803,2.17053381485136
16428,1600,3365.07569670374,3019.41060753294,1598.77925488249,1112.42105132354,1598.77925488249,6428.57114194855,0.608078116143049,2.09237217263632
16477,1650,1618.71467160078,1661.8310295451,387.399574572357,387.623007014129,387.399574572357,2734.35460902921,-0.807982202352935,3.83369834063212
16478,394,4601.44646919363,3657.43345189203,79.6276451978954,2314.53121856463,79.6276451978954,11530.4206967378,1.59649898053038,4.46145642574015
16560,1570,1117.39735198327,939.424572073066,193.426416191803,739.135456893026,193.426416191803,5843.31336804345,2.48133261314916,12.7888102264502
16590,1334,767.661345365762,565.020633043729,242.389713541428,453.893154330274,242.389713541428,1790.56978398278,1.08673217802027,2.55799362032813
16603,1633,16417.4837035961,13112.098193867,3509.99080586706,7890.74756922512,3509.99080586706,39957.9279125097,1.21648240330615,3.60242634907171
17420,1859,5476.82507555581,5569.36075617032,1689.33516028748,3000.23494909879,1689.33516028748,13898.4537225979,0.318703665238675,1.72819891537723
17436,2568,28542.9277545988,28806.3741039116,13416.2279259629,6136.92888611317,13416.2279259629,45073.8768275882,-0.320807082867436,3.17769400381643
17452,2821,4554.77797196931,4434.47787690645,3245.71650924325,639.356746325864,3245.71650924325,6904.72531890656,0.786172087122581,3.86951427009189
17828,2370,52664.8632435644,52077.0779807708,33400.0264252983,10709.4446328665,33400.0264252983,93028.719397373,0.956052936241015,4.22662601524362
18466,883,5502.13259191768,5375.2897238569,96.0774936652469,934.571073195296,96.0774936652469,8226.68254518487,0.370393477693788,3.39399432213393
18467,4829,21186.2900879985,21704.553647477,3917.30731831952,7270.7459394531,3917.30731831952,58157.6840456199,-0.401694624775774,3.41103830894548
18636,1015,13108.2124862773,12442.610086443,2689.22156011768,5159.25493319507,2689.22156011768,24700.7768086039,0.503500972033546,2.21014459818089
18729,3192,6668.14263376216,6682.8422439343,3772.07801492158,1286.92079636264,3772.07801492158,16337.9917167345,0.498604112125172,4.18835018535848
19113,4852,38061.6952637253,37566.1708433246,8248.77709676271,10247.4505231066,8248.77709676271,72240.6751537427,0.529646094364602,3.23928976716205
19151,573,44021.3796964061,43623.4315263663,32629.3001577127,4363.18127261114,32629.3001577127,80760.0104642626,3.0609409741041,22.5341223643437
19349,4786,43396.9470743791,39755.1398983558,24133.8023324456,11917.2377786408,24133.8023324456,91404.8401986558,0.435350931737754,2.116188787004
19398,1368,232.133092732431,231.298971488724,138.666598333423,46.4400635153399,138.666598333423,458.289366719487,0.138910472121069,3.23667014990889
19439,973,12.2677351964094,4.12793216306278,0.81996370470478,17.4423654514943,0.81996370470478,75.2881950055933,1.97255958269478,5.81767685309247
19565,4521,34906.1964587448,26431.5608491566,757.948083486883,29566.5056341251,757.948083486883,173012.662439386,2.22996323454216,8.44377307741523
19625,1003,8939.15180718351,8978.45918935866,1680.2515265009,3278.39025716299,1680.2515265009,24561.6115652527,0.75420601687133,3.36997749394087
19661,4346,98457.3859752088,95581.4132610537,52627.3775797237,21422.1389373424,52627.3775797237,175325.104720523,0.518137699385943,3.15567936940553
19824,3874,4443.20951078802,4250.29032664899,1682.38005767273,1516.05616465694,1682.38005767273,10678.6088569834,0.605209847529929,2.94057324752944
20067,2899,1850.62720615117,1660.9383583892,841.701686559343,691.10624036023,841.701686559343,5443.60940450268,1.0329564034586,3.71039302145992
20779,3508,29114.5406865287,25500.7394450568,4398.76375407628,11724.0230289826,4398.76375407628,62048.9623112714,0.895657468588854,3.32032714567669
21487,1030,595.576766723039,455.072876200199,211.986622003724,456.109374149539,211.986622003724,2481.99741919867,2.77728694262629,10.2334812584476
22260,2582,6652.67535184478,5386.94240591327,3570.49906900929,2534.99639410891,3570.49906900929,12696.5602219498,0.361367490895751,1.5994337536528
23220,283,1127.90613616707,1096.03298063107,448.404686890873,179.513801745388,448.404686890873,1929.87375583411,1.00798609029337,6.01861637220279
23667,850,9824.44738351664,9355.66177288034,207.191432979516,2245.350854393,207.191432979516,17789.6965801922,1.03265348022724,5.86948255116132
23671,4866,20837.7193543194,17184.66376174,6941.07627234752,11271.6244944647,6941.07627234752,76105.3263135393,1.70928495791524,5.70735431446945
23714,732,3514.0012158587,3584.74488403276,523.9892921964,683.221628276427,523.9892921964,5871.2554157448,-1.42808440193499,7.1387134478832
23809,3138,2509.22532734681,2504.79104275423,229.54616481488,775.418320976212,229.54616481488,5440.1712258146,0.196634449885893,1.90066858171731
23877,1044,2172.06849608929,2109.44884909984,1359.76563995013,327.891842130722,1359.76563995013,3161.78232329107,0.516906640931494,2.61058017797956
23978,4421,4302.82344471952,4077.4987482361,1021.40727876213,2008.22256515144,1021.40727876213,11906.2735418854,0.722266823497374,3.49776758513416
23988,718,356.346487870465,317.57714627384,212.41355704559,94.906774921642,212.41355704559,651.382126581023,1.39090967796841,3.97779677351388
24032,810,678.862945519475,646.123337163481,478.546635072304,129.381724055939,478.546635072304,947.289432438215,0.31693127158222,1.73509022685015
24216,1884,6042.80429358364,5803.46705707398,999.123946206471,1526.83176112849,999.123946206471,12279.2838912265,0.0979576647472692,3.47099026012089
24287,1964,3206.81178906162,2945.39864176035,695.509628096739,1094.79828331469,695.509628096739,7415.99969417217,0.417884084933125,3.37232449039207
24318,330,4989.52244648166,4962.91126568501,3488.78865131765,284.250734737829,3488.78865131765,5854.82828925029,-1.13069500473748,9.38824695853178
24370,1749,2176.31285335999,2301.52605085763,142.569317303915,1135.45544887938,142.569317303915,5614.52764621032,0.281462402904585,2.58982165236159
24625,4222,49599.9290393716,51959.1839597822,10593.0524348178,14096.9631026073,10593.0524348178,79780.4402608773,-0.568652754595302,2.39352084227682
24678,1231,623.304634291681,659.929119753721,168.071486145208,131.909559131718,168.071486145208,974.47758018231,-0.240198737484921,2.35189076957206
24731,2331,2409.80560350559,1896.44176288734,315.096929325813,1408.19751465336,315.096929325813,7145.13792041359,0.69778955875055,2.62462653114362
25021,291,828.693235433484,700.442001312134,188.046253219162,375.068687565799,188.046253219162,2015.50420272944,0.293173432496456,1.84116204053042
25056,786,12119.5928588415,12170.0518163538,6958.64227337044,2098.99054264115,6958.64227337044,16932.9633627261,-0.00739935621326679,2.67634992505902
25119,2013,1665.1462642281,1779.77917794652,63.2782314419353,539.30274019388,63.2782314419353,3490.41994741372,0.267318366226031,2.23533710392159
25124,2627,4166.50383694828,3625.0478257894,615.804125987716,1590.74375003113,615.804125987716,13684.6957938467,0.957759422684882,3.23079369164673
25157,2157,8580.71209131239,8133.03458464081,2024.82227700318,3267.33039947881,2024.82227700318,20015.2449386833,0.958668505528696,3.80011585368757
25180,558,2458.46361557269,2537.32803475251,219.185926049271,990.870772825577,219.185926049271,5494.478408003,0.337429902994669,2.34608319462396
25279,3733,5294.24938577568,5216.35495691717,953.862090063973,2487.00758493978,953.862090063973,14538.3261624113,0.593316995495364,3.16725341522662
25283,2682,3822.52059719851,3701.68705831402,713.871676860023,1140.7242006921,713.871676860023,8991.08258437795,0.528808722958639,3.32236864053788
25340,1614,4091.68601686534,3868.38047275648,928.199939314516,1364.81118218163,928.199939314516,7824.54492071421,0.603003105735521,2.46374898179228
25356,1103,4411.14970794347,3711.86920966425,1486.14019000145,1486.32432772756,1486.14019000145,8538.63990962673,0.583916281731226,2.04998729852645
25389,1269,1149.28765192894,1055.10235013027,672.729195602126,300.886939917117,672.729195602126,2981.05448820921,1.29576621178234,5.73552091432948
25495,802,2255.95054605418,2396.08704816702,73.2560598794357,731.084024252368,73.2560598794357,4636.06957239811,-0.413540537476149,2.62655959854869
25627,2603,2756.78399784399,2290.84403594309,492.031303256174,1337.96359769976,492.031303256174,6453.45682546552,1.12024813123864,3.60244359252834
25648,4744,13262.7482535125,14057.8941958013,656.496531950288,4371.89237746931,656.496531950288,28196.1070264956,0.358725192291648,3.18944330371185
25714,1491,19087.8592733769,18270.74820596,13907.4250637715,3144.37760367988,13907.4250637715,29463.6782451463,0.399757679662069,1.97053376022298
25751,1346,484.940056185749,476.85528169703,14.1043345639591,84.7705204034148,14.1043345639591,938.330036082049,0.959939075345164,5.23182758562688
25895,1905,1193.99463244098,1223.66902366625,371.047589218117,306.087940719045,371.047589218117,4358.60141340595,0.49878068601554,12.5140031754897
26061,606,2157.6199476754,2187.18976819343,1575.61288543205,391.650500892712,1575.61288543205,5101.10093493202,3.30039936138181,20.8137296870486
27780,1784,1789.1155235956,1596.93310493269,615.505918571125,714.737968428766,615.505918571125,4079.09056482135,0.47309642459681,2.3576536970394
27786,2182,8269.25492710734,7807.73126771138,65.5305636221103,4281.13873780999,65.5305636221103,24896.5568534993,0.463873394471989,3.2958854763649
27914,3298,4203.37608672467,4295.50158668714,804.74590181508,1834.51327728728,804.74590181508,9567.17092780929,-0.00760785460374976,2.2901175634859
28139,643,2485.70006839494,2545.83811042754,404.521275861734,1180.30901565119,404.521275861734,7702.13313818414,0.520443815460329,4.49239583139957
28169,2637,3291.82575451084,1848.66150030399,376.219597440085,2836.38307303213,376.219597440085,11416.9054541361,0.888090929487505,2.58058615254867
28191,4846,4909.41997801313,4403.89079823324,965.305279807305,2571.10017382072,965.305279807305,13139.5002538648,0.755278692722622,2.84274275135555
28194,571,467.918197753753,442.839486017707,185.238111611125,164.861420719668,185.238111611125,1922.07067072378,3.9079822215194,24.4707582457282
28195,2696,2097.36835606387,1975.5097190102,100.266856791257,603.00117878686,100.266856791257,3456.45470978811,0.28699997264193,2.2140770774669
28216,567,2138.94307335423,2295.73535125744,763.766905154713,1040.25280866552,763.766905154713,4283.54769613708,0.131334314580582,1.67068591698795
28272,2895,13978.2514168248,13278.7806902218,6869.58164499753,4832.17583064082,6869.58164499753,33283.1563267158,0.85183035903813,3.32345941358964
28298,791,145.003446486094,146.966206907762,66.4531606820303,39.1287046256499,66.4531606820303,256.607810345426,-0.129744553491236,1.99552707242405
28322,1470,520.563168538522,450.012823187811,75.8082218867148,250.33448329775,75.8082218867148,1345.77397134421,1.54272232354192,4.55006307181266
28349,3516,12908.995404107,12938.7342502253,7489.9753105229,3139.4309530876,7489.9753105229,24006.4876586267,0.171296603940362,2.03168656359258
28520,1435,4402.32792139337,4468.94470120195,1616.00915959131,1444.04609103917,1616.00915959131,8959.57020668275,0.368776314535927,3.06334508736534
28629,376,1034.60861476153,1107.54871659451,189.543735098273,262.929061692792,189.543735098273,1606.79239162222,-0.874266836781992,2.80012940087831
28733,2999,3593.89399118621,3040.03102854608,160.57837549793,2051.60610562283,160.57837549793,10811.7371055815,0.92257407972489,3.25946399122623
28742,3849,1944.35306346358,2132.78533319447,416.918585493055,1037.72073956144,416.918585493055,9708.90582099691,1.33275272216123,8.18209115589743
28838,2161,67203.5351684769,73431.562360285,29085.1955488394,23403.8610113458,29085.1955488394,123984.641134708,-0.142313022517351,1.80349725925721
28883,2171,963.001026719182,966.285246712042,395.037780327423,289.007693125606,395.037780327423,2334.76584742025,1.05733613385243,5.54380171839104
28919,338,918.319611723372,891.34819640717,583.279714967114,274.215449493268,583.279714967114,1748.37073708636,0.771843466596122,2.69475539721951
28930,4867,5381.46259236796,4279.81346893137,1681.11804438368,3416.62374583148,1681.11804438368,20501.314019319,1.70579529084542,5.31147324801698
29011,3384,1305.00900765463,1150.07994957202,201.092416651958,634.665513316102,201.092416651958,3910.97527370064,1.79100642024011,6.24440797047071
29028,1959,6695.57443151041,6566.81289400163,623.246388969779,1676.03257443896,623.246388969779,11754.2485762709,0.102880174787556,2.42356036979287
29039,2646,7263.91513043471,6652.70032726097,891.393160142771,2219.30089905187,891.393160142771,18170.0174596198,1.20553054976687,4.90033501801169
29099,1230,1234.78990968004,929.864497262222,409.629305905391,768.783412889556,409.629305905391,6717.16266388211,2.1019192053244,8.88860612709064
29173,1542,2776.94928002958,2991.40288313749,219.001399699393,1013.66157603376,219.001399699393,5918.78582596262,-0.336943672101697,2.21241592755966
29353,1558,2253.79165328054,1765.49992243847,202.119035101061,1570.76485696199,202.119035101061,6501.63233834504,0.430018865480533,1.89325145216366
29389,4783,8173.35153991405,8887.85893150598,1076.54751271079,3930.68697482513,1076.54751271079,23567.1805584,0.229892665695538,3.57832919562193
29392,3537,2351.41314667194,1928.34360128978,471.979467858523,1099.439243346,471.979467858523,5583.57448940841,1.27100396905694,3.60635907895202
29511,3280,931.876204258743,975.425560207515,381.758526240311,313.119843562642,381.758526240311,1768.86109559216,-0.030040371714444,1.90151862765542
29710,2395,1427.72777321969,1487.52103536178,279.024835290278,353.897720112247,279.024835290278,2484.93636955597,0.160771425565768,2.45351865478617
29733,1709,1111.38274753732,1229.33529943159,431.567463910786,485.163908619967,431.567463910786,2593.64089688439,0.101775340655704,2.08236347238552
29755,2155,615.314025435227,504.295314610807,104.638262607056,335.808046165319,104.638262607056,1773.68062143618,1.07340229021255,2.91389376590164
29804,367,6856.09800548794,7152.05930448538,2646.27324797982,1301.00631533834,2646.27324797982,10398.370898031,-0.0502714663840187,2.53640209071492
29830,1690,634.628895186251,508.955407672505,128.428377591148,344.892931634905,128.428377591148,1510.54474097684,0.549787625477965,1.91306843889586
29850,872,2492.04031920007,2479.98152187032,1795.7406000857,380.988658736336,1795.7406000857,4836.34430506699,0.603588891324572,4.35439109080795
29875,2846,1924.6755789434,1841.20789916319,467.732827494387,1120.10737521194,467.732827494387,7155.17814142101,1.08075691369981,4.03104290506305
29968,1462,2080.40648934111,2030.93130140544,99.302587084363,600.832198017763,99.302587084363,4474.89995954089,0.241254995653804,3.08339705439151
29984,1045,4320.92426585167,3701.23916117694,2335.39333400845,1790.76734319298,2335.39333400845,8967.40960672227,0.834230136236846,2.25926910623989
30024,338,1175.3950365957,1021.97332443843,149.200690318812,455.431973279289,149.200690318812,2382.62700408763,1.15308979898676,3.51471826385373
30098,3910,1214.75904945113,796.452202055635,90.1324523935678,1336.57247904615,90.1324523935678,10854.4378320652,3.05997540989969,14.9847727147948
30170,1000,4354.70789503603,4202.45512135007,2141.1737955851,902.316548719462,2141.1737955851,6860.80471347647,0.963098027348806,3.42026709067509
30298,1360,989.216918387513,724.733508128134,424.979970717807,584.126790755596,424.979970717807,4324.72293455072,1.6553891043168,5.68503968767607
30354,1521,1405.53278826994,1005.81291372923,459.787694304987,667.298284070105,459.787694304987,3805.74759969581,1.19203802733554,3.35287506542163
30384,1754,590.52793360313,607.701166446782,344.613459534098,97.0553945837922,344.613459534098,1106.58919148754,0.0493990536468417,3.08035533137622
30452,3822,33016.8089344711,33943.580978792,3504.97381312223,8261.06800288397,3504.97381312223,55435.9099756562,-0.848461375302286,4.82909659435914
30495,379,576.969809971365,574.421132874324,188.175906792456,90.4925745272293,188.175906792456,884.32883902522,-0.592751045521895,5.36473179462751
30501,1510,17220.3111697909,16905.5124079551,10606.8960680667,5432.69541831233,10606.8960680667,27925.7581111105,0.445661158095564,1.85107574893981
30538,940,796.031051750557,722.718897780718,285.858603148595,334.933280697107,285.858603148595,1680.90048037294,0.99461897598121,3.44600183954531
30580,2320,35267.2034677611,33270.644098779,20353.6462786006,7358.57567621805,20353.6462786006,64490.0222846583,0.334454363604171,2.36310088836342
30637,2348,878.865606283894,725.378460463424,385.051199521385,456.103604984913,385.051199521385,3195.27618360372,1.69442816944119,5.59751765840347
30806,2090,3072.54948362848,2864.78233769318,1298.03325890596,1500.84707206581,1298.03325890596,12392.1039920963,1.8521088221225,7.51479819897556
30807,3568,3465.00485510402,3325.89573853556,1782.78904268265,938.470599289258,1782.78904268265,7272.71616029787,1.18268817029848,4.78097504686412
30821,1872,4174.39078574306,3742.83630413013,223.451663016747,3322.48058825259,223.451663016747,76919.4928095205,12.5464124143163,251.919902635802
30874,3124,8893.03669198619,9010.57337826543,3216.04237311396,2348.37538670181,3216.04237311396,14560.293058493,0.017957155500874,3.08525746148453
30923,900,8099.03021050923,8303.94529495877,788.302671240615,1054.60817235918,788.302671240615,10064.3043831753,-0.746704151083055,4.95295053508756
30990,1722,15557.2683045953,12987.6480434629,6103.15976342663,7147.42752419844,6103.15976342663,35464.7515378525,1.09292680330369,3.11258138291265
31137,893,9253.0639411265,9677.10087693667,4993.75602120964,1551.19172871568,4993.75602120964,12243.244658475,-0.678233150461326,2.67371045338485
31142,4833,5193.21051940891,5229.79161742358,2336.08127216496,1750.1495457336,2336.08127216496,11052.9081519065,0.480593943079098,2.88195896984784
31673,1761,3301.78641399235,3409.59809456628,1482.76894021794,723.537779392454,1482.76894021794,5325.93094392299,-0.298014516335554,2.40751203353363
31846,3005,1720.98650453878,1648.91883090116,839.981990211586,598.392634912264,839.981990211586,4966.54066808008,1.08744625702199,4.81995311320066
60800,444,406.313694970824,363.52397434872,141.804395689353,122.700626437708,141.804395689353,608.97634805743,-0.00788783635928335,1.93459739830569
60894,1055,4610.00174594468,4107.45988678038,1594.1552831837,1580.21964682959,1594.1552831837,12620.958913531,0.776434223800866,3.68034825086135
60900,405,4330.32030308075,4367.0916776178,2045.68422189451,503.220248538604,2045.68422189451,6231.8016859637,-0.425297483944561,4.72993709781907
61067,2259,10402.6454806738,10402.9834801399,6069.61040988834,2472.24657017322,6069.61040988834,15571.388292788,0.112013911164643,1.75595582985188
63120,3660,76549.7609481823,74134.2838648059,16264.4768725139,13889.891606191,16264.4768725139,119490.944514324,0.42127543654498,2.75183198444858
63477,4847,16914.0517054286,15748.2139359556,5226.4335557173,4087.77962966915,5226.4335557173,35749.9244006399,0.921635878112254,3.94892991020192
63501,571,5516.40002623907,5270.55610451608,1369.79241889888,3249.55697136267,1369.79241889888,16860.9275721032,0.72534398932626,2.77718137495532
63546,3044,11822.2248846477,11677.7197863615,4998.4916207388,5236.7909575955,4998.4916207388,47764.2687705556,0.777727349536411,4.06865586250742
63605,1439,3495.89810440543,3113.88720264061,889.138738981108,1458.41722394372,889.138738981108,10482.3809646791,1.21198033135221,4.62244404816022
63759,1072,563.014724373956,571.438347528948,336.533003572655,179.121940980395,336.533003572655,1071.07891009333,0.64123247039009,2.52725331135803
63892,1287,9899.82941949858,7132.14839781707,1197.04889427443,6244.58495340934,1197.04889427443,23381.0282512225,0.60167462209573,1.99884552153251
63914,667,3708.98460993232,2591.35461895776,1691.74394921726,1962.13306444933,1691.74394921726,7875.76788208037,0.67267302038377,1.87948465142389
64030,689,3855.49731903563,2894.65493645853,507.982295202137,2878.36990588939,507.982295202137,11525.3220973047,0.228642839000046,1.48645016958899
64166,1757,1790.09809579692,1669.85716334734,707.387835427305,425.342070807267,707.387835427305,3052.91228921749,0.624983186090928,2.60041501949809
64690,235,1030.67915273063,1038.75942552338,641.148822983906,122.756294973689,641.148822983906,1224.19710528956,-0.597032997549004,3.11044968174284
64891,1861,1199.19549804036,948.288479275503,111.612408913722,642.834098225744,111.612408913722,3036.87180905857,0.750824389645276,2.32740556479548
64910,3941,17815.5983265987,17037.5166951285,535.476303108637,5053.1336017978,535.476303108637,42247.6898659406,1.42107910513095,6.04412247339103
64925,1137,4246.59428894427,3929.92732259088,1058.81701371452,2247.50767374157,1058.81701371452,9754.71934612333,0.71735429575081,2.40784716517792
65248,1319,14291.4500753542,7515.31604451967,324.072651642031,20486.1540397348,324.072651642031,62976.4664193699,1.43840131810426,3.35514538853113
65350,1550,348.482599871153,223.242548791733,45.4263939829154,236.565130549453,45.4263939829154,1635.99769957062,1.12948100685995,4.18885669036311
65399,2365,983.655495186353,956.747834262444,6.8772314750172,242.008763772672,6.8772314750172,1909.31220285428,0.373519664805008,2.54714939059678
65417,3438,2918.76780882446,2809.94236397341,434.168304987764,1001.9708041049,434.168304987764,6590.97526198688,0.550684298647695,3.11858246365167
65459,247,336.756759926051,358.57156474198,248.51080474794,53.0924993222558,248.51080474794,454.703893224129,-0.169173949360209,1.91393751014748
65590,1100,228.598779749313,225.959144529245,39.3930757172733,75.8078428468428,39.3930757172733,384.629503295087,-0.0472606365501397,2.18054646340278
65662,3544,53544.858357733,51519.8048697456,25093.2740446684,16789.4911945218,25093.2740446684,128590.416673418,0.63269479509847,3.08693066561598
66016,1280,1115.57355840346,974.326891529265,110.55973611504,457.70817663926,110.55973611504,2059.18780392171,0.478012569309842,2.26700348340735
66065,872,1170.42390377043,1158.24951356111,758.288084430157,229.511205045233,758.288084430157,2104.21607916712,0.384476010337365,2.13722417700913
66290,859,500.935908569908,483.640382225139,291.232333160436,115.850407721733,291.232333160436,701.564150326254,-0.000966635901835734,1.73069385744606
100075,1127,135.046601084426,134.442636770677,33.8906144791625,88.8641644832207,33.8906144791625,376.066605856465,0.331189808794735,1.75930021775566
100080,4791,21496.7267027608,22615.9577438816,6429.22739588775,7201.29149218617,6429.22739588775,39331.4351771142,-0.0637969336552788,2.07110872724583
100103,4553,6159.38952779288,6140.47149861198,662.59310478708,1818.36444367785,662.59310478708,11228.8072395572,0.45341786879092,3.14023941747242
100135,269,3075.89426105034,3090.42698037043,2433.76802102687,255.153523029502,2433.76802102687,4348.24658409194,0.294648989406282,5.29260838595791
100165,1329,4527.69284710659,3366.49707296737,201.04905493994,2786.12635007482,201.04905493994,23851.0511977149,1.43278738782828,6.82288405395283
100243,45,6313.90171259224,6092.08093958775,4808.80740566664,947.128454883978,4808.80740566664,9118.46373080767,1.35837582526797,4.50505294519589
100245,1407,1149.28874035067,1082.33125006535,607.545239951489,344.503588603446,607.545239951489,3693.1610808257,1.57003801979854,8.25087886499296
100424,1552,8309.67335266605,7581.44299667645,2512.37954062858,4250.37730276389,2512.37954062858,23036.4130499789,0.190208999325747,1.87325303008687
100572,4868,3600.75073651846,3545.46805660753,1801.96966146859,995.517530229898,1801.96966146859,6787.63467252345,0.187910318992583,2.32956913584872
100581,2080,5664.61251709941,5617.93623417858,2474.15078647675,1443.1145768356,2474.15078647675,11419.7861105452,0.66774206884165,4.10214105738961
100590,1962,17372.5285271441,19456.125118571,9728.1589528876,5107.53902424246,9728.1589528876,26492.685783051,-0.287581235510963,1.48448403140091
100609,3835,7873.36335479576,6526.29547197661,2415.64848758076,3697.61339062082,2415.64848758076,20034.0669227349,1.03203901374914,3.13988928433236
100699,4217,6925.02134576205,6893.41796078532,1563.97933551428,3533.00664192914,1563.97933551428,20888.393315037,0.37727734529376,2.62279639539942
100737,1182,42900.9503568292,36261.82848037,4049.73873093244,22563.9335867445,4049.73873093244,182732.131863101,1.12196951019327,4.4372097337284
100760,2523,5209.96187062139,4959.28320263946,2585.05976720342,1602.4484610604,2585.05976720342,10953.437655803,0.838435046543943,3.2680605252065
100781,529,2228.20801380351,2257.46776654699,1241.72089292249,169.850676876704,1241.72089292249,2769.98389506059,-0.781734210667998,6.66269980357623
100953,3316,21136.8494336695,20830.7610410555,1111.22148838604,6735.16270324302,1111.22148838604,41911.3999252858,0.0793685814203795,2.31828594325661
101020,4787,3923.90131420188,3778.1527488199,2271.78881512661,933.256620828211,2271.78881512661,6867.2973596184,0.48225591478903,2.59874593081971
101202,1821,4150.23171987766,4152.23792119543,2328.63743121774,541.783036871703,2328.63743121774,7138.13417713046,0.158750634986926,3.06754802006999
101204,1458,22893.413135226,22169.5025433984,16533.1101235526,4340.44909099737,16533.1101235526,36388.3464678381,1.4223677093999,4.69002792406395
101292,2041,4025.66151885702,4245.67430889627,1421.21874202273,1092.49489734603,1421.21874202273,6157.97418926178,-0.632921367703613,2.79372836954225
101310,2600,21346.4589375011,20103.5318991202,13533.4644479396,5015.94212961641,13533.4644479396,32599.0910293882,0.426204240679216,2.03097291053488
101352,1672,7375.63470135928,7321.5620427192,3643.16196811508,2008.75718964498,3643.16196811508,18897.2335160445,0.801826034290008,4.77136672766493
101361,4827,2647.5215231001,2549.00579656685,1155.41684443393,679.659857345472,1155.41684443393,4798.52335516138,0.755069186719382,3.40013504299096
101475,471,7050.90659691577,7767.91936264632,1206.04601380581,2689.31762395741,1206.04601380581,16809.4494704348,-0.064973083677776,1.94573789052642
101718,4851,3791.03380543468,3815.38848806937,2321.12302699275,743.685993698705,2321.12302699275,5848.96164590694,0.236878077026493,2.60447052589442
102089,1233,2949.30464846538,2607.87594209432,49.9777056037888,802.480131821176,49.9777056037888,5943.42688629878,0.905666700031496,3.16948240709913
102345,4019,2427.31065175276,1520.19149637455,171.674489957993,1661.76590789526,171.674489957993,6597.87137679639,0.523220890461981,1.88769380885073
102422,3228,1803.50207708783,1692.32338342559,664.072303717389,496.57566966828,664.072303717389,3757.43508431821,0.978620139347047,3.50287529633027
102523,4329,2377.02455378088,1957.120456125,884.268089094472,1198.1238491787,884.268089094472,5470.37285056897,0.715401711256686,2.23131017064043
102704,1273,3934.96680691795,3561.85755240763,1572.65268462148,1600.70601936982,1572.65268462148,9241.37770205642,1.36566312792129,4.52203313462218
103124,2582,7734.54253253581,5942.2146529539,139.567199618598,6028.23775417043,139.567199618598,28988.7699320046,1.19624117788631,3.85281331885313
103342,570,5481.15401569582,5282.91238326359,2328.10779501264,917.809695468345,2328.10779501264,11465.0181933748,2.64966915686434,15.3153500107165
103487,714,7664.0378175168,7974.45292851021,1535.2011378284,3160.70699359086,1535.2011378284,12908.4403010697,-0.0179898640983321,1.9496607863665
104598,4791,5247.27840955615,5202.95831555993,696.753320109326,2463.62848239136,696.753320109326,13669.554848572,0.380580352804172,2.78245481332796
104833,485,6449.85405365227,6330.01141338331,750.380520462193,1561.60689494225,750.380520462193,10522.3049060257,0.648514272935165,3.23127447792196
105089,3511,19091.805110417,17104.6787621351,5205.8959014308,6973.14545376292,5205.8959014308,60556.0140679198,1.14537951476076,4.00996120441941
105222,749,2490.40046333868,2689.76223427356,1465.9889340559,574.261146384583,1465.9889340559,3490.64832998679,0.0398535607184371,1.72199615430344
105365,1342,2423.87997729422,2352.46648514735,577.123054238072,1029.54882926784,577.123054238072,7586.64815357977,0.66670041385751,2.76963520277638
105448,296,2599.92915950243,2711.12796052157,1812.43095945784,545.889851803138,1812.43095945784,4156.25379164055,0.139234188448697,1.80202181406405
