date,Pi,Pi_hat,epsilon_011
1947-02-28,0.649654257039841,0.649654257039841,0
1947-03-31,1.74236411472537,0.935858590185949,1.09270985768553
1947-04-30,0,0.690736994696225,-0.935858590185949
1947-05-31,-0.227531383713554,0.450222655923266,-0.918268378409779
1947-06-30,0.590508188771418,0.486966469568266,0.140285532848152
1947-07-31,0.677050656721071,0.53675362728726,0.190084187152805
1947-08-31,0.761823088488892,0.595704184566212,0.225069461201632
1947-09-30,1.94524259268154,0.949177467005352,1.34953840811533
1947-10-31,0.306011167759462,0.780718309724925,-0.64316629924589
1947-11-30,0.65260183755087,0.747161836132499,-0.128116472174054
1947-12-31,1.50637666619064,0.946016612286592,0.759214830058142
1948-01-31,1.14675285129855,0.998593772655918,0.200736239011959
1948-02-29,-0.0422386489912328,0.725977261457479,-1.04083242164715
1948-03-31,-0.720800237577941,0.347034959061418,-1.44677749903542
1948-04-30,1.35251427770408,0.610391728344949,1.00547931864266
1948-05-31,0.79448463060078,0.658609639034124,0.184092902255831
1948-06-30,0.581396986541982,0.638385976218669,-0.0772126524921419
1948-07-31,1.02987522005745,0.740925472113834,0.391489243838778
1948-08-31,0.12287529704929,0.579044770698866,-0.618050175064544
1948-09-30,-0.286944242795282,0.352223527735139,-0.865989013494148
1948-10-31,-0.205465451366436,0.20615272838793,-0.557688979101575
1948-11-30,-0.618941526141774,-0.00995729316942995,-0.825094254529704
1948-12-31,-0.456337651484399,-0.126873958542667,-0.446380358314969
1949-01-31,-0.166458631860833,-0.137242040197782,-0.0395846733181662
1949-02-28,-0.417362876292852,-0.210611742622478,-0.28012083609507
1949-03-31,0,-0.155447974376001,0.210611742622478
1949-04-30,0.0418147612197609,-0.103780599639083,0.197262735595762
1949-05-31,-0.0418147612197652,-0.0875504070239962,0.061965838419318
1949-06-30,0.0418147612197609,-0.0536668729374995,0.129365168243757
1949-07-31,-0.923988094134554,-0.281622814749177,-0.870321221197054
1949-08-31,0,-0.207859711646272,0.281622814749177
1949-09-30,0.21074823395648,-0.098217241526471,0.418607945602752
1949-10-31,-0.337410695475754,-0.160867177828382,-0.239193453949283
1949-11-30,0.126662461519276,-0.0855569496736358,0.287529639347658
1949-12-31,-0.380469704366397,-0.162800975340159,-0.294912754692761
1950-01-31,-0.424448854544331,-0.231332211019992,-0.261647879204173
1950-02-28,0.424448854544338,-0.0595689737437907,0.655781065564329
1950-03-31,0.126984144047594,-0.0107066794226789,0.186553117791384
1950-04-30,0.0422922400044462,0.00317488326792696,0.052998919427125
1950-05-31,0.506116643416073,0.134906202485105,0.502941760148146
1950-06-30,0.461700715229872,0.220500749782436,0.326794512744767
1950-07-31,0.79249632705794,0.370318756461179,0.571995577275504
1950-08-31,0.538638136766009,0.414405240770698,0.16831938030483
1950-09-30,0.576845439674045,0.456951840379241,0.162440198903347
1950-10-31,0.655202999130011,0.508878104507478,0.198251158750771
1950-11-30,0.407332538763587,0.482281125699917,-0.101545565743891
1950-12-31,1.53290617591144,0.75746253800939,1.05062505021153
1951-01-31,1.58859575888099,0.975154295397736,0.831133220871598
1951-02-28,1.75751448215075,1.18007134080994,0.782360186753013
1951-03-31,0.193386252495075,0.921637186729459,-0.986685088314867
1951-04-30,0.154440185137421,0.720691707297777,-0.767197001592038
1951-05-31,0.269697716932488,0.602566631956371,-0.45099399036529
1951-06-30,-0.231124910282583,0.384204794897957,-0.833691542238955
1951-07-31,-0.0771604976554364,0.263363251314112,-0.461365292553393
1951-08-31,-0.193162123030726,0.143789386934969,-0.456525374344838
1951-09-30,0.655234566276265,0.277747935459653,0.511445179341296
1951-10-31,0.498180758252388,0.335484056907791,0.220432822792735
1951-11-30,0.609757986811854,0.407322328206836,0.274273929904063
1951-12-31,0.568290978189349,0.449483497342123,0.160968649982513
1952-01-31,-0.0755857934701547,0.311956499506915,-0.525069290812278
1952-02-29,-0.151343199526749,0.190608293049275,-0.463299699033664
1952-03-31,-0.0757575793808086,0.120841312953381,-0.266365872430083
1952-04-30,0.264900817157686,0.158573611279565,0.144059504204305
1952-05-31,0.0377857552200263,0.1269366606723,-0.120787856059538
1952-06-30,0.226415191063849,0.152992238237394,0.0994785303915488
1952-07-31,0.563805289777468,0.260593057097749,0.410813051540075
1952-08-31,0.0374742369009963,0.202153414865533,-0.223118820196753
1952-09-30,-0.225056359059195,0.0902579399600487,-0.427209773924727
1952-10-31,0.225056359059196,0.125564559897694,0.134798419099147
1952-11-30,0,0.0926764872958572,-0.125564559897694
1952-12-31,0.0749063705436744,0.0880221095768172,-0.0177701167521828
1953-01-31,-0.262418144968115,-0.00376576865466988,-0.350440254544933
1953-02-28,-0.187864041725994,-0.0519850860765249,-0.184098273071324
1953-03-31,0.150319457091236,0.00100284705368062,0.202304543167761
1953-04-30,0.225056359059196,0.059687305276109,0.224053512005515
1953-05-31,0.0374601989770972,0.0538655456467499,-0.0222271062990118
1953-06-30,0.261829212605737,0.108335725632758,0.207963666958987
1953-07-31,0.0746826024256116,0.099521245175717,-0.0336531232071465
1953-08-31,0.223713739835642,0.132049944231459,0.124192494659925
1953-09-30,0.148864932589961,0.136454153176913,0.0168149883585013
1953-10-31,0.222882707423284,0.159091659884557,0.0864285542463706
1953-11-30,-0.371747640013242,0.0200533719379318,-0.530839299897799
1953-12-31,0.0744601672526052,0.0343036877579381,0.0544067953146734
1954-01-31,0.2601748354818,0.0934642240673473,0.225871147723862
1954-02-28,0.185425604769525,0.117550897628443,0.0919613807021781
1954-03-31,-0.222552020640565,0.0284705912327445,-0.340102918269007
1954-04-30,-0.260271572841599,-0.0471572233594108,-0.288742164074343
1954-05-31,0.260271572841597,0.0333650241409336,0.307428796201008
1954-06-30,0.0371264158710412,0.0343502139461184,0.00376139173010762
1954-07-31,-0.297397988712651,-0.0525418118250063,-0.331748202658769
1954-08-31,-0.0372370140217719,-0.0485331544321933,0.0153047978032343
1954-09-30,-0.149086870700588,-0.0748703464210305,-0.100553716268394
1954-10-31,-0.336260357942297,-0.143334040980312,-0.261390011521266
1954-11-30,0.224299159458145,-0.0470429585545331,0.367633200438456
1954-12-31,-0.0373482730765317,-0.0445037108550846,0.0096946854780014
1955-01-31,0,-0.0328472269328243,0.0445037108550846
1955-02-28,0.186602032127126,0.0246312779117216,0.21944925905995
1955-03-31,-0.111919429701511,-0.0111343042674792,-0.136550707613233
1955-04-30,0,-0.00821798928641963,0.0111343042674792
1955-05-31,-0.0746826024256225,-0.0256265082519309,-0.0664646131392029
1955-06-30,-0.224383041039163,-0.0776851407651312,-0.198756532787232
1955-07-31,0.187020813815815,-0.00835292903684023,0.264705954580946
1955-08-31,-0.14958865915828,-0.045345619888398,-0.14123573012144
1955-09-30,0.485347228642889,0.0936543092794571,0.530692848531287
1955-10-31,-0.111794310134128,0.0398428746140841,-0.205448619413585
1955-11-30,0.223463780141636,0.0879371591568359,0.183620905527552
1955-12-31,-0.0372093027548852,0.0551585954556682,-0.125146461911721
1956-01-31,-0.148975818986719,0.00169137948179285,-0.204134414442387
1956-02-29,0.111752665755876,0.0305188095829517,0.110061286274083
1956-03-31,0.111627918568192,0.0517630385847518,0.0811091089852405
1956-04-30,0.148643654273415,0.0771381661293026,0.0968806156886634
1956-05-31,0.370645346484874,0.154014041492217,0.293507180355572
1956-06-30,0.442968609158804,0.22969748917677,0.288954567666586
1956-07-31,0.51432883403026,0.304248591350241,0.28463134485349
1956-08-31,0.0732600765366435,0.243747705976457,-0.230988514813597
1956-09-30,0.146359338237657,0.218239587193756,-0.0973883677388002
1956-10-31,0.583304606849294,0.313858007555397,0.365065019655538
1956-11-30,0,0.231651810619257,-0.313858007555397
1956-12-31,0.435256399884194,0.284980253925777,0.203604589264937
1957-01-31,0.144665486350937,0.248228783073882,-0.14031476757484
1957-02-28,0.468722689775676,0.30598090371827,0.220493906701794
1957-03-31,0.215594765506811,0.282306820217957,-0.090386138211459
1957-04-30,0.250941160542571,0.274091475908631,-0.0313656596753864
1957-05-31,0.250313021811848,0.267863384755111,-0.0237784540967831
1957-06-30,0.392087474323666,0.300400359200419,0.124224089568555
1957-07-31,0.284192020758078,0.296155044982131,-0.0162083384423409
1957-08-31,0.318753590235093,0.30207409250303,0.0225985452529621
1957-09-30,0.141342779714694,0.259975087109484,-0.160731312788336
1957-10-31,0,0.19188199184047,-0.259975087109484
1957-11-30,0.317292704057749,0.224729768409037,0.125410712217279
1957-12-31,0.210970542384966,0.221125929676249,-0.0137592260240715
1958-01-31,0.595344080249883,0.319141752891162,0.374218150573633
1958-02-28,0.209278067313058,0.29036607868387,-0.109863685578104
1958-03-31,0.590587090926827,0.369000451752895,0.300221012242958
1958-04-30,0.242172752849412,0.335781535739809,-0.126827698903483
1958-05-31,0,0.247833092845057,-0.335781535739809
1958-06-30,-0.103716517508316,0.155754650346081,-0.351549610353373
1958-07-31,-0.0692041550110805,0.096833076224874,-0.224958805357162
1958-08-31,0.172920672519401,0.116762062501515,0.0760875962945269
1958-09-30,-0.103716517508316,0.0590139562490733,-0.220478580009831
1958-10-31,0,0.0435569253860458,-0.0590139562490733
1958-11-30,0.138264799074954,0.068362964832082,0.0947078736889082
1958-12-31,0.0690607762254813,0.0685457367207997,0.000697811393399347
1959-01-31,0.137978635205374,0.0867317137845281,0.0694328984845743
1959-02-28,-0.0344768146838659,0.0549845799795896,-0.121208528468394
1959-03-31,-0.103501820521503,0.0134735656429767,-0.158486400501093
1959-04-30,0.034512511127732,0.0189841202702734,0.0210389454847553
1959-05-31,0.206825306405906,0.0681837875352818,0.187841186135633
1959-06-30,0.240756780093644,0.113384384845541,0.172572992558363
1959-07-31,0.137315503896961,0.119652462250882,0.0239311190514194
1959-08-31,0.102863029813824,0.115254946953704,-0.0167894324370576
1959-09-30,0.239603058322603,0.147824405389537,0.1243481113689
1959-10-31,0.341297259623994,0.198499128270991,0.193472854234458
1959-11-30,0,0.14650791556498,-0.198499128270991
1959-12-31,0.204220629179816,0.161624122852771,0.057712713614836
1960-01-31,-0.136100735537497,0.0836435464378292,-0.297724858390268
1960-02-29,0.1361007355375,0.0973832182449369,0.0524571890996705
1960-03-31,0,0.0718764482259963,-0.0973832182449369
1960-04-30,0.441052453733001,0.168571624650481,0.369176005507004
1960-05-31,0.101505676115214,0.151005602945503,-0.0670659485352673
1960-06-30,0.135180824911401,0.146860751489666,-0.0158247780341026
1960-07-31,-0.202839826139261,0.0552666106322862,-0.349700577628927
1960-08-31,0.202839826139262,0.0939192259055311,0.147573215506976
1960-09-30,0,0.0693197503623837,-0.0939192259055311
1960-10-31,0.471698987813887,0.174711570996796,0.402379237451503
1960-11-30,0.100789526422429,0.155349789529009,-0.0739220445743666
1960-12-31,0.100688043411716,0.141032696582453,-0.0546617461172927
1961-01-31,0.100586764558009,0.130439032654091,-0.0404459320244437
1961-02-28,0,0.0962742302644969,-0.130439032654091
1961-03-31,0,0.0710579281709406,-0.0962742302644969
1961-04-30,-0.100586764558011,0.0261004726533241,-0.171644692728952
1961-05-31,0.100586764558009,0.0456100426944154,0.0744862919046852
1961-06-30,0,0.0336637865475459,-0.0456100426944154
1961-07-31,0.267737777071639,0.0949728247095102,0.234073990524094
1961-08-31,0.0668225885205862,0.0875996693200078,-0.028150236188924
1961-09-30,0.133511368296942,0.0996249357682583,0.0459116989769344
1961-10-31,0,0.0735310114701177,-0.0996249357682583
1961-11-30,0,0.0542716500254071,-0.0735310114701177
1961-12-31,0.100016677782406,0.0662532616781775,0.0457450277569986
1962-01-31,0.0999167443658266,0.0750704555071059,0.0336634826876492
1962-02-28,0.232751559770841,0.116370545350838,0.157681104263735
1962-03-31,0.199071067732723,0.138031599923253,0.0827005223818846
1962-04-30,0.132494222761093,0.136581241141434,-0.00553737716215996
1962-05-31,0.0992555912751643,0.12680484656232,-0.0373256498662698
1962-06-30,-0.0992555912751517,0.0675947310802188,-0.226060437837472
1962-07-31,0.0330961446012823,0.0585588055156772,-0.0344985864789366
1962-08-31,0.198347172465468,0.0951724006645206,0.139788366949791
1962-09-30,0.461285826189888,0.191065421187157,0.366113425525367
1962-10-31,-0.131578966352008,0.106557881395604,-0.322644387539165
1962-11-30,0,0.078648068766214,-0.106557881395604
1962-12-31,0,0.0580484393987799,-0.078648068766214
1963-01-31,0.197303582585839,0.094522371717315,0.139255143187059
1963-02-28,0.131319782496039,0.104160409060307,0.0367974107787243
1963-03-31,0.0983767910132748,0.102645554467681,-0.00578361804703183
1963-04-30,-0.0983767910132838,0.0499934566292776,-0.201022345480965
1963-05-31,0.0983767910132748,0.06266609782068,0.0483833343839972
1963-06-30,0.327225422874286,0.131959904106029,0.264559325053606
1963-07-31,0.26101156743238,0.165761324477532,0.129051663326352
1963-08-31,0.195312562088207,0.173501432425235,0.0295512376106747
1963-09-30,-0.097608597305546,0.102491854976498,-0.271110029730781
1963-10-31,0.0976085973055459,0.101212824229712,-0.00488325767095171
1963-11-30,0.0975134158206291,0.100243869196215,-0.003699408409083
1963-12-31,0.32435967458422,0.158944643402131,0.224115805388005
1964-01-31,0.194111998834465,0.168155734012535,0.035167355432334
1964-02-29,-0.0970089000895118,0.0987033842022629,-0.265164634102047
1964-03-31,0.0970089000895169,0.098259562182992,-0.00169448411274595
1964-04-30,0.0323153985685045,0.0809873601987084,-0.0659441636144875
1964-05-31,0.0968835858117591,0.0851509253199746,0.0158962256130507
1964-06-30,0.0967898123634972,0.0881994014377886,0.0116388870435225
1964-07-31,0.0322424636035215,0.0735430697820312,-0.0559569378342671
1964-08-31,0.0966650631094974,0.0795992196691686,0.0231219933274662
1964-09-30,0.0965717119958791,0.0840446823087046,0.0169724923267105
1964-10-31,0.128617381074431,0.0957192356560931,0.0445726987657261
1964-11-30,0.288785697249728,0.146287515519811,0.193066461593635
1964-12-31,0.128081989972235,0.141519094824902,-0.0182055255475761
1965-01-31,0.0959539494699898,0.129584598261807,-0.0455651453549122
1965-02-28,0,0.0956435907101021,-0.129584598261807
1965-03-31,0.0958619661203917,0.09570078795074,0.000218375410289587
1965-04-30,0.223321196657216,0.129127331797462,0.127620408706476
1965-05-31,0.318167624431592,0.178641070975851,0.18904029263413
1965-06-30,0.412110267832384,0.239791700602286,0.233469196856533
1965-07-31,-0.094951740003041,0.152115157264051,-0.334743440605327
1965-08-31,-0.0950419840273777,0.0873793590939485,-0.247157141291429
1965-09-30,0.221624279410391,0.122541005735263,0.134244920316442
1965-10-31,0.094831680885926,0.115283334556904,-0.0277093248493372
1965-11-30,0.315457674851557,0.167713321505444,0.200174340294653
1965-12-31,0.314465667947178,0.206150933425543,0.146752346441734
1966-01-31,0.0941471903841966,0.1768147319064,-0.112003743041346
1966-02-28,0.625392907629945,0.294307053169784,0.448578175723545
1966-03-31,0.311235856592335,0.298741072740885,0.0169288034225506
1966-04-30,0.310270183751088,0.301760796142513,0.0115291110102026
1966-05-31,0.216617754516154,0.27945999297934,-0.0851430416263594
1966-06-30,0.0926927302579503,0.230541609471829,-0.18676726272139
1966-07-31,0.215949490061002,0.226719617956158,-0.0145921194108268
1966-08-31,0.614441257234099,0.328272296771465,0.387721639277941
1966-09-30,0.305810635882087,0.322389102224456,-0.0224616608893781
1966-10-31,0.304878284935873,0.317802640640283,-0.0175108172885833
1966-11-30,0.0912825257359682,0.258472125797406,-0.226520114904315
1966-12-31,0.121580562088995,0.222617266038495,-0.136891563708411
1967-01-31,-0.0607718037542902,0.148391542558034,-0.283389069792786
1967-02-28,0.303490369515411,0.189015278153412,0.155098826957377
1967-03-31,0,0.139508090808268,-0.189015278153412
1967-04-30,0.302572091653711,0.182218077630348,0.163064000845443
1967-05-31,0,0.134491224039202,-0.182218077630348
1967-06-30,0.602411460338088,0.257049649090066,0.467920236298886
1967-07-31,0.299850299625663,0.268260064699115,0.0428006505355976
1967-08-31,0.298953884836599,0.27629943971012,0.0306938201374832
1967-09-30,0.298062813813794,0.28199973785289,0.0217633741036745
1967-10-31,0.297177038915748,0.285975001093265,0.0151773010628583
1967-11-30,0.591717702808852,0.366055623999096,0.305742701715587
1967-12-31,0.294551022975697,0.347327023255869,-0.0715046010233994
1968-01-31,0.293685967330971,0.33327727113525,-0.0536410559248985
1968-02-29,0.292825977908836,0.322682202992197,-0.040451293226414
1968-03-31,0.291971010333462,0.314638277742331,-0.0307111926587349
1968-04-30,0.291121020745853,0.308478599755753,-0.0235172569964772
1968-05-31,0.290275965796141,0.30371093643024,-0.0182026339596116
1968-06-30,0.578036291549955,0.375562677104939,0.274325355119715
1968-07-31,0.574714225556785,0.427724772759867,0.199151548451847
1968-08-31,0.286123228103219,0.390636267173622,-0.141601544656647
1968-09-30,0.285306898240648,0.363048228515296,-0.105329368932974
1968-10-31,0.568183346743086,0.416777550443065,0.20513511822779
1968-11-30,0.282885620047762,0.38170835949278,-0.133891930395303
1968-12-31,0.563381771825606,0.429292553468322,0.181673412332826
1969-01-31,0.280505092760868,0.390321901128389,-0.148787460707453
1969-02-28,0.2797204621061,0.36135299334584,-0.11060143902229
1969-03-31,0.834497193218069,0.485279687384462,0.473144199872228
1969-04-30,0.552487593196981,0.502882890769083,0.067207905812519
1969-05-31,0.275103337189002,0.44322250171138,-0.227779553580081
1969-06-30,0.547946576462557,0.470652000738678,0.104724074751177
1969-07-31,0.544960476756446,0.490114996955089,0.0743084760177686
1969-08-31,0.271370587159633,0.43282110736984,-0.218744409795457
1969-09-30,0.540541856690798,0.461035500246926,0.107720749320958
1969-10-31,0.537635703638027,0.481098749403333,0.0766002033911014
1969-11-30,0.534760632659528,0.495153956652249,0.053661883256195
1969-12-31,0.531916147760003,0.50478276920206,0.0367621911077539
1970-01-31,0.529101763441546,0.511152439503963,0.0243189942394863
1970-02-28,0.526317004427469,0.515124366874121,0.0151645649235064
1970-03-31,0.523561405394494,0.517334209648456,0.0084370385203732
1970-04-30,0.520834510713826,0.518251014164476,0.00350030106536945
1970-05-31,0.259403517704675,0.45045325926206,-0.258847496459801
1970-06-30,0.516797015844238,0.467830123282696,0.0663437565821778
1970-07-31,0.257400399517284,0.412714029709637,-0.210429723765412
1970-08-31,0.256739550524595,0.371860941866612,-0.155974479185042
1970-09-30,0.511510066677041,0.40843806648912,0.139649124810429
1970-10-31,0.508906950747123,0.434753039140598,0.100468884258003
1970-11-30,0.506330195654686,0.453500643735289,0.0715771565140875
1970-12-31,0.503779402995708,0.466669737675762,0.0502787592604194
1971-01-31,0.250941160542571,0.410165759858869,-0.215728577133191
1971-02-28,0,0.302734480682509,-0.410165759858869
1971-03-31,0.250313021811848,0.289004167394769,-0.0524214588706616
1971-04-30,0.249688019858715,0.278706418446787,-0.0393161475360547
1971-05-31,0.497513464011371,0.336016713693986,0.218807045564583
1971-06-30,0.49505051598562,0.377671104392881,0.159033802291635
1971-07-31,0.246609249519347,0.343343171400291,-0.131061854873534
1971-08-31,0.24600258408624,0.317847567343714,-0.0973405873140507
1971-09-30,0.245398896156657,0.298871694216393,-0.0724486711870574
1971-10-31,0.244798163864004,0.284708667694292,-0.0540735303523894
1971-11-30,0.244200365555181,0.274098667684626,-0.0405083021391112
1971-12-31,0.243605479788112,0.266111842594656,-0.0304931878965142
1972-01-31,0.243013485329189,0.260061883503103,-0.0230983572654667
1972-02-29,0.484262447578799,0.318784857841578,0.224200564075696
1972-03-31,0,0.23528821231037,-0.318784857841578
1972-04-30,0.241254640538393,0.236850948841257,0.00596642822802276
1972-05-31,0.240674003056506,0.237852289384275,0.00382305421524925
1972-06-30,0.240096153753827,0.238440005968912,0.0022438643695513
1972-07-31,0.239521072595463,0.238723160688129,0.00108106662655071
1972-08-31,0.238948739738149,0.238782244717735,0.000225579050019519
1972-09-30,0.476191376024378,0.300964828347332,0.237409131306643
1972-10-31,0.23724803536304,0.284276022880798,-0.063716792984292
1972-11-30,0.47281411959459,0.333658226091539,0.188538096713792
1972-12-31,0.235571369245921,0.307967157912325,-0.0980868568456186
1973-01-31,0.469484430420788,0.350272023146887,0.161517272508463
1973-02-28,0.700119545898356,0.441904652108415,0.34984752275147
1973-03-31,0.925932541279673,0.568682019650244,0.484027889171258
1973-04-30,0.688866099518532,0.600160828221019,0.120184079868288
1973-05-31,0.456621797958118,0.562564853271322,-0.143539030262901
1973-06-30,0.681046900252688,0.593597862635686,0.118482046981366
1973-07-31,0,0.438121750438394,-0.593597862635686
1973-08-31,1.79377006866673,0.793195350415784,1.35564831822833
1973-09-30,0.443459706786577,0.701592025014899,-0.349735643629207
1973-10-31,0.881062968215491,0.74859934471331,0.179470943200591
1973-11-30,0.655740054615904,0.724277489271243,-0.092859290097406
1973-12-31,0.867684402568881,0.761838859931728,0.143406913297639
1974-01-31,1.07412418314126,0.843633136840524,0.312285323209533
1974-02-28,1.06270925742862,0.901013908653051,0.219076120588095
1974-03-31,1.05153439995229,0.940438479168385,0.15052049129924
1974-04-30,0.625653761430536,0.857989556802504,-0.314784717737849
1974-05-31,1.03413537947325,0.904125955554077,0.176145822670749
1974-06-30,0.819676720417849,0.882006875308881,-0.0844492351362281
1974-07-31,0.610378293801767,0.810861477940241,-0.271628581507115
1974-08-31,1.20969217088285,0.915323858057883,0.398830692942612
1974-09-30,1.3930573535947,1.04045258783916,0.477733495536817
1974-10-31,0.787405643090587,0.974174122822086,-0.253046944748577
1974-11-30,0.975617494536466,0.974552173075857,0.00144337171437986
1974-12-31,0.77369825021524,0.921944188762562,-0.200853922860617
1975-01-31,0.767758089903433,0.881559516386817,-0.154186098859129
1975-02-28,0.571974867278713,0.800472604406422,-0.309584649108104
1975-03-31,0.379507096855153,0.69021263784822,-0.420965507551268
1975-04-30,0.378072283990615,0.608456331546538,-0.312140353857605
1975-05-31,0.188501469577143,0.49846107491364,-0.419954861969395
1975-06-30,0.750472565406779,0.564468332077511,0.252011490493139
1975-07-31,0.930239266231341,0.660271646706209,0.36577093415383
1975-08-31,0.36968618813262,0.584161033437682,-0.290585458573588
1975-09-30,0.735297430525873,0.623746922993352,0.151136397088191
1975-10-31,0.547946576462557,0.603893173639392,-0.0758003465307949
1975-11-30,0.72595600128041,0.635864066865268,0.122062827641019
1975-12-31,0.54102927282477,0.611024784235477,-0.0948347940404975
1976-01-31,0.359066813072854,0.545031544941211,-0.251957971162623
1976-02-29,0.179051077378829,0.449173348983271,-0.365980467562381
1976-03-31,0.178731057409588,0.378338666592562,-0.270442291573683
1976-04-30,0.178412179350139,0.32597359771631,-0.199926487242422
1976-05-31,0.53333459753626,0.380285926150579,0.20736099981995
1976-06-30,0.530505222969332,0.419631607320467,0.150219296818753
1976-07-31,0.527705710084382,0.447938551102804,0.108074102763915
1976-08-31,0.524935588614375,0.468105739693837,0.0769970375115702
1976-09-30,0.522194398115185,0.482272728584226,0.0540886584213474
1976-10-31,0.519481687710393,0.49201855933597,0.0372089591261669
1976-11-30,0.344827927891592,0.453466151099148,-0.147190631444378
1976-12-31,0.515022597631586,0.469589115129121,0.0615564465324385
1977-01-31,0.512383699986947,0.480797942006038,0.0427945848578261
1977-02-28,1.0169579169629,0.621229829769171,0.536159974956863
1977-03-31,0.504626806762444,0.590688977403158,-0.116603023006727
1977-04-30,0.668898815079649,0.611173824574828,0.0782098376764905
1977-05-31,0.332779009267475,0.538256204306314,-0.278394815307354
1977-06-30,0.49710127220204,0.527476837930389,-0.0411549321042743
1977-07-31,0.49464239353254,0.518876787151115,-0.03283444439785
1977-08-31,0.492207720542846,0.511891582093648,-0.0266690666082693
1977-09-30,0.326797676461601,0.463411486981269,-0.185093905632047
1977-10-31,0.488202759730854,0.469904857234345,0.0247912727495851
1977-11-30,0.647251450561752,0.516355763778296,0.177346593327407
1977-12-31,0.482704074831594,0.50754165898507,-0.0336516889467016
1978-01-31,0.640002184546772,0.542235934066352,0.132460525561702
1978-02-28,0.477327875265759,0.525235110330598,-0.0649080588005931
1978-03-31,0.632913505164753,0.553438409652001,0.107678394834155
1978-04-30,0.785549994030883,0.614233451222646,0.232111584378882
1978-05-31,0.93458624182376,0.698140772238023,0.320352790601114
1978-06-30,0.772204609391032,0.717539692247326,0.0740638371530091
1978-07-31,0.76628727455691,0.73030773784449,0.0487475823095835
1978-08-31,0.608829886725536,0.698490062615346,-0.121477851118955
1978-09-30,0.906350615334691,0.752933234752942,0.207860552719345
1978-10-31,0.898209631582759,0.79098426356366,0.145276396829816
1978-11-30,0.594355390084814,0.739482911017539,-0.196628873478846
1978-12-31,0.590843668616649,0.700551080256173,-0.14863924240089
1979-01-31,0.879771070352913,0.747492669911761,0.17921999009674
1979-02-28,1.01671173554442,0.818006962985695,0.269219065632664
1979-03-31,1.00647866161408,0.867371775102523,0.188471698628389
1979-04-30,0.996449525943173,0.901180028357963,0.129077750840649
1979-05-31,1.12677248463425,0.9602675693527,0.225592456276288
1979-06-30,1.11421765532418,1.00059042485121,0.15395008597148
1979-07-31,1.10193952496105,1.02713594506216,0.101349100109835
1979-08-31,0.954335804689992,1.00806801455745,-0.0728001403721692
1979-09-30,0.945314264375533,0.991631450819227,-0.0627537501819174
1979-10-31,1.0695289116748,1.01203447974876,0.077897460855568
1979-11-30,1.0582109330537,1.02412909107878,0.0461764533049415
1979-12-31,1.17725362252672,1.06423571600133,0.153124531447935
1980-01-31,1.42029501779933,1.15749534417693,0.356059301797997
1980-02-29,1.27390257774297,1.18798491505599,0.116407233566037
1980-03-31,1.38280016072919,1.23901123927411,0.194815245673196
1980-04-30,0.993796999013271,1.17478432888416,-0.245214240260838
1980-05-31,0.984017780151114,1.1248184459165,-0.190766548733046
1980-06-30,0.974429147467814,1.08542823764476,-0.150389298448684
1980-07-31,0.121138718629709,0.832859967295256,-0.964289519015049
1980-08-31,0.72376673002306,0.804286090154281,-0.109093237272196
1980-09-30,0.837826564599772,0.813071065465484,0.033540474445491
1980-10-31,0.948998818484821,0.848673482369958,0.135927753019337
1980-11-30,1.05696814896876,0.903230358316948,0.208294666598806
1980-12-31,0.930239266231363,0.91030457515894,0.0270089079144155
1981-01-31,0.921665510492405,0.913280249715329,0.0113609353334649
1981-02-28,0.913248356327247,0.913271896147542,-3.18933880815459e-05
1981-03-31,0.679504313282881,0.852043112775284,-0.233767582864661
1981-04-30,0.562747686572839,0.776270386871755,-0.289295426202445
1981-05-31,0.6711434587987,0.748735371850863,-0.105126928073055
1981-06-30,0.887908164112992,0.785187734681956,0.139172792262129
1981-07-31,1.09891215755952,0.867358942903233,0.313724422877561
1981-08-31,0.762115828107257,0.839793496067967,-0.105243114795977
1981-09-30,0.971405372047307,0.87426549147813,0.13161187597934
1981-10-31,0.321716095177576,0.729540859970324,-0.552549396300553
1981-11-30,0.427351077738186,0.650390823481675,-0.302189782232138
1981-12-31,0.319319057915499,0.563675971207832,-0.331071765566176
1982-01-31,0.318302656012111,0.499407395653669,-0.245373315195721
1982-02-28,0.317292704057749,0.451707621099865,-0.18211469159592
1982-03-31,0,0.333395630442316,-0.451707621099865
1982-04-30,0.316289140850822,0.328915071022476,-0.0171064895914944
1982-05-31,0.942909028885169,0.489733361467884,0.613993957862692
1982-06-30,1.14049966139902,0.660183123219143,0.650766299931132
1982-07-31,0.514139950041865,0.621931259107404,-0.146043173177277
1982-08-31,0.204918104493565,0.512706499222647,-0.417013154613839
1982-09-30,0,0.378417583754728,-0.512706499222647
1982-10-31,0.408580752258035,0.386317969631495,0.0301631685033071
1982-11-30,-0.101988790074541,0.258419873399052,-0.488306759706036
1982-12-31,-0.306591962183479,0.11043105963922,-0.565011835582531
1983-01-31,0.204499048772765,0.135069499487641,0.0940679891335452
1983-02-28,0.102092913410714,0.126432218729899,-0.0329765860769263
1983-03-31,0.101988790074538,0.120029956364544,-0.0244434286553608
1983-04-30,0.711023818250481,0.274824024474055,0.590993861885937
1983-05-31,0.404040953700513,0.308668731557396,0.129216929226457
1983-06-30,0.201409937170119,0.280575334663652,-0.107258794387278
1983-07-31,0.401606965488974,0.312276135151824,0.121031630825322
1983-08-31,0.300150300375656,0.309100116896343,-0.0121258347761679
1983-09-30,0.299252093645393,0.306520706719413,-0.00984802325094998
1983-10-31,0.397614837963942,0.330380228899973,0.0910941312445285
1983-11-30,0.297177038915748,0.321683595680349,-0.0332031899842251
1983-12-31,0.296296513065727,0.315034169943829,-0.025387082614622
1984-01-31,0.687963401353701,0.412712397366822,0.372929231409871
1984-02-29,0.488520756604934,0.432568245422041,0.0758083592381123
1984-03-31,0.291971010333485,0.395742790222124,-0.140597235088557
1984-04-30,0.387973328558885,0.39370780025787,-0.00776946166323868
1984-05-31,0.193423657983097,0.341249053797116,-0.200284142274773
1984-06-30,0.193050253005784,0.302432584214444,-0.148198800791331
1984-07-31,0.384986038544149,0.324055118484782,0.0825534543297054
1984-08-31,0.28776998276152,0.31455125705281,-0.036285135723262
1984-09-30,0.286944242795274,0.307320383230121,-0.0276070142575364
1984-10-31,0.381316000641419,0.326701435014345,0.0739956174112983
1984-11-30,0.190114125702437,0.290926266059032,-0.136587309311907
1984-12-31,0.189753377619141,0.264426899493659,-0.101172888439891
1985-01-31,0.189393996007078,0.244774160063012,-0.0750329034865812
1985-02-28,0.566039247171013,0.328920431254915,0.321265087108001
1985-03-31,0.469264117819223,0.365679476615302,0.140343686564308
1985-04-30,0.187090793581182,0.318903239926558,-0.178588683034119
1985-05-31,0.186741417479546,0.284287201648163,-0.132161822447012
1985-06-30,0.279459893101593,0.283022825186521,-0.00482730854657083
1985-07-31,0.185873659462534,0.257577358582397,-0.0971491657239871
1985-08-31,0.185528810174614,0.238706286260536,-0.072048548407783
1985-09-30,0.18518523810735,0.22468796676957,-0.0535210481531851
1985-10-31,0.369344833535173,0.262576727263913,0.144656866765603
1985-11-30,0.459770924862955,0.314226150417885,0.197194197599042
1985-12-31,0.457666702741189,0.351796331866376,0.143440552323305
1986-01-31,0.36463121530203,0.355158065293482,0.0128348834356537
1986-02-28,-0.182149412839113,0.214425621642724,-0.537307478132595
1986-03-31,-0.548447444215945,0.0146126744513544,-0.762873065858669
1986-04-30,-0.367309871186135,-0.0854210963788704,-0.381922545637489
1986-05-31,0.275608810197998,0.00914044063928587,0.361029906576869
1986-06-30,0.366300775873724,0.102688453273241,0.357160335234438
1986-07-31,0.0913659268674545,0.0997228388453073,-0.0113225264057862
1986-08-31,0.0912825257359682,0.097512138385334,-0.00844031310933917
1986-09-30,0.364299127850123,0.167389418136023,0.266786989464789
1986-10-31,0.181653092639801,0.171125382830452,0.0142636745037773
1986-11-30,0.181323712418094,0.173796545809632,0.0101983295876428
1986-12-31,0.361664047018851,0.223003105561274,0.187867501209219
1987-01-31,0.540055318000029,0.306045933806397,0.317052212438755
1987-02-28,0.358423322781511,0.319764704235821,0.0523773889751141
1987-03-31,0.357143236759718,0.329554949926147,0.0373785325238969
1987-04-30,0.444642795713462,0.359698944624381,0.115087845787315
1987-05-31,0.265839766660988,0.335115196935353,-0.093859177963393
1987-06-30,0.441501820911669,0.362980153544512,0.106386623976317
1987-07-31,0.263968477077325,0.337046855114321,-0.0990116764671871
1987-08-31,0.438404910853445,0.363594720998177,0.101358055739124
1987-09-30,0.349345333456013,0.35986249836784,-0.0142493875421639
1987-10-31,0.261210422792496,0.334023387184818,-0.0986520755753442
1987-11-30,0.347222571074928,0.337480538776132,0.0131991838901099
1987-12-31,0.173160216427789,0.294441494194184,-0.164320322348342
1988-01-31,0.34542348680876,0.307794780152106,0.050981992614576
1988-02-29,0.172265331144616,0.272296687678585,-0.13552944900749
1988-03-31,0.257842858794431,0.268510917441315,-0.0144538288841547
1988-04-30,0.599060413715697,0.355088976097594,0.330549496274382
1988-05-31,0.255645644130139,0.329042617760665,-0.0994433319674545
1988-06-30,0.4246290881451,0.354078780674133,0.0955864703844359
1988-07-31,0.42283361095211,0.372087157016561,0.0687548302779776
1988-08-31,0.421053253634346,0.384912436234729,0.0489660966177844
1988-09-30,0.419287826003596,0.393916093917725,0.034375389768867
1988-10-31,0.334169066190326,0.37826705578751,-0.0597470277273995
1988-11-30,0.333056094716453,0.366425327744859,-0.045210961071057
1988-12-31,0.331950512285271,0.357395628324149,-0.0344748154595874
1989-01-31,0.413394553172833,0.372062957286628,0.0559989248486838
1989-02-28,0.329489589685248,0.360912071991289,-0.0425733676013794
1989-03-31,0.492207720542846,0.395301240602138,0.131295648551556
1989-04-30,0.733798645291279,0.483961028284428,0.338497404689141
1989-05-31,0.486224620803456,0.484553912097881,0.00226359251902802
1989-06-30,0.322841281211918,0.442197878281135,-0.161712630885963
1989-07-31,0.321802369420079,0.410663691886634,-0.120395508861056
1989-08-31,0,0.303101993548265,-0.410663691886634
1989-09-30,0.240674003056506,0.286750753314933,-0.0624279904917588
1989-10-31,0.479617226349301,0.33726665185177,0.192866473034368
1989-11-30,0.397931285148105,0.353156030716628,0.0606646332963356
1989-12-31,0.317208830614398,0.343740681929055,-0.0359472001022303
1990-01-31,0.945633524203544,0.501389428608672,0.601892842274489
1990-02-28,0.391389932113631,0.472578182586371,-0.10999949649504
1990-03-31,0.46765478839018,0.471288639215983,-0.00492339419619099
1990-04-30,0.233009814162283,0.408878263993617,-0.2382788250537
1990-05-31,0.155038790745499,0.342392218630196,-0.253839473248118
1990-06-30,0.617762582395715,0.414517669659479,0.275370363765519
1990-07-31,0.460830308619418,0.426647950956511,0.0463126389599396
1990-08-31,0.839379212846862,0.5347511905741,0.412731261890351
1990-09-30,0.681562653506004,0.573204286380912,0.146811462931904
1990-10-31,0.676948805524658,0.600377218619293,0.103744519143745
1990-11-30,0.224635062637402,0.501962225443102,-0.375742155981891
1990-12-31,0.373274042968392,0.468256008564111,-0.12868818247471
1991-01-31,0.371885887873698,0.443014590695117,-0.0963701206904137
1991-02-28,0.0742115061888493,0.346417090342264,-0.368803084506268
1991-03-31,0,0.255682965785335,-0.346417090342264
1991-04-30,0.222304648794645,0.246940463016948,-0.0333783169906897
1991-05-31,0.36941305401421,0.279018682123794,0.122472590997262
1991-06-30,0.294551022975697,0.283086937959916,0.0155323408519024
1991-07-31,0.146950797935998,0.247429939994182,-0.136136140023918
1991-08-31,0.293255342127772,0.259432603433657,0.0458254021335904
1991-09-30,0.292397869143528,0.268066919142551,0.0329652657098712
1991-10-31,0.145878946365987,0.236063247700378,-0.122187972776565
1991-11-30,0.436364328777349,0.288526430799599,0.200301081076971
1991-12-31,0.289855275401126,0.288874483926748,0.00132884460152713
1992-01-31,0.0723327337143248,0.232157518501812,-0.216541750212424
1992-02-29,0.216684808509029,0.228104881276751,-0.0154727099927822
1992-03-31,0.360101217359438,0.262677575098963,0.131996336082687
1992-04-30,0.215439939702645,0.250305017239333,-0.0472376353963183
1992-05-31,0.214976793649244,0.24105179178088,-0.0353282235900887
1992-06-30,0.285918708004516,0.252803407040677,0.0448669162236358
1992-07-31,0.285103543083908,0.261263510911583,0.0323001360432311
1992-08-31,0.213295495014159,0.248699650609871,-0.047968015897424
1992-09-30,0.212841513482613,0.239307629340743,-0.0358581371272576
1992-10-31,0.424328783786642,0.287768669344787,0.185021154445899
1992-11-30,0.28188884064202,0.286228615101611,-0.00587982870276668
1992-12-31,0.140646999275183,0.248097642837675,-0.145581615826428
1993-01-31,0.350754480967734,0.274985687905863,0.102656838130058
1993-02-28,0.209863665692098,0.257928822526892,-0.0651220222137645
1993-03-31,0.139664827172104,0.226952925597213,-0.118263995354788
1993-04-30,0.348311045282018,0.258739240575485,0.121358119684805
1993-05-31,0.277777956390215,0.263725891812671,0.01903871581473
1993-06-30,0.0693240928976708,0.212807858238123,-0.194401798915
1993-07-31,0.138504177266148,0.193346117947861,-0.074303680971975
1993-08-31,0.207397239912917,0.197026410537589,0.0140511219650566
1993-09-30,0.138026246895827,0.181572992256575,-0.0590001636417625
1993-10-31,0.412939334201111,0.242172838723548,0.231366341944536
1993-11-30,0.274348594575083,0.250600364733486,0.0321757558515357
1993-12-31,0.205268631774226,0.238727003922554,-0.0453317329592598
1994-01-31,0,0.176199240966025,-0.238727003922554
1994-02-28,0.273037712285733,0.2015633299893,0.0968384713197074
1994-03-31,0.272294245845588,0.220089285862289,0.0707309158562885
1994-04-30,0.06795786873839,0.180242779049638,-0.152131417123899
1994-05-31,0.203596948509876,0.186359740884965,0.0233541694602383
1994-06-30,0.270819393687956,0.208481549742288,0.0844596528029904
1994-07-31,0.3374961016526,0.242273249831683,0.129014551910312
1994-08-31,0.403497521217908,0.284501371738442,0.161224271386225
1994-09-30,0.201139859968564,0.262667189756517,-0.0833615117698785
1994-10-31,0.0669568153572223,0.211406411974785,-0.195710374399294
1994-11-30,0.267379838440221,0.226067062359485,0.0559734264654352
1994-12-31,0.200066755629697,0.219257019970964,-0.0260003067297882
1995-01-31,0.266134554951408,0.231535259747284,0.0468775349804441
1995-02-28,0.265428158487272,0.240412542599672,0.0338928987399883
1995-03-31,0.198609797162932,0.22946349990801,-0.0418027454367394
1995-04-30,0.396040121609714,0.273093518065664,0.166576621701704
1995-05-31,0.197433430371761,0.253276505533101,-0.0756600876939037
1995-06-30,0.197044398729874,0.238548101175967,-0.0562321068032271
1995-07-31,0.131147559781066,0.210417577676741,-0.107400541394902
1995-08-31,0.196399408466002,0.206745916125717,-0.014018169210739
1995-09-30,0.130718972862142,0.186832816189036,-0.0760269432635747
1995-10-31,0.260926436361385,0.206239537014933,0.0740936201723483
1995-11-30,0.13020835172982,0.18632532600111,-0.0760311852851125
1995-12-31,0.130039030028356,0.171582728329054,-0.0562862959727543
1996-01-31,0.518471673418689,0.262440441844537,0.346888945089635
1996-02-29,0.193735934022618,0.244445246041185,-0.0687045078219198
1996-03-31,0.322061470004216,0.264774612948984,0.0776162239630304
1996-04-30,0.385109590209747,0.296292944808841,0.120334977260763
1996-05-31,0.192000058982443,0.268976383482076,-0.104292885826398
1996-06-30,0.191632125076428,0.248718250232911,-0.0773442584056479
1996-07-31,0.191265598633299,0.233670158808742,-0.0574526515996126
1996-08-31,0.127307464679811,0.205811469943912,-0.106362694128931
1996-09-30,0.31756139738866,0.235081191671502,0.111749927444748
1996-10-31,0.316556136456071,0.256421240977522,0.0814749447845691
1996-11-30,0.315557219880985,0.271910232211533,0.0591359789034624
1996-12-31,0.251730781137789,0.266624797750414,-0.0201794510737433
1997-01-31,0.188383101237354,0.246131606060745,-0.0782416965130595
1997-02-28,0.188028886485191,0.230913247780973,-0.0581027195755543
1997-03-31,0.0625978111207621,0.18682779639723,-0.168315436660211
1997-04-30,0.0625586507734168,0.15427902079706,-0.124269145623814
1997-05-31,0,0.113870010157051,-0.15427902079706
1997-06-30,0.187441479435013,0.133139968376224,0.0735714692779617
1997-07-31,0.124766079815528,0.130946665941459,-0.00837388856069643
1997-08-31,0.249066131245183,0.161884707326417,0.118119465303724
1997-09-30,0.248447332766174,0.184557330177864,0.086562625439757
1997-10-31,0.185931259018341,0.184917191841794,0.00137392884047734
1997-11-30,0.123762392034986,0.168899427771774,-0.0611547998068081
1997-12-31,0.0618238041330275,0.140854007256724,-0.107075623638747
1998-01-31,0.123533060799259,0.136317276947712,-0.0173209464574656
1998-02-28,0,0.100612835305948,-0.136317276947712
1998-03-31,0,0.0742601587631825,-0.100612835305948
1998-04-30,0.123380644892834,0.0871258759319898,0.0491204861296519
1998-05-31,0.246305543239781,0.128818471831822,0.159179667307792
1998-06-30,0.122925645472991,0.127275013221549,-0.00589282635883079
1998-07-31,0.245398896156657,0.158214211679664,0.118123882935108
1998-08-31,0.122473989589587,0.148853074907776,-0.0357402220900772
1998-09-30,0.0611807911405493,0.125889808552567,-0.087672283767227
1998-10-31,0.244349541247585,0.156916973322962,0.118459732695017
1998-11-30,0.121951234626119,0.147758690493989,-0.034965738696843
1998-12-31,0.18264845260345,0.156897073412319,0.0348897621094614
1999-01-31,0.182315456151496,0.163554697328084,0.0254183827391763
1999-02-28,0,0.120716186489675,-0.163554697328084
1999-03-31,0.0606980291776736,0.104996133660168,-0.0600181573120012
1999-04-30,0.66525797210274,0.251740820487012,0.560261838442572
1999-05-31,0.0602591160144292,0.201587622771441,-0.191481704472583
1999-06-30,0,0.148787466590903,-0.201587622771441
1999-07-31,0.420800140020505,0.220033465937066,0.272012673429602
1999-08-31,0.239664584459967,0.22517528024966,0.0196311185229011
1999-09-30,0.418035843175781,0.275689630801386,0.192860562926122
1999-10-31,0.178624638146406,0.250266210943628,-0.0970649926549793
1999-11-30,0.178306139365652,0.231418312616121,-0.0719600715779755
1999-12-31,0.23724803536304,0.232945243026306,0.00582972274691813
2000-01-31,0.295770697723299,0.249400587727084,0.0628254546969932
2000-02-29,0.412614791117199,0.292149915842585,0.163214203390114
2000-03-31,0.586511945239806,0.369249694649021,0.294362029397221
2000-04-30,-0.0584966381114565,0.25721368338551,-0.427746332760478
2000-05-31,0.175387358609642,0.235781600063888,-0.0818263247758678
2000-06-30,0.582412828598871,0.326571812042576,0.346631228534984
2000-07-31,0.289939315900258,0.316976969407865,-0.036632496142318
2000-08-31,0,0.233953848939082,-0.316976969407865
2000-09-30,0.519781707361692,0.308818343881678,0.285827858422609
2000-10-31,0.172661913398772,0.273156031406111,-0.136156430482906
2000-11-30,0.172364305816504,0.246756499630933,-0.100791725589607
2000-12-31,0.229357898709936,0.242199429939243,-0.0173986009209965
2001-01-31,0.571103779551443,0.328346589121095,0.3289043496122
2001-02-28,0.227531383713561,0.301940907474033,-0.100815205407535
2001-03-31,0.0568020464008601,0.237733740522826,-0.245138861073173
2001-04-30,0.170212807053058,0.220048548427964,-0.0675209334697678
2001-05-31,0.508906950747123,0.295706808329192,0.288858402319158
2001-06-30,0.225352208044325,0.277279417639278,-0.0703546002848665
2001-07-31,-0.168966528512638,0.16039795771717,-0.446245946151916
2001-08-31,0,0.118386265222993,-0.16039795771717
2001-09-30,0.393812042013674,0.190526230121444,0.27542577679068
2001-10-31,-0.281135973754626,0.0669877028709437,-0.47166220387607
2001-11-30,-0.0563221642599225,0.0346901830450711,-0.123309867130866
2001-12-31,-0.0563539039991348,0.0108437685223953,-0.0910440870442059
2002-01-31,0.168966528512645,0.0522595375482987,0.15812275999025
2002-02-28,0.168681513147957,0.0827529696846471,0.116421975599658
2002-03-31,0.280505092760868,0.134548525581925,0.197752123076221
2002-04-30,0.447177939139341,0.21643292719113,0.312629413557416
2002-05-31,0.111482731724636,0.188944202260375,-0.104950195466494
2002-06-30,0.0556947939765567,0.15404330174067,-0.133249408283819
2002-07-31,0.222469502211111,0.171965602832421,0.0684262004704408
2002-08-31,0.277392688272522,0.199579235556329,0.105427085440101
2002-09-30,0.166067018514054,0.190801661469876,-0.0335122170422751
2002-10-31,0.220994565080267,0.198709835613981,0.0301929036103906
2002-11-30,0.165426009602647,0.189992082075725,-0.0332838260113338
2002-12-31,0.165152803847316,0.183486138149997,-0.0248392782284089
2003-01-31,0.439078641748954,0.250431340058056,0.255592503598957
2003-02-28,0.546151002552194,0.327886712320913,0.295719662494139
2003-03-31,0.163265342388531,0.284768816868875,-0.164621369932382
2003-04-30,-0.381367937024563,0.110293200957435,-0.666136753893438
2003-05-31,-0.163889684320984,0.0384787762139829,-0.274182885278419
2003-06-30,0.109289628364505,0.0570256691304374,0.0708108521505219
2003-07-31,0.327154054061495,0.127778132585634,0.270128384931057
2003-08-31,0.434547125950186,0.208127563459966,0.306768993364552
2003-09-30,0.324675609886987,0.23865401627131,0.116548046427021
2003-10-31,-0.10810811863726,0.147829517083539,-0.346762134908569
2003-11-30,0.0540686685245678,0.123271523991144,-0.0937608485589716
2003-12-31,0.269905696916498,0.161678183712713,0.146634172925355
2004-01-31,0.430339556005297,0.232046404845066,0.268661372292584
2004-02-29,0.214477294013395,0.22744467492181,-0.0175691108316715
2004-03-31,0.214018273236705,0.223928010078155,-0.0134264016851047
2004-04-30,0.160213652427785,0.207239842478221,-0.0637143576503701
2004-05-31,0.425985734695729,0.264534120341851,0.218745892217508
2004-06-30,0.371254735618464,0.292486556492542,0.106720615276613
2004-07-31,0.10582011569479,0.243594580426327,-0.186666440797751
2004-08-31,0.0528680953366157,0.193639190992921,-0.190726485089711
2004-09-30,0.316622955804973,0.22585129757205,0.122983764812052
2004-10-31,0.52548728383586,0.304332439690464,0.299635986263809
2004-11-30,0.470589103741249,0.347878654022728,0.166256664050785
2004-12-31,0,0.25676171434285,-0.347878654022728
2005-01-31,-0.0521784514838575,0.17584360646583,-0.308940165826707
2005-02-28,0.416667269484591,0.238920529763728,0.240823663018761
2005-03-31,0.363165120286255,0.271462873852057,0.124244590522526
2005-04-30,0.310238097848135,0.281618943231622,0.0387752239960784
2005-05-31,-0.0516395570473542,0.194331337865234,-0.333258500278976
2005-06-30,0.0516395570473425,0.156957275860415,-0.142691780817891
2005-07-31,0.617603610056504,0.277610508708556,0.460646334196089
2005-08-31,0.613812668878548,0.36566912223433,0.336202160169992
2005-09-30,1.36745610201731,0.628058788152175,1.00178697978298
2005-10-31,0.150791684767693,0.503052216557722,-0.477267103384482
2005-11-30,-0.503525736564532,0.239407691154495,-1.00657795312225
2005-12-31,0,0.176701641497312,-0.239407691154495
2006-01-31,0.603927351424396,0.288601290386307,0.427225709927083
2006-02-28,0.0501630308988948,0.226149155839212,-0.238438259487412
2006-03-31,0.150338289403147,0.20629265109465,-0.0758108664360654
2006-04-30,0.499501538052293,0.283090396968354,0.293208886957643
2006-05-31,0.29850768434535,0.287128517812254,0.0154172873769959
2006-06-30,0.248077527376284,0.276900219240761,-0.0390509904359696
2006-07-31,0.543613891226043,0.346758295558642,0.266713671985282
2006-08-31,0.442587395685537,0.371858008446657,0.095829100126895
2006-09-30,-0.491884907159638,0.145625067074292,-0.863742915606294
2006-10-31,-0.444774639823636,-0.00901337899984278,-0.590399706897929
2006-11-30,0.0495172082412947,0.0063170470708817,0.0585305872411374
2006-12-31,0.543077118513424,0.14690611307607,0.536760071442543
2007-01-31,0.165790605623282,0.151852369905605,0.018884492547212
2007-02-28,0.387084913353977,0.213464858123204,0.235232543448372
2007-03-31,0.518664749319959,0.293403307220064,0.305199891196755
2007-04-30,0.299616948199804,0.295030794114694,0.00621364097973939
2007-05-31,0.412447665692438,0.325784811014651,0.117416871577745
2007-06-30,0.231407217945868,0.301065279202795,-0.0943775930687831
2007-07-31,0.17790124666807,0.2688059566102,-0.123164032534726
2007-08-31,0.0308233200119067,0.206473159547094,-0.237982636598293
2007-09-30,0.422860024543791,0.263149557185835,0.216386864996697
2007-10-31,0.307849440109927,0.274857422813675,0.0446998829240922
2007-11-30,0.782816408287319,0.407902861802381,0.507958985473644
2007-12-31,0.289382340294913,0.376859775127917,-0.118520521507468
2008-01-31,0.344177536717322,0.368299590386984,-0.0326822384105948
2008-02-29,0.241490863745426,0.335085643619425,-0.126808726641558
2008-03-31,0.35716418927453,0.340868492004667,0.0220785456551049
2008-04-30,0.231170696550774,0.312136268007,-0.109697795453893
2008-05-31,0.590005206812385,0.384916149851627,0.277868938805385
2008-06-30,1.04237187971659,0.557118017909855,0.657455729864959
2008-07-31,0.711606539350435,0.597581901297236,0.15448852144058
2008-08-31,-0.14895846082945,0.402046842281952,-0.746540362126686
2008-09-30,0.085472629967306,0.319129212602398,-0.316574212314646
2008-10-31,-0.863561639955841,0.0093569117544926,-1.18269085255824
2008-11-30,-1.78640940928178,-0.460993107313733,-1.79576632103627
2008-12-31,-0.826760505408187,-0.55679549577204,-0.365767398094454
2009-01-31,0.252757433226704,-0.344756083332472,0.809552928998744
2009-02-28,0.363604223144496,-0.159221206240918,0.708360306476967
2009-03-31,-0.0987770541272834,-0.143389576164013,0.060444152113635
2009-04-30,0.100657575219725,-0.079468351580267,0.244047151383738
2009-05-31,0.147041233264702,-0.0201405947875641,0.226509584844969
2009-06-30,0.826535985544161,0.20162230444859,0.846676580331725
2009-07-31,-0.02980098551563,0.141007542064201,-0.23142328996422
2009-08-31,0.334285979088001,0.191631342875412,0.1932784370238
2009-09-30,0.192902546683542,0.191964298632734,0.00127120380813042
2009-10-31,0.299743499858556,0.220194001327275,0.107779201225822
2009-11-30,0.334299654493074,0.250080738545598,0.114105653165799
2009-12-31,0.0520041154798126,0.198200189086245,-0.198076623065785
2010-01-31,0.0648521875846261,0.163273464871481,-0.133348001501619
2010-02-28,-0.0952229876745122,0.095567655958707,-0.258496452545993
2010-03-31,0.0331313245897032,0.0792142310693181,-0.0624363313690039
2010-04-30,0.0230014077875574,0.0644908774833139,-0.0562128232817607
2010-05-31,-0.0519907164575225,0.0339818300146243,-0.116481593940836
2010-06-30,-0.0418882877727994,0.014109806060288,-0.0758701177874238
2010-07-31,0.186750866135878,0.0593282317247439,0.17264106007559
2010-08-31,0.146029672723863,0.0820372133720029,0.0867014409991195
2010-09-30,0.161394631065768,0.102822636557759,0.0793574176937646
2010-10-31,0.347579870179525,0.166929847029693,0.244757233621766
2010-11-30,0.25306368592335,0.189490161415516,0.0861338388936563
2010-12-31,0.400853143884972,0.244850695617682,0.211362982469455
2011-01-31,0.323779488080533,0.265523852589749,0.0789287924628517
2011-02-28,0.320931925142539,0.280036424563311,0.0554080725527901
2011-03-31,0.516021138565742,0.341845922508902,0.235984714002431
2011-04-30,0.468311604905534,0.374970018573031,0.126465682396632
2011-05-31,0.317666379111992,0.359960956649191,-0.0573036394610389
2011-06-30,0,0.265679400724887,-0.359960956649191
2011-07-31,0.261661051866331,0.264626908293046,-0.00401834885855618
2011-08-31,0.314949728891124,0.277807542850339,0.0503228205980776
2011-09-30,0.216919345588302,0.261859607750018,-0.0608881972620373
2011-10-31,0.0674979676975331,0.210952092649688,-0.194361640052485
2011-11-30,0.184614488049531,0.204053704657454,-0.0263376046001565
2011-12-31,0.023768024196813,0.15683298765823,-0.180285680460641
2012-01-31,0.2720492157262,0.187010608451044,0.115216228067969
2012-02-29,0.213516503686789,0.193953075398725,0.0265058952357456
2012-03-31,0.209128213139859,0.197927772018376,0.0151751377411335
2012-04-30,0.165941076607439,0.189549765024803,-0.0319866954109365
2012-05-31,-0.207032177028252,0.0856763813770202,-0.396581942053056
2012-06-30,-0.0826704797574008,0.0415826992441702,-0.168346861134421
2012-07-31,0.0288768230500999,0.0382547556024213,-0.0127058761940704
2012-08-31,0.579271774312319,0.179958808120563,0.541017018709898
2012-09-30,0.475991986345833,0.257496296930763,0.296033178225269
2012-10-31,0.269316475439969,0.260592257202468,0.0118201785092061
2012-11-30,-0.16807561740778,0.148314874207271,-0.428667874610248
2012-12-31,-0.012108893564643,0.106296421501813,-0.160423767771914
2013-01-31,0.197882976647983,0.13028492014708,0.09158655514617
2013-02-28,0.54152378489554,0.237997268691636,0.41123886474846
2013-03-31,-0.28158799739521,0.101906655481733,-0.519585266086846
2013-04-30,-0.209016213434109,0.0204692348050149,-0.310922868915843
2013-05-31,0.0414069750788846,0.025953281599799,0.0209377402738697
2013-06-30,0.237757952195449,0.0814295034703121,0.21180467059565
2013-07-31,0.19555389871961,0.111321149645457,0.114124395249298
2013-08-31,0.238444563137112,0.144617519701731,0.127123413491656
2013-09-30,0.0376873666131084,0.116610201068436,-0.106930153088622
2013-10-31,0.0535087863490593,0.10008257647229,-0.0631014147193772
2013-11-30,0.184279044557705,0.122135451562741,0.0841964680854152
2013-12-31,0.264067949336634,0.1593106409247,0.141932497773893
2014-01-31,0.242124171757434,0.181001294853328,0.0828135308327346
2014-02-28,0.110017320770149,0.162409057560285,-0.0709839740831791
2014-03-31,0.20399731402487,0.173301920953471,0.0415882564645855
2014-04-30,0.186245016756287,0.176691997538793,0.0129430958028161
2014-05-31,0.190119748174084,0.180209015701662,0.0134277506352906
2014-06-30,0.132026027879645,0.167588849605791,-0.0481829878220169
2014-07-31,0.11248524027508,0.153156023131758,-0.0551036093307103
2014-08-31,-0.0160014148960815,0.108850033388052,-0.16915743802784
2014-09-30,0.00715884422871254,0.0822149126600028,-0.101691189159339
2014-10-31,-0.019793349078222,0.0554967437692959,-0.102008261738225
2014-11-30,-0.188443458454227,-0.0083964685174398,-0.243940202223523
2014-12-31,-0.308937665812407,-0.0871147049731172,-0.300541197294967
2015-01-31,-0.639069349248721,-0.231683558068665,-0.551954644275604
2015-02-28,0.25314368884978,-0.104696821452905,0.484827246918445
2015-03-31,0.269032959658189,-0.00680891275745299,0.373729781111094
2015-04-30,0.104193589238169,0.0222650420877036,0.111002501995622
2015-05-31,0.329231970405322,0.102666316405059,0.306966928317618
2015-06-30,0.276409717171535,0.148173468926069,0.173743400766475
2015-07-31,0.158506290399428,0.150879858237468,0.010332821473359
2015-08-31,-0.00042010893424706,0.111251126140982,-0.151299967171715
2015-09-30,-0.225011713527241,0.0231766193428954,-0.336262839668224
2015-10-31,0.0988992802046146,0.0430100211407716,0.0757226608617192
2015-11-30,0.119390450335114,0.0630157066841261,0.0763804291943422
2015-12-31,-0.107613224951675,0.0183243009548006,-0.170628931635801
2016-01-31,-0.0458548680452309,0.00151438921443117,-0.0641791690000315
2016-02-29,-0.133056012623585,-0.0337325080734098,-0.134570401838016
2016-03-31,0.312989300892757,0.0570814288783078,0.346721808966166
2016-04-30,0.382332692320941,0.142271765822553,0.325251263442633
2016-05-31,0.236130579115447,0.166855417996494,0.0938588132928949
2016-06-30,0.277211143403518,0.195759968071544,0.110355725407024
2016-07-31,-0.0503827643313248,0.13128986551812,-0.246142732402869
2016-08-31,0.184751408018531,0.145292599192273,0.0534615425004112
2016-09-30,0.261977518476903,0.175854901963844,0.11668491928463
2016-10-31,0.233994768375502,0.191082989803005,0.0581398664116582
2016-11-30,0.117825330364267,0.171895225164441,-0.0732576594387376
2016-12-31,0.25213409056822,0.192911518559954,0.0802388654037793
2017-01-31,0.403492542365863,0.248067240884315,0.210581023805908
2017-02-28,0.159139042329715,0.224775023296827,-0.0889281985546003
2017-03-31,-0.0467310798874369,0.15366170564859,-0.271506103184264
2017-04-30,0.12333918811607,0.145719582816379,-0.0303225175325206
2017-05-31,-0.0774277635635793,0.0872724689601231,-0.223147346379959
2017-06-30,0.0651416444055215,0.0814759276009748,-0.0221308245546017
2017-07-31,0.0327596306005545,0.068716076302584,-0.0487162970004203
2017-08-31,0.384123914878778,0.151328207486207,0.315407838576194
2017-09-30,0.50933965261075,0.245099144199064,0.358011445124543
2017-10-31,0.0774752047125274,0.201194810873397,-0.167623939486536
2017-11-30,0.266445461431939,0.21828536679646,0.0652506505585427
2017-12-31,0.210467286617377,0.216237642591906,-0.0078180801790833
2018-01-31,0.424432446182793,0.270768362258355,0.208194803590887
2018-02-28,0.268866988617724,0.270270351399342,-0.00190137364063148
2018-03-31,0.0192343911505819,0.204518606694787,-0.25103596024876
2018-04-30,0.260102106607496,0.219077126886175,0.055583499912709
2018-05-31,0.225540444376669,0.220770009456299,0.00646331749049422
2018-06-30,0.0900739384548263,0.186537883167055,-0.130696071001473
2018-07-31,0.0780515817193432,0.158122975638815,-0.108486301447712
2018-08-31,0.178572541323174,0.163479158955598,0.0204495656843586
2018-09-30,0.206015811832543,0.174620427870935,0.0425366528769451
2018-10-31,0.233684758806576,0.190090652953338,0.0590643309356412
2018-11-30,-0.070443997958246,0.121850995828305,-0.260534650911584
2018-12-31,0.0684659112032425,0.107868288124517,-0.0533850846250628
2019-01-31,-0.0193873211483932,0.0745372931354186,-0.12725560927291
2019-02-28,0.238716420372753,0.117539355665538,0.164179127237335
2019-03-31,0.346781977557687,0.177582953941733,0.229242621892149
2019-04-30,0.396142744496761,0.234828487756947,0.218559790555028
2019-05-31,0.0309499885918355,0.181428301526383,-0.203878499165112
2019-06-30,-0.0513273619405661,0.120464561719334,-0.23275566346695
2019-07-31,0.20593378248215,0.142850798249452,0.085469220762816
2019-08-31,0.146166859440201,0.143719346359542,0.0033160611907492
2019-09-30,0.176366200582288,0.152270263216767,0.0326468542227456
2019-10-31,0.285350214545616,0.187126779296767,0.133079951328849
2019-11-30,0.217067653823041,0.194968941575557,0.0299408745262745
2019-12-31,0.314860867495402,0.226371228711661,0.119891925919845
2020-01-31,0.162657259910147,0.209683162959648,-0.0637139688015136
2020-02-29,0.0814223879360176,0.176088893331483,-0.12826077502363
2020-03-31,-0.434504290286166,0.0161613391763514,-0.610593183617649
2020-04-30,-0.790333469594923,-0.195077085467393,-0.806494808771275
2020-05-31,-0.087506842055586,-0.166902113341443,0.107570243411807
2020-06-30,0.435992220396961,-0.00899105439790238,0.602894333738403
2020-07-31,0.501491549088819,0.124715374702194,0.510482603486722
2020-08-31,0.437715234038979,0.206696804069047,0.312999859336785
2020-09-30,0.237948672258871,0.214882343928442,0.031251868189824
2020-10-31,0.0987863201714142,0.184474285625872,-0.116096023757028
2020-11-30,0.20226489771343,0.1891340315163,0.0177906120875584
2020-12-31,0.467440718933974,0.262028569185421,0.278306687417674
2021-01-31,0.234426477466776,0.254798984682079,-0.0276020917186452
2021-02-28,0.375460265351326,0.28640278245841,0.120661280669247
2021-03-31,0.482829496014639,0.337851184950649,0.196426713556228
2021-04-30,0.66066939080631,0.422404251516771,0.322818205855661
2021-05-31,0.663038716628331,0.485431619792829,0.24063446511156
2021-06-30,0.784786301761588,0.563839082235335,0.299354681968759
2021-07-31,0.444385350800536,0.532551567707439,-0.119453731434799
2021-08-31,0.406144868048061,0.499442920497244,-0.126406699659378
2021-09-30,0.42347996539939,0.479546580444416,-0.0759629550978534
2021-10-31,0.90600928527274,0.591246381803948,0.426462704828324
2021-11-30,0.788501887126668,0.642911862776057,0.197255505322721
2021-12-31,0.777705055230722,0.678217113742526,0.134793192454665
2022-01-31,0.607647844937514,0.659733496726636,-0.0705692688050121
2022-02-28,0.709089039914644,0.672660780420322,0.0493555431880082
2022-03-31,1.00056421173209,0.758545777462158,0.327903431311773
2022-04-30,0.39542964613097,0.663437813082334,-0.363116131331188
2022-05-31,0.916404489379113,0.729695254056701,0.252966676296778
2022-06-30,1.1809091561474,0.847877929032887,0.451213902090704
2022-07-31,-0.0339353467037596,0.616911969710294,-0.881813275736646
2022-08-31,0.234597055121126,0.516775428969674,-0.382314914589168
2022-09-30,0.411923016688545,0.489312315568973,-0.104852412281128
2022-10-31,0.487111703491917,0.488735927694738,-0.00220061207705621
2022-11-30,0.204832576624597,0.414375502830373,-0.283903351070141
2022-12-31,0.131194085632735,0.340204168053466,-0.283181417197639
2023-01-31,0.515741911721157,0.386181297769123,0.175537743667691
2023-02-28,0.369322753167324,0.381765680501981,-0.0168585446017987
2023-03-31,0.0530278939141411,0.295662147776849,-0.32873778658784
2023-04-30,0.367108821718253,0.314375576165075,0.0714466739414038
2023-05-31,0.124049028464034,0.264524938979322,-0.190326547701041
